player_id,first_name,last_name,position,team_abbr,price,round,plays,opponent_abbr,home_away,turn,opp_factor,p_win,proj_r,weight
3766,Sasha,Vezenkov,Forward,OLY,17.0,1,True,KBA,away,1,1.0255635195978292,0.6384765448775318,18.187077253623983,1.0
3765,Mike,James,Guard,EFS,16.0,1,True,BAR,away,1,0.9713488831066465,0.3927596216582184,13.892633633084069,1.0
3770,Chima,Moneke,Forward,CZV,15.5,1,True,ZAL,home,1,0.9744801011921955,0.6373756732862847,16.350994857284235,1.0
3903,Elijah,Bryant,Guard,HTA,15.5,1,True,BAY,home,1,0.9974756531960829,0.7693323947529245,15.985117960276506,1.0
11549,Jonas,Valanciunas,Center,ZAL,15.5,1,True,CZV,away,1,0.9891896493697208,0.3626243267137152,10.555658743911914,1.0
3782,Nikola,Milutinov,Center,OLY,15.3,1,True,KBA,away,1,1.0255635195978292,0.6384765448775318,16.25903366243737,1.0
3795,TJ,Shorts,Guard,VBC,14.9,1,True,BJK,away,2,1.0,0.43920214640793864,10.15173713199008,1.0
3812,Jaylen,Hoard,Forward,MTA,14.8,1,True,ASV,away,1,1.0169927670426289,0.5260745044859986,14.992609488973907,1.0
3834,Nadir,Hifi,Guard,PBB,14.8,1,True,PAO,away,1,1.001926866949797,0.38813790073628573,15.618473111483112,1.0
3887,Sylvain,Francisco,Guard,PAO,14.8,1,True,PBB,home,1,1.0676155355869732,0.6118620992637143,20.011228864852917,1.0
3769,Walter,Tavares,Center,RMB,14.7,1,True,DUB,away,1,1.0622923492427345,0.418583649662316,12.891351035643776,1.0
3805,Kendrick,Nunn,Guard,PAO,14.6,1,True,PBB,home,1,1.0676155355869732,0.6118620992637143,0.0,1.0
4233,Mfiondu,Kabengele,Center,DUB,14.6,1,True,RMB,home,1,0.9778469133118989,0.581416350337684,14.976169310466199,1.0
11487,Dario,Saric,Forward,EFS,14.5,1,True,BAR,away,1,0.9713488831066465,0.3927596216582184,8.851728841508512,1.0
3768,Mathias,Lessort,Center,PAO,14.4,1,True,PBB,home,1,1.0676155355869732,0.6118620992637143,6.753481398338442,1.0
3771,Wade,Baldwin,Guard,FBT,14.3,1,True,VIR,home,2,1.0200115787022004,0.7137416193840752,15.600037519134363,1.0
11526,Guerschon,Yabusele,Forward,PAO,14.3,1,True,PBB,home,1,1.0676155355869732,0.6118620992637143,11.312814094178938,1.0
3857,Dan,Oturu,Center,HTA,14.2,1,True,BAY,home,1,0.9974756531960829,0.7693323947529245,15.486852091640403,1.0
3843,Moses,Wright,Center,MIL,14.0,1,True,PAR,away,2,1.0144890730469769,0.4288536922730516,15.957783832919192,1.0
3774,Tornike,Shengelia,Forward,DUB,13.8,1,True,RMB,home,1,0.9778469133118989,0.581416350337684,12.26569669823225,1.0
3772,Facundo,Campazzo,Guard,RMB,13.7,1,True,DUB,away,1,1.0622923492427345,0.418583649662316,13.311783900567352,1.0
3791,Carlik,Jones,Guard,PAR,13.6,1,True,MIL,home,2,0.9928592717031777,0.5711463077269484,10.42272378695278,1.0
3794,Kevin,Punter,Guard,BAR,13.6,1,True,EFS,home,1,0.9921276802747302,0.6072403783417816,12.937351821405223,1.0
3767,Shane,Larkin,Guard,FBT,13.5,1,True,VIR,home,2,1.0200115787022004,0.7137416193840752,8.126422485033832,1.0
4096,Mckinley,Wright,Guard,DUB,13.5,1,True,RMB,home,1,0.9778469133118989,0.581416350337684,13.809536427460245,1.0
3787,Nigel,Hayes-davis,Forward,PAO,13.4,1,True,PBB,home,1,1.0676155355869732,0.6118620992637143,0.0,1.0
3910,Roman,Sorkin,Center,MTA,13.4,1,True,ASV,away,1,1.0169927670426289,0.5260745044859986,11.379226660510689,1.0
3790,Dzanan,Musa,Guard,DUB,13.3,1,True,RMB,home,1,0.9778469133118989,0.581416350337684,8.822948763781758,1.0
3799,Zach,Leday,Forward,HTA,13.3,1,True,BAY,home,1,0.9974756531960829,0.7693323947529245,11.980684148510274,1.0
3793,Jordan,Nwora,Forward,CZV,13.0,1,True,ZAL,home,1,0.9744801011921955,0.6373756732862847,13.338201483523212,1.0
3864,Timothé,Luwawu-Cabarrot,Forward,RMB,12.8,1,True,DUB,away,1,1.0622923492427345,0.418583649662316,13.32580617727589,1.0
4252,Jean,Montero,Guard,OLY,12.8,1,True,KBA,away,1,1.0255635195978292,0.6384765448775318,14.542029099036258,1.0
3926,Filip,Petrusev,Forward,DUB,12.7,1,True,RMB,home,1,0.9778469133118989,0.581416350337684,13.3997980851932,1.0
7201,Dwayne,Bacon,Forward,DUB,12.7,1,True,RMB,home,1,0.9778469133118989,0.581416350337684,10.6654331642387,1.0
8567,Talen,Horton-Tucker,Guard,FBT,12.7,1,True,VIR,home,2,1.0200115787022004,0.7137416193840752,14.094969274790541,1.0
3874,Tyler,Dorsey,Guard,OLY,12.6,1,True,KBA,away,1,1.0255635195978292,0.6384765448775318,10.861300748610391,1.0
3785,Josh,Nebo,Center,BAR,12.5,1,True,EFS,home,1,0.9921276802747302,0.6072403783417816,11.467265597418349,1.0
11507,Amir,Coffey,Forward,HTA,12.5,1,True,BAY,home,1,0.9974756531960829,0.7693323947529245,8.256542455378861,1.0
3775,Shavon,Shields,Forward,FBT,12.4,1,True,VIR,home,2,1.0200115787022004,0.7137416193840752,11.648929938691976,1.0
3777,Will,Clyburn,Forward,FBT,12.4,1,True,VIR,home,2,1.0200115787022004,0.7137416193840752,12.147638725633321,1.0
7218,Kameron,Taylor,Forward,VBC,12.4,1,True,BJK,away,2,1.0,0.43920214640793864,11.100267918622542,1.0
11514,Patty,Mills,Guard,ASV,12.3,1,True,MTA,home,1,1.0330138352168343,0.47392549551400137,13.225910338883372,1.0
3807,Elie,Okobo,Guard,DUB,12.2,1,True,RMB,home,1,0.9778469133118989,0.581416350337684,11.158784235020086,1.0
4882,Daniel,Theis,Center,MTA,12.2,1,True,ASV,away,1,1.0169927670426289,0.5260745044859986,9.663302593416326,1.0
7202,Justin,Robinson,Guard,BAR,12.2,1,True,EFS,home,1,0.9921276802747302,0.6072403783417816,14.1345261236846,1.0
4247,Chris,Jones,Guard,CZV,12.1,1,True,ZAL,home,1,0.9744801011921955,0.6373756732862847,11.068172331616369,1.0
3870,Tyrique,Jones,Center,OLY,12.0,1,True,KBA,away,1,1.0255635195978292,0.6384765448775318,9.441857633521025,1.0
3898,Ante,Zizic,Center,BJK,12.0,1,True,VBC,home,2,1.0147146376788245,0.5607978535920614,9.98546438521764,1.0
7193,Vasilije,Micic,Guard,HTA,12.0,1,True,BAY,home,1,0.9974756531960829,0.7693323947529245,11.568366788809062,1.0
3820,Alec,Peters,Forward,MIL,11.7,1,True,PAR,away,2,1.0144890730469769,0.4288536922730516,7.453719394240917,1.0
3934,Isaac,Bonga,Forward,PAO,11.5,1,True,PBB,home,1,1.0676155355869732,0.6118620992637143,14.235831429851006,1.0
11527,Tj,Warren,Forward,PBB,11.5,1,True,PAO,away,1,1.001926866949797,0.38813790073628573,9.211437546353205,1.0
3825,Juancho,Hernangomez,Forward,PAO,11.4,1,True,PBB,home,1,1.0676155355869732,0.6118620992637143,12.574161918464961,1.0
3899,Carsen,Edwards,Guard,ZAL,11.4,1,True,CZV,away,1,0.9891896493697208,0.3626243267137152,9.460480806843744,1.0
3810,Bonzie,Colson,Forward,MTA,11.3,1,True,ASV,away,1,1.0169927670426289,0.5260745044859986,8.793552266725786,1.0
4712,Marcus,Bingham,Center,FBT,11.3,1,True,VIR,home,2,1.0200115787022004,0.7137416193840752,4.333724504416243,1.0
11503,Marjon,Beauchamp,Forward,BAY,11.3,1,True,HTA,away,1,1.034263777814163,0.23066760524707547,9.546157274568563,1.0
7221,Azuolas,Tubelis,Forward,ZAL,11.1,1,True,CZV,away,1,0.9891896493697208,0.3626243267137152,11.532604062252112,1.0
11528,Tyson,Etienne,Guard,PBB,11.1,1,True,PAO,away,1,1.001926866949797,0.38813790073628573,8.459425160567411,1.0
3808,Codi,Miller-Mcintyre,Guard,OLY,11.0,1,True,KBA,away,1,1.0255635195978292,0.6384765448775318,12.785268617302055,1.0
4164,Johnathan,Motley,Center,CZV,11.0,1,True,ZAL,home,1,0.9744801011921955,0.6373756732862847,6.92394737382436,1.0
7269,Austin,Wiley,Center,BAY,11.0,1,True,HTA,away,1,1.034263777814163,0.23066760524707547,7.170304997823587,1.0
11543,Rasheed,Bello,Guard,VIR,11.0,1,True,FBT,away,2,0.9720856249749656,0.2862583806159248,10.950018378198257,1.0
3821,Donta,Hall,Center,OLY,10.9,1,True,KBA,away,1,1.0255635195978292,0.6384765448775318,8.428968892408674,1.0
11522,Keaton,Wallace,Guard,MTA,10.8,1,True,ASV,away,1,1.0169927670426289,0.5260745044859986,6.613007081115544,1.0
3779,Kostas,Sloukas,Guard,PAO,10.7,1,True,PBB,home,1,1.0676155355869732,0.6118620992637143,11.58756370483296,1.0
7258,Daron,Russell,Guard,EFS,10.7,1,True,BAR,away,1,0.9713488831066465,0.3927596216582184,6.995283762424527,1.0
3815,Trent,Forrest,Guard,FBT,10.6,1,True,VIR,home,2,1.0200115787022004,0.7137416193840752,10.686116030205886,1.0
3888,Sterling,Brown,Guard,ZAL,10.6,1,True,CZV,away,1,0.9891896493697208,0.3626243267137152,9.321394151232596,1.0
11494,Patrick,Baldwin Jr,Center,CZV,10.6,1,True,ZAL,home,1,0.9744801011921955,0.6373756732862847,7.648440348370509,1.0
11504,Johannes,Thiemann,Center,BAY,10.6,1,True,HTA,away,1,1.034263777814163,0.23066760524707547,6.34358258684147,1.0
7204,TJ,Leaf,Forward,MTA,10.5,1,True,ASV,away,1,1.0169927670426289,0.5260745044859986,0.0,1.0
8808,Eugene,Omoruyi,Forward,BJK,10.5,1,True,VBC,home,2,1.0147146376788245,0.5607978535920614,9.242297607564742,1.0
11544,Trent,Frazier,Guard,VIR,10.5,1,True,FBT,away,2,0.9720856249749656,0.2862583806159248,9.909042153149759,1.0
3804,Tadas,Sedekerskis,Forward,KBA,10.4,1,True,OLY,home,1,0.9642251320798811,0.3615234551224682,6.6902381021808885,1.0
3822,Joel,Bolomboy,Center,ASV,10.4,1,True,MTA,home,1,1.0330138352168343,0.47392549551400137,4.649139978115844,1.0
3833,Armoni,Brooks,Guard,VBC,10.3,1,True,BJK,away,2,1.0,0.43920214640793864,9.513599648759328,1.0
3993,Matthew,Strazel,Guard,EFS,10.3,1,True,BAR,away,1,0.9713488831066465,0.3927596216582184,7.541201368011469,1.0
4808,Bruno,Fernando,Center,EFS,10.3,1,True,BAR,away,1,0.9713488831066465,0.3927596216582184,8.922884128897309,1.0
7237,Nathan,Reuvers,Forward,VBC,10.3,1,True,BJK,away,2,1.0,0.43920214640793864,9.327547670179055,1.0
3792,Jordan,Loyd,Guard,EFS,10.2,1,True,BAR,away,1,0.9713488831066465,0.3927596216582184,8.274233767861611,1.0
3946,Andreas,Obst,Guard,BAY,10.2,1,True,HTA,away,1,1.034263777814163,0.23066760524707547,9.279745230414052,1.0
7197,Oshae,Brissett,Forward,MTA,10.2,1,True,ASV,away,1,1.0169927670426289,0.5260745044859986,10.316626881163822,1.0
7362,Umoja,Gibson,Guard,BAR,10.2,1,True,EFS,home,1,0.9921276802747302,0.6072403783417816,8.306484989818939,1.0
3806,Duane,Washington,Guard,BAY,10.1,1,True,HTA,away,1,1.034263777814163,0.23066760524707547,6.753546962207663,1.0
4340,Kyle,Allman,Guard,PAR,10.1,1,True,MIL,home,2,0.9928592717031777,0.5711463077269484,6.744542607413752,1.0
8368,Mamadi,Diakite,Center,DUB,10.1,1,True,RMB,home,1,0.9778469133118989,0.581416350337684,8.304199715806229,1.0
8721,Jared,Butler,Guard,CZV,10.1,1,True,ZAL,home,1,0.9744801011921955,0.6373756732862847,9.188607095450845,1.0
11532,Ethan,Thompson,Guard,PAR,10.1,1,True,MIL,home,2,0.9928592717031777,0.5711463077269484,10.55064261232258,1.0
3940,Nick,Weiler-Babb,Guard,CZV,10.0,1,True,ZAL,home,1,0.9744801011921955,0.6373756732862847,9.974269946725219,1.0
9064,Kessler,Edwards,Forward,VIR,10.0,1,True,FBT,away,2,0.9720856249749656,0.2862583806159248,3.5528768856215422,1.0
11505,Johnny,Juzang,Forward,FBT,10.0,1,True,VIR,home,2,1.0200115787022004,0.7137416193840752,6.140463707990676,1.0
11511,Chris,Duarte,Guard,KBA,10.0,1,True,OLY,home,1,0.9642251320798811,0.3615234551224682,10.368038446775346,1.0
4180,Devon,Dotson,Guard,BJK,9.9,1,True,VBC,home,2,1.0147146376788245,0.5607978535920614,6.963312682506552,1.0
11491,David,Dejulius,Guard,BJK,9.9,1,True,VBC,home,2,1.0147146376788245,0.5607978535920614,5.371292040952952,1.0
11515,Tremont,Waters,Guard,ASV,9.9,1,True,MTA,home,1,1.0330138352168343,0.47392549551400137,10.753779079210213,1.0
11545,Marcus,Carr,Guard,VIR,9.9,1,True,FBT,away,2,0.9720856249749656,0.2862583806159248,6.529199897392334,1.0
11546,Bobi,Klintman,Center,VIR,9.9,1,True,FBT,away,2,0.9720856249749656,0.2862583806159248,8.596412978477007,1.0
3850,Theo,Maledon,Guard,RMB,9.8,1,True,DUB,away,1,1.0622923492427345,0.418583649662316,10.87777334734305,1.0
11508,Jacob,Toppin,Forward,HTA,9.8,1,True,BAY,home,1,0.9974756531960829,0.7693323947529245,4.938228629115094,1.0
11529,Alize,Johnson,Forward,PBB,9.8,1,True,PAO,away,1,1.001926866949797,0.38813790073628573,7.168586815516707,1.0
3860,Devin,Booker,Center,MIL,9.7,1,True,PAR,away,2,1.0144890730469769,0.4288536922730516,8.640470542895805,1.0
3914,Nigel,Williams-Goss,Guard,ZAL,9.7,1,True,CZV,away,1,0.9891896493697208,0.3626243267137152,7.061971448834317,1.0
4210,Anthony,Brown,Forward,BJK,9.7,1,True,VBC,home,2,1.0147146376788245,0.5607978535920614,6.712000099426771,1.0
11492,Jaylen,Nowell,Guard,BJK,9.7,1,True,VBC,home,2,1.0147146376788245,0.5607978535920614,8.184100907921163,1.0
3841,Tomas,Satoransky,Guard,HTA,9.6,1,True,BAY,home,1,0.9974756531960829,0.7693323947529245,9.495587758586012,1.0
3875,Marko,Guduric,Guard,MIL,9.6,1,True,PAR,away,2,1.0144890730469769,0.4288536922730516,9.58050291825013,1.0
4675,Antonio,Blakeney,Guard,HTA,9.6,1,True,BAY,home,1,0.9974756531960829,0.7693323947529245,9.443985007860837,1.0
7422,Ercan,Osmani,Forward,EFS,9.6,1,True,BAR,away,1,0.9713488831066465,0.3927596216582184,7.859012368994237,1.0
8714,Kobi,Simmons,Guard,KBA,9.6,1,True,OLY,home,1,0.9642251320798811,0.3615234551224682,9.878326549840468,1.0
4280,Marek,Blazevic,Center,ZAL,9.5,1,True,CZV,away,1,0.9891896493697208,0.3626243267137152,2.228666086524834,1.0
4884,Jimmy,Clark III,Guard,MTA,9.5,1,True,ASV,away,1,1.0169927670426289,0.5260745044859986,7.759869470558948,1.0
8730,Kenneth,Faried,Center,KBA,9.5,1,True,OLY,home,1,0.9642251320798811,0.3615234551224682,4.902058367493348,1.0
11516,Jae,Crowder,Forward,ASV,9.5,1,True,MTA,home,1,1.0330138352168343,0.47392549551400137,9.80549034442162,1.0
3907,Jaron,Blossomgame,Forward,DUB,9.4,1,True,RMB,home,1,0.9778469133118989,0.581416350337684,8.640895764890438,1.0
4360,Evan,Fournier,Guard,OLY,9.4,1,True,KBA,away,1,1.0255635195978292,0.6384765448775318,7.306776581865399,1.0
7220,Ebuka,Izundu,Center,CZV,9.4,1,True,ZAL,home,1,0.9744801011921955,0.6373756732862847,7.362632717470811,1.0
11499,Tosan,Evbuomwan,Forward,BAR,9.4,1,True,EFS,home,1,0.9921276802747302,0.6072403783417816,7.6162294483262,1.0
11518,Mathis,Dossou-yovo,Forward,ASV,9.4,1,True,MTA,home,1,1.0330138352168343,0.47392549551400137,5.425100865791924,1.0
3981,Mouhamet,Diouf,Center,VIR,9.3,1,True,FBT,away,2,0.9720856249749656,0.2862583806159248,8.340843573274439,1.0
11517,Tyty,Washington,Guard,ASV,9.3,1,True,MTA,home,1,1.0330138352168343,0.47392549551400137,9.035588220919431,1.0
11530,Maozinha,Pereira,Forward,PBB,9.3,1,True,PAO,away,1,1.001926866949797,0.38813790073628573,5.867566629358477,1.0
11489,Jason,Burnell,Forward,MIL,9.2,1,True,PAR,away,2,1.0144890730469769,0.4288536922730516,5.811975845325915,1.0
3845,Joffrey,Lauvergne,Center,PAR,9.1,1,True,MIL,home,2,0.9928592717031777,0.5711463077269484,6.219541882226646,1.0
3856,Isaia,Cordinier,Guard,EFS,9.1,1,True,BAR,away,1,0.9713488831066465,0.3927596216582184,6.201191092139638,1.0
11500,Stanley,Umude,Guard,BAR,9.1,1,True,EFS,home,1,0.9921276802747302,0.6072403783417816,6.820512380666654,1.0
11534,Olivier,Sarr,Center,RMB,9.1,1,True,DUB,away,1,1.0622923492427345,0.418583649662316,5.832713035325228,1.0
11536,Damian,Jones,Center,RMB,9.1,1,True,DUB,away,1,1.0622923492427345,0.418583649662316,4.277048750410072,1.0
3803,Gabriel,Deck,Forward,RMB,9.0,1,True,DUB,away,1,1.0622923492427345,0.418583649662316,7.901287031810324,1.0
3859,Vladimir,Lucic,Forward,BAY,9.0,1,True,HTA,away,1,1.034263777814163,0.23066760524707547,8.612399961417161,1.0
7194,Chuma,Okeke,Forward,RMB,9.0,1,True,DUB,away,1,1.0622923492427345,0.418583649662316,6.944993693047493,1.0
8762,Jared,Rhoden,Guard,PBB,9.0,1,True,PAO,away,1,1.001926866949797,0.38813790073628573,5.933811200887064,1.0
11490,Garrison,Mathews,Guard,MIL,9.0,1,True,PAR,away,2,1.0144890730469769,0.4288536922730516,5.151212554152886,1.0
11537,Gonzalo,Corbalan,Guard,VBC,9.0,1,True,BJK,away,2,1.0,0.43920214640793864,7.817643531234702,1.0
4124,Kevin,Kokila,Center,VIR,8.9,1,True,FBT,away,2,0.9720856249749656,0.2862583806159248,3.3593184124737188,1.0
7203,Miles,Norris,Forward,BAY,8.9,1,True,HTA,away,1,1.034263777814163,0.23066760524707547,3.5463657986436314,1.0
3853,Jerian,Grant,Guard,PAO,8.8,1,True,PBB,home,1,1.0676155355869732,0.6118620992637143,8.013462384422384,1.0
3884,Neal,Sako,Center,VBC,8.8,1,True,BJK,away,2,1.0,0.43920214640793864,5.564057738237645,1.0
3930,Yam,Madar,Guard,MTA,8.8,1,True,ASV,away,1,1.0169927670426289,0.5260745044859986,2.206966216003011,1.0
4108,Dj,Stewart,Guard,KBA,8.8,1,True,OLY,home,1,0.9642251320798811,0.3615234551224682,6.785128500023594,1.0
8463,Kai,Jones,Center,EFS,8.8,1,True,BAR,away,1,0.9713488831066465,0.3927596216582184,6.93406733324072,1.0
11501,Tyrese,Martin,Forward,BAR,8.8,1,True,EFS,home,1,0.9921276802747302,0.6072403783417816,6.066146005659052,1.0
11512,Aj,Lawson,Guard,KBA,8.8,1,True,OLY,home,1,0.9642251320798811,0.3615234551224682,5.926834784917927,1.0
11519,Hugo,Besson,Guard,ASV,8.8,1,True,MTA,home,1,1.0330138352168343,0.47392549551400137,6.639378875869061,1.0
3831,Darius,Thompson,Guard,MIL,8.7,1,True,PAR,away,2,1.0144890730469769,0.4288536922730516,9.210481864861743,1.0
3881,Leandro,Bolmaro,Guard,MIL,8.7,1,True,PAR,away,2,1.0144890730469769,0.4288536922730516,6.113960859747869,1.0
4257,Jaime,Pradilla,Forward,RMB,8.7,1,True,DUB,away,1,1.0622923492427345,0.418583649662316,7.448841983202278,1.0
7338,Both,Gach,Forward,ASV,8.7,1,True,MTA,home,1,1.0330138352168343,0.47392549551400137,7.064710759308373,1.0
11488,Santi,Yusta,Forward,EFS,8.7,1,True,BAR,away,1,0.9713488831066465,0.3927596216582184,1.889560641469012,1.0
11538,Mo,Gueye,Forward,VBC,8.7,1,True,BJK,away,2,1.0,0.43920214640793864,6.414247454337248,1.0
11547,Wendell,Moore Jr,Guard,VIR,8.7,1,True,FBT,away,2,0.9720856249749656,0.2862583806159248,5.082229951436007,1.0
3892,Rokas,Jokubaitis,Guard,BAY,8.6,1,True,HTA,away,1,1.034263777814163,0.23066760524707547,5.289747954431384,1.0
4670,Saben,Lee,Guard,ZAL,8.6,1,True,CZV,away,1,0.9891896493697208,0.3626243267137152,4.415666518829508,1.0
11493,Mady,Sissoko,Center,BJK,8.6,1,True,VBC,home,2,1.0147146376788245,0.5607978535920614,5.673508117278877,1.0
4081,Conor,Morgan,Forward,BJK,8.5,1,True,VBC,home,2,1.0147146376788245,0.5607978535920614,2.5399866364700223,1.0
7210,Omari,Moore,Guard,VBC,8.5,1,True,BJK,away,2,1.0,0.43920214640793864,6.941054080961577,1.0
7268,Rj,Cole,Guard,MIL,8.5,1,True,PAR,away,2,1.0144890730469769,0.4288536922730516,3.6369775540038973,1.0
3776,Wenyen,Gabriel,Center,BJK,8.4,1,True,VBC,home,2,1.0147146376788245,0.5607978535920614,4.99807096568325,1.0
7212,Derrick,Alston Jr.,Forward,VIR,8.4,1,True,FBT,away,2,0.9720856249749656,0.2862583806159248,7.628283819483266,1.0
11513,Damion,Baugh,Guard,KBA,8.4,1,True,OLY,home,1,0.9642251320798811,0.3615234551224682,4.075328289648201,1.0
3780,Furkan,Korkmaz,Forward,BJK,8.3,1,True,VBC,home,2,1.0147146376788245,0.5607978535920614,2.3177815011598666,1.0
3816,Markus,Howard,Guard,KBA,8.3,1,True,OLY,home,1,0.9642251320798811,0.3615234551224682,5.992034654347762,1.0
3905,Iffe,Lundberg,Guard,MTA,8.3,1,True,ASV,away,1,1.0169927670426289,0.5260745044859986,5.193051320621464,1.0
4251,Brancou,Badio,Guard,PAO,8.3,1,True,PBB,home,1,1.0676155355869732,0.6118620992637143,8.742915380655365,1.0
8846,Tonye,Jekiri,Center,PAR,8.3,1,True,MIL,home,2,0.9928592717031777,0.5711463077269484,5.077732591979102,1.0
3797,Moustapha,Fall,Center,PAO,8.2,1,True,PBB,home,1,1.0676155355869732,0.6118620992637143,1.7968902737228458,1.0
3801,Nicolo,Melli,Forward,FBT,8.2,1,True,VIR,home,2,1.0200115787022004,0.7137416193840752,7.6276209806605095,1.0
3861,Thomas,Walkup,Guard,OLY,8.2,1,True,KBA,away,1,1.0255635195978292,0.6384765448775318,6.721777048490104,1.0
3925,Devon,Hall,Guard,MIL,8.2,1,True,PAR,away,2,1.0144890730469769,0.4288536922730516,6.863802677793672,1.0
3838,Collin,Malcolm,Forward,EFS,8.1,1,True,BAR,away,1,0.9713488831066465,0.3927596216582184,6.481155681351597,1.0
3880,Derek ,Willis,Forward,PAR,8.1,1,True,MIL,home,2,0.9928592717031777,0.5711463077269484,5.171868766360827,1.0
3980,Aleksander,Balcerowski,Center,BAR,8.0,1,True,EFS,home,1,0.9921276802747302,0.6072403783417816,1.826919500369204,1.0
7209,Lamar,Stevens,Forward,PAR,8.0,1,True,MIL,home,2,0.9928592717031777,0.5711463077269484,5.400438246815306,1.0
7215,Dylan,Osetkowski,Forward,VBC,8.0,1,True,BJK,away,2,1.0,0.43920214640793864,5.874560559665643,1.0
7226,Allan,Dokossi,Center,PBB,8.0,1,True,PAO,away,1,1.001926866949797,0.38813790073628573,6.810507671635408,1.0
8727,Braxton,Key,Forward,FBT,8.0,1,True,VIR,home,2,1.0200115787022004,0.7137416193840752,4.548003889611367,1.0
11509,Eugene,German,Guard,HTA,8.0,1,True,BAY,home,1,0.9974756531960829,0.7693323947529245,1.8618181557031677,1.0
11535,Max,Shulga,Guard,RMB,8.0,1,True,DUB,away,1,1.0622923492427345,0.418583649662316,3.841912317933819,1.0
7243,Nathan,Sestina,Forward,ASV,7.9,1,True,MTA,home,1,1.0330138352168343,0.47392549551400137,0.9105334291936669,1.0
8834,Chris,Silva,Center,FBT,7.9,1,True,VIR,home,2,1.0200115787022004,0.7137416193840752,1.8878650617009731,1.0
3826,Frank,Ntilikina,Guard,PBB,7.8,1,True,PAO,away,1,1.001926866949797,0.38813790073628573,2.278478988227794,1.0
4097,Nikola,Tanaskovic,Center,PAR,7.8,1,True,MIL,home,2,0.9928592717031777,0.5711463077269484,1.536615416856803,1.0
11502,Olivier,Nkamboua,Forward,BAR,7.8,1,True,EFS,home,1,0.9921276802747302,0.6072403783417816,5.074465766455054,1.0
3824,Luca,Vildoza,Guard,PAR,7.7,1,True,MIL,home,2,0.9928592717031777,0.5711463077269484,7.514354842468942,1.0
3960,Tamir,Blatt,Guard,HTA,7.7,1,True,BAY,home,1,0.9974756531960829,0.7693323947529245,7.532321022247205,1.0
4195,Justinian,Jessup,Guard,BAY,7.7,1,True,HTA,away,1,1.034263777814163,0.23066760524707547,6.70713213913649,1.0
4758,Perry,Dozier,Guard,EFS,7.7,1,True,BAR,away,1,0.9713488831066465,0.3927596216582184,0.8134640908572006,1.0
3828,Georgios,Papagiannis,Center,EFS,7.5,1,True,BAR,away,1,0.9713488831066465,0.3927596216582184,0.0,1.0
3842,Scottie,Wilbekin,Guard,BJK,7.5,1,True,VBC,home,2,1.0147146376788245,0.5607978535920614,4.167543875474607,1.0
3846,Tyson,Ward,Forward,OLY,7.5,1,True,KBA,away,1,1.0255635195978292,0.6384765448775318,5.675061630500607,1.0
3883,Johannes,Voigtmann,Center,BAY,7.5,1,True,HTA,away,1,1.034263777814163,0.23066760524707547,3.5351846649962155,1.0
3948,Mbaye,Ndiaye,Forward,OLY,7.5,1,True,KBA,away,1,1.0255635195978292,0.6384765448775318,6.64227224503916,1.0
4159,Khadeen,Carrington,Guard,HTA,7.5,1,True,BAY,home,1,0.9974756531960829,0.7693323947529245,0.9758847291805246,1.0
4246,Semi,Ojeleye,Forward,CZV,7.5,1,True,ZAL,home,1,0.9744801011921955,0.6373756732862847,7.261687048509163,1.0
11520,Yves,Pons,Forward,ASV,7.5,1,True,MTA,home,1,1.0330138352168343,0.47392549551400137,3.6706806186464216,1.0
11558,Justin,Minaya,Forward,BAR,7.5,1,True,EFS,home,1,0.9921276802747302,0.6072403783417816,4.292170380672788,1.0
3911,Kevarrius,Hayes,Center,PAR,7.3,1,True,MIL,home,2,0.9928592717031777,0.5711463077269484,5.9897707160123845,1.0
3957,Oscar,Da Silva,Forward,BAY,7.3,1,True,HTA,away,1,1.034263777814163,0.23066760524707547,5.274875915371578,1.0
3963,Alessandro,Pajola,Guard,PAR,7.3,1,True,MIL,home,2,0.9928592717031777,0.5711463077269484,4.440788507789224,1.0
3942,Maodo,Lo,Guard,ZAL,7.2,1,True,CZV,away,1,0.9891896493697208,0.3626243267137152,5.486251621653261,1.0
7867,Armando,Bacot,Center,MTA,7.2,1,True,ASV,away,1,1.0169927670426289,0.5260745044859986,0.8034657161196792,1.0
11539,Elias,Valtonen,Forward,VBC,7.2,1,True,BJK,away,2,1.0,0.43920214640793864,2.5207588221061346,1.0
3917,Kamar,Baldwin,Guard,BAY,7.1,1,True,HTA,away,1,1.034263777814163,0.23066760524707547,1.8054412888410631,1.0
4129,Myles,Cale,Guard,ASV,7.1,1,True,MTA,home,1,1.0330138352168343,0.47392549551400137,2.7667149151281047,1.0
3891,Vitto,Brown,Forward,BJK,7.0,1,True,VBC,home,2,1.0147146376788245,0.5607978535920614,1.0532252298533118,1.0
3973,Joel,Parra,Forward,BAR,7.0,1,True,EFS,home,1,0.9921276802747302,0.6072403783417816,5.70867965668733,1.0
3992,Terry,Tarpey,Guard,PBB,7.0,1,True,PAO,away,1,1.001926866949797,0.38813790073628573,1.7722080353420637,1.0
4212,Yoan,Makoundou,Center,BAR,7.0,1,True,EFS,home,1,0.9921276802747302,0.6072403783417816,1.1384491970456585,1.0
4375,Arnas,Butkevicius,Forward,ZAL,7.0,1,True,CZV,away,1,0.9891896493697208,0.3626243267137152,5.142060246460474,1.0
7229,Mouhamed,Faye,Center,PBB,7.0,1,True,PAO,away,1,1.001926866949797,0.38813790073628573,6.065072691653304,1.0
8993,Cory,Joseph,Guard,OLY,7.0,1,True,KBA,away,1,1.0255635195978292,0.6384765448775318,1.8063985649746455,1.0
3952,Mam,Jaiteh,Center,DUB,6.8,1,True,RMB,home,1,0.9778469133118989,0.581416350337684,1.3163966021261544,1.0
7217,Tyson,Carter,Guard,CZV,6.8,1,True,ZAL,home,1,0.9744801011921955,0.6373756732862847,1.2161997999777712,1.0
7390,Tobias,Jensen,Guard,BAY,6.8,1,True,HTA,away,1,1.034263777814163,0.23066760524707547,0.6749595062783057,1.0
7328,Kaodirichi,Akobundu-Ehiogu,Center,ZAL,6.7,1,True,CZV,away,1,0.9891896493697208,0.3626243267137152,0.999820119976088,1.0
11498,Davion,Mintz,Guard,DUB,6.6,1,True,RMB,home,1,0.9778469133118989,0.581416350337684,2.0718125465511648,1.0
3904,Justin,Anderson,Forward,DUB,6.5,1,True,RMB,home,1,0.9778469133118989,0.581416350337684,4.327876340700969,1.0
4167,Ish,Wainright,Forward,HTA,6.5,1,True,BAY,home,1,0.9974756531960829,0.7693323947529245,3.352172731701412,1.0
7225,David,Kramer,Guard,CZV,6.5,1,True,ZAL,home,1,0.9744801011921955,0.6373756732862847,0.4506518762957409,1.0
7234,Yankuba,Sima,Center,VBC,6.5,1,True,BJK,away,2,1.0,0.43920214640793864,0.46787869015348826,1.0
7238,Rodions,Kurucs,Forward,KBA,6.5,1,True,OLY,home,1,0.9642251320798811,0.3615234551224682,4.4045103743317915,1.0
7424,Aliou,Diarra,Center,VIR,6.5,1,True,FBT,away,2,0.9720856249749656,0.2862583806159248,3.3904260586765234,1.0
11525,Antonis,Karagiannidis,Center,OLY,6.5,1,True,KBA,away,1,1.0255635195978292,0.6384765448775318,0.6568494313031087,1.0
3852,Edgaras,Ulanovas,Forward,ZAL,6.4,1,True,CZV,away,1,0.9891896493697208,0.3626243267137152,5.8056596854092755,1.0
3915,Matteo,Spagnolo,Guard,KBA,6.4,1,True,OLY,home,1,0.9642251320798811,0.3615234551224682,5.128386023472796,1.0
3967,Dario,Brizuela,Guard,BAR,6.4,1,True,EFS,home,1,0.9921276802747302,0.6072403783417816,4.391118855335398,1.0
7219,Amath,M'baye,Forward,PBB,6.4,1,True,PAO,away,1,1.001926866949797,0.38813790073628573,3.915359255297971,1.0
3918,Marius,Grigonis,Forward,ZAL,6.3,1,True,CZV,away,1,0.9891896493697208,0.3626243267137152,1.1433147689187952,1.0
4073,Tai,Odiase,Center,HTA,6.3,1,True,BAY,home,1,0.9974756531960829,0.7693323947529245,2.407658517907811,1.0
4084,Dustin,Sleva,Forward,ZAL,6.3,1,True,CZV,away,1,0.9891896493697208,0.3626243267137152,4.040825029042427,1.0
4156,Jeremy,Morgan,Forward,PBB,6.3,1,True,PAO,away,1,1.001926866949797,0.38813790073628573,3.4689328589027846,1.0
7232,Bodian,Massa,Forward,ASV,6.3,1,True,MTA,home,1,1.0330138352168343,0.47392549551400137,2.926177903157083,1.0
11506,Ignas,Sargiunas,Guard,FBT,6.3,1,True,VIR,home,2,1.0200115787022004,0.7137416193840752,1.281368925970941,1.0
3851,Andres,Feliz,Guard,RMB,6.2,1,True,DUB,away,1,1.0622923492427345,0.418583649662316,4.634840531272613,1.0
3927,Daulton,Hommes,Forward,PBB,6.2,1,True,PAO,away,1,1.001926866949797,0.38813790073628573,1.7545688381510136,1.0
3835,Usman,Garuba,Center,RMB,6.1,1,True,DUB,away,1,1.0622923492427345,0.418583649662316,4.115341562427794,1.0
7378,Agustin,Ubal,Guard,BAR,6.1,1,True,EFS,home,1,0.9921276802747302,0.6072403783417816,1.1254039590901883,1.0
3869,Mikael,Jantunen,Forward,RMB,6.0,1,True,DUB,away,1,1.0622923492427345,0.418583649662316,3.592482808955609,1.0
4094,Kenan,Kamenjas,Center,DUB,5.9,1,True,RMB,home,1,0.9778469133118989,0.581416350337684,3.1345578086762074,1.0
11523,Shane,Hunter,Center,MTA,5.9,1,True,ASV,away,1,1.0169927670426289,0.5260745044859986,2.0154289054717185,1.0
3954,Khalifa,Diop,Center,KBA,5.8,1,True,OLY,home,1,0.9642251320798811,0.3615234551224682,4.040956562512186,1.0
4234,Tyler,Ennis,Guard,HTA,5.7,1,True,BAY,home,1,0.9974756531960829,0.7693323947529245,0.0,1.0
11531,Nobel,Boungou-colo,Forward,PBB,5.7,1,True,PAO,away,1,1.001926866949797,0.38813790073628573,0.1500649051845034,1.0
3836,Konstantinos,Mitoglou,Forward,PAO,5.5,1,True,PBB,home,1,1.0676155355869732,0.6118620992637143,4.325106684219645,1.0
3962,Mario,Nakic,Forward,PAR,5.5,1,True,MIL,home,2,0.9928592717031777,0.5711463077269484,0.49361445035441465,1.0
4008,Metecan,Birsen,Forward,BJK,5.5,1,True,VBC,home,2,1.0147146376788245,0.5607978535920614,1.1212226860269219,1.0
4242,Davide,Casarin,Guard,VIR,5.5,1,True,FBT,away,2,0.9720856249749656,0.2862583806159248,0.49088499706579164,1.0
4258,Josep,Puerto,Guard,VBC,5.5,1,True,BJK,away,2,1.0,0.43920214640793864,3.3322787313221447,1.0
7216,Davis,Bertans,Forward,DUB,5.5,1,True,RMB,home,1,0.9778469133118989,0.581416350337684,2.970304164338633,1.0
7231,Brice,Dessert,Center,EFS,5.5,1,True,BAR,away,1,0.9713488831066465,0.3927596216582184,2.057582956329146,1.0
8830,Francesco,Ferrari,Forward,VIR,5.2,1,True,FBT,away,2,0.9720856249749656,0.2862583806159248,1.1475103884772409,1.0
3972,Justus,Hollatz,Guard,BAY,5.1,1,True,HTA,away,1,1.034263777814163,0.23066760524707547,2.1190578536643967,1.0
7223,Clement,Frisch,Forward,KBA,5.1,1,True,OLY,home,1,0.9642251320798811,0.3615234551224682,3.8619971361563534,1.0
3830,Deividas,Sirvydis,Guard,ZAL,5.0,1,True,CZV,away,1,0.9891896493697208,0.3626243267137152,1.5576853326429712,1.0
3950,Ognjen,Dobric,Forward,CZV,5.0,1,True,ZAL,home,1,0.9744801011921955,0.6373756732862847,2.599227550983234,1.0
3971,Vanja,Marinkovic,Guard,PAR,5.0,1,True,MIL,home,2,0.9928592717031777,0.5711463077269484,1.7914554467679054,1.0
3975,Sebastian,Herrera,Guard,PBB,5.0,1,True,PAO,away,1,1.001926866949797,0.38813790073628573,2.97040346659012,1.0
3978,Eli,Ndiaye,Forward,RMB,5.0,1,True,DUB,away,1,1.0622923492427345,0.418583649662316,0.38148757450023957,1.0
4546,Joel,Ayayi,Guard,PBB,5.0,1,True,PAO,away,1,1.001926866949797,0.38813790073628573,0.7156637978591254,1.0
4698,Onuralp,Bitim,Forward,FBT,5.0,1,True,VIR,home,2,1.0200115787022004,0.7137416193840752,1.35745852938565,1.0
11510,Frederic,Bourdillon,Guard,HTA,5.0,1,True,BAY,home,1,0.9974756531960829,0.7693323947529245,0.22624234428610157,1.0
3886,Daniel,Hackett,Guard,VIR,4.8,1,True,FBT,away,2,0.9720856249749656,0.2862583806159248,2.794679098531534,1.0
3933,Leopold,Cavaliere,Forward,PBB,4.8,1,True,PAO,away,1,1.001926866949797,0.38813790073628573,2.730129698193016,1.0
3985,David,Lighty,Forward,ASV,4.8,1,True,MTA,home,1,1.0330138352168343,0.47392549551400137,2.533867283555661,1.0
3994,Yakuba,Ouattara,Guard,PBB,4.8,1,True,PAO,away,1,1.001926866949797,0.38813790073628573,2.4682270550197987,1.0
11495,Nikola,Djurisic,Guard,CZV,4.8,1,True,ZAL,home,1,0.9744801011921955,0.6373756732862847,0.5381048657840236,1.0
11521,Marc-owen,Fodzo Dada,Guard,ASV,4.8,1,True,MTA,home,1,1.0330138352168343,0.47392549551400137,0.6245265195229113,1.0
11540,Mario,Saint-supery,Guard,VBC,4.7,1,True,BJK,away,2,1.0,0.43920214640793864,0.5383348220904088,1.0
3896,Juan,Nunez,Guard,BAR,4.6,1,True,EFS,home,1,0.9921276802747302,0.6072403783417816,0.26714568180130716,1.0
3979,Giannoulis,Larentzakis,Guard,OLY,4.6,1,True,KBA,away,1,1.0255635195978292,0.6384765448775318,0.09946997297377944,1.0
4005,Edwin,Jackson,Forward,ASV,4.6,1,True,MTA,home,1,1.0330138352168343,0.47392549551400137,1.715666027116206,1.0
3936,Nikos,Rogkavopoulos,Forward,PAO,4.5,1,True,PBB,home,1,1.0676155355869732,0.6118620992637143,1.4928536866457263,1.0
3977,Sergio,Llull,Guard,RMB,4.5,1,True,DUB,away,1,1.0622923492427345,0.418583649662316,1.3100587112492277,1.0
3984,Sertac,Sanli,Center,FBT,4.5,1,True,VIR,home,2,1.0200115787022004,0.7137416193840752,0.4532790504533483,1.0
3988,John,Dibartolomeo,Guard,MTA,4.5,1,True,ASV,away,1,1.0169927670426289,0.5260745044859986,2.232897587177631,1.0
3991,Alberto,Abalde,Forward,RMB,4.5,1,True,DUB,away,1,1.0622923492427345,0.418583649662316,2.5588321229445454,1.0
3998,Dovydas,Giedraitis,Guard,ZAL,4.5,1,True,CZV,away,1,0.9891896493697208,0.3626243267137152,0.7258389328729294,1.0
4012,Giampaolo,Ricci,Forward,MIL,4.5,1,True,PAR,away,2,1.0144890730469769,0.4288536922730516,3.052125541196439,1.0
4061,Eleftherios,Mantzoukas,Forward,PAO,4.5,1,True,PBB,home,1,1.0676155355869732,0.6118620992637143,0.29018258870115876,1.0
4165,Tomer,Ginat,Forward,HTA,4.5,1,True,BAY,home,1,0.9974756531960829,0.7693323947529245,1.0933263274856524,1.0
7228,Klemen,Prepelic,Guard,DUB,4.5,1,True,RMB,home,1,0.9778469133118989,0.581416350337684,1.8853343004244256,1.0
7239,Izan,Almansa,Forward,RMB,4.5,1,True,DUB,away,1,1.0622923492427345,0.418583649662316,0.08706552614636763,1.0
7241,Gur,Lavy,Forward,MTA,4.5,1,True,ASV,away,1,1.0169927670426289,0.5260745044859986,0.0,1.0
9063,Amit,Ebo,Guard,MTA,4.5,1,True,ASV,away,1,1.0169927670426289,0.5260745044859986,0.16645030144621062,1.0
11541,Alvaro,Cardenas,Guard,VBC,4.5,1,True,BJK,away,2,1.0,0.43920214640793864,0.345500973301338,1.0
3983,Dejan,Davidovac,Forward,CZV,4.4,1,True,ZAL,home,1,0.9744801011921955,0.6373756732862847,1.6529040120775838,1.0
3986,Niels,Giffey,Forward,BAY,4.4,1,True,HTA,away,1,1.034263777814163,0.23066760524707547,2.1827217443860953,1.0
4007,Erkan,Yilmaz,Forward,EFS,4.4,1,True,BAR,away,1,0.9713488831066465,0.3927596216582184,0.7824510025742175,1.0
4088,Berk,Ugurlu,Guard,BJK,4.4,1,True,VBC,home,2,1.0147146376788245,0.5607978535920614,0.98056250765246,1.0
11524,Nikolaos,Plotas,Guard,OLY,4.4,1,True,KBA,away,1,1.0255635195978292,0.6384765448775318,0.2474614810889822,1.0
11548,Tommaso,Baldasso,Guard,VIR,4.4,1,True,FBT,away,2,0.9720856249749656,0.2862583806159248,0.23224265476024622,1.0
3867,Kostas,Papanikolaou,Forward,OLY,4.3,1,True,KBA,away,1,1.0255635195978292,0.6384765448775318,1.6783967695454374,1.0
4378,William,Rayman,Forward,MTA,4.3,1,True,ASV,away,1,1.0169927670426289,0.5260745044859986,2.31019551464617,1.0
3997,Stefano,Tonut,Guard,MIL,4.2,1,True,PAR,away,2,1.0144890730469769,0.4288536922730516,0.40052189857503545,1.0
4038,Dimitris,Moraitis,Guard,PAO,4.2,1,True,PBB,home,1,1.0676155355869732,0.6118620992637143,0.33876505203943047,1.0
7230,Awudu,Abass,Forward,DUB,4.2,1,True,RMB,home,1,0.9778469133118989,0.581416350337684,1.3482882730430308,1.0
8623,Kosta,Kondic,Guard,DUB,4.2,1,True,RMB,home,1,0.9778469133118989,0.581416350337684,1.2371205948889388,1.0
11542,Lucas,Mari,Guard,VBC,4.2,1,True,BJK,away,2,1.0,0.43920214640793864,0.27582432300871446,1.0
3916,Gabriele,Procida,Forward,RMB,4.1,1,True,DUB,away,1,1.0622923492427345,0.418583649662316,0.3828609439443478,1.0
3976,Arijan,Lakic,Forward,PAR,4.0,1,True,MIL,home,2,0.9928592717031777,0.5711463077269484,1.546430113048588,1.0
4000,Melih,Mahmutoglu,Guard,FBT,4.0,1,True,VIR,home,2,1.0200115787022004,0.7137416193840752,0.061114073211749685,1.0
4003,Enzo,Shahrvin,Center,PBB,4.0,1,True,PAO,away,1,1.001926866949797,0.38813790073628573,0.6628670882118188,1.0
4009,Ousmane,Diop,Center,MIL,4.0,1,True,PAR,away,2,1.0144890730469769,0.4288536922730516,0.3436987752398631,1.0
4013,Diego,Flaccadori,Guard,MIL,4.0,1,True,PAR,away,2,1.0144890730469769,0.4288536922730516,0.1888750847318499,1.0
4016,Nicola,Akele,Forward,MIL,4.0,1,True,PAR,away,2,1.0144890730469769,0.4288536922730516,1.702798768356043,1.0
4019,Panagiotis,Kalaitzakis,Guard,PAO,4.0,1,True,PBB,home,1,1.0676155355869732,0.6118620992637143,0.6846252913623211,1.0
4023,Mitar,Bosnjakovic,Guard,PAR,4.0,1,True,MIL,home,2,0.9928592717031777,0.5711463077269484,0.06652160362769005,1.0
4026,Burakcan,Yildizli,Forward,EFS,4.0,1,True,BAR,away,1,0.9713488831066465,0.3927596216582184,0.08275596958875964,1.0
4036,Mert,Eksioglu,Guard,FBT,4.0,1,True,VIR,home,2,1.0200115787022004,0.7137416193840752,0.41775434870629125,1.0
4174,Guy,Palatin,Guard,HTA,4.0,1,True,BAY,home,1,0.9974756531960829,0.7693323947529245,0.08747608024337535,1.0
4175,Oz,Blayzer,Forward,HTA,4.0,1,True,BAY,home,1,0.9974756531960829,0.7693323947529245,0.07554101268073903,1.0
4551,Bar,Timor,Guard,HTA,4.0,1,True,BAY,home,1,0.9974756531960829,0.7693323947529245,0.37597440289215395,1.0
7245,David,Mutaf,Guard,EFS,4.0,1,True,BAR,away,1,0.9713488831066465,0.3927596216582184,0.2373500243511495,1.0
7246,Stefan,Miljenovic,Guard,CZV,4.0,1,True,ZAL,home,1,0.9744801011921955,0.6373756732862847,0.5603484565306542,1.0
7248,Nemanja,Dangubic,Forward,DUB,4.0,1,True,RMB,home,1,0.9778469133118989,0.581416350337684,0.20118247381253232,1.0
7250,Ioannis,Kouzeloglou,Forward,PAO,4.0,1,True,PBB,home,1,1.0676155355869732,0.6118620992637143,0.18438730894772226,1.0
7254,Itay,Segev,Center,HTA,4.0,1,True,BAY,home,1,0.9974756531960829,0.7693323947529245,0.14955271138664275,1.0
7255,Omiros,Netzipoglou,Guard,OLY,4.0,1,True,KBA,away,1,1.0255635195978292,0.6384765448775318,0.02436551795662529,1.0
8644,Stefan,Joksimovic,Forward,KBA,4.0,1,True,OLY,home,1,0.9642251320798811,0.3615234551224682,0.2587777593376534,1.0
8681,Aleksej,Nedeljkovic,Forward,CZV,4.0,1,True,ZAL,home,1,0.9744801011921955,0.6373756732862847,0.16269907736814443,1.0
8770,Ruzgar,Fenemen,Guard,EFS,4.0,1,True,BAR,away,1,0.9713488831066465,0.3927596216582184,0.1105294370873396,1.0
9061,Matteo,Baiocchi,Guard,VIR,4.0,1,True,FBT,away,2,0.9720856249749656,0.2862583806159248,0.01482862363210063,1.0
9062,Kilian,Fischer,Forward,BAY,4.0,1,True,HTA,away,1,1.034263777814163,0.23066760524707547,0.1772131204130856,1.0
11496,Andrej,Bjelic,Guard,CZV,4.0,1,True,ZAL,home,1,0.9744801011921955,0.6373756732862847,0.305648681059513,1.0
11497,Vojin,Medarevic,Center,CZV,4.0,1,True,ZAL,home,1,0.9744801011921955,0.6373756732862847,0.4540106607381702,1.0
11533,Uros,Mijailovic,Forward,PAR,4.0,1,True,MIL,home,2,0.9928592717031777,0.5711463077269484,0.10828108452986228,1.0
3868,Zeljko,Obradovic,Head Coach,PAO,10.0,1,True,PBB,home,1,1.0676155355869732,0.6118620992637143,6.612125,1.0
3885,Georgios,Bartzokas,Head Coach,OLY,10.0,1,True,KBA,away,1,1.0255635195978292,0.6384765448775318,7.417375,1.0
3872,Pedro,Martinez,Head Coach,RMB,9.0,1,True,DUB,away,1,1.0622923492427345,0.418583649662316,0.942625,1.0
3897,Saras,Jasikevicius,Head Coach,FBT,9.0,1,True,VIR,home,2,1.0200115787022004,0.7137416193840752,9.782625,1.0
4172,Dimitris,Itoudis,Head Coach,HTA,8.5,1,True,BAY,home,1,0.9974756531960829,0.7693323947529245,11.671,1.0
3909,Aleksander,Sekulic,Head Coach,BAR,8.0,1,True,EFS,home,1,0.9921276802747302,0.6072403783417816,6.463625,1.0
7235,Xavi,Pascual,Head Coach,DUB,8.0,1,True,RMB,home,1,0.9778469133118989,0.581416350337684,5.6645,1.0
3921,Pablo,Laso,Head Coach,EFS,7.5,1,True,BAR,away,1,0.9713488831066465,0.3927596216582184,0.178375,1.0
4006,Tomas,Masiulis,Head Coach,ZAL,7.5,1,True,CZV,away,1,0.9891896493697208,0.3626243267137152,-0.71475,1.0
3924,Giuseppe,Poeta,Head Coach,MIL,7.0,1,True,PAR,away,2,1.0144890730469769,0.4288536922730516,1.25525,1.0
3938,Ibon,Navarro,Head Coach,CZV,7.0,1,True,ZAL,home,1,0.9744801011921955,0.6373756732862847,7.37875,1.0
4255,Xavier,Albert,Head Coach,VBC,7.0,1,True,BJK,away,2,1.0,0.43920214640793864,1.55475,1.0
3943,Joan,Penarroya,Head Coach,PAR,6.5,1,True,MIL,home,2,0.9928592717031777,0.5711463077269484,5.36875,1.0
3961,Oded,Kattash,Head Coach,MTA,6.5,1,True,ASV,away,1,1.0169927670426289,0.5260745044859986,4.037375,1.0
4014,Tony,Parker,Head Coach,ASV,6.0,1,True,MTA,home,1,1.0330138352168343,0.47392549551400137,2.55225,1.0
4086,Dusan,Alimpijevic,Head Coach,BJK,6.0,1,True,VBC,home,2,1.0147146376788245,0.5607978535920614,5.063125,1.0
3955,Paolo,Galbiati,Head Coach,KBA,5.0,1,True,OLY,home,1,0.9642251320798811,0.3615234551224682,-0.74525,1.0
3964,Alex,Mumbru,Head Coach,VIR,5.0,1,True,FBT,away,2,0.9720856249749656,0.2862583806159248,-3.06825,1.0
3974,Anton,Gavel,Head Coach,BAY,5.0,1,True,HTA,away,1,1.034263777814163,0.23066760524707547,-4.926125,1.0
3995,Maxime,Lefevre,Head Coach,PBB,5.0,1,True,PAO,away,1,1.001926866949797,0.38813790073628573,0.030875,1.0
3766,Sasha,Vezenkov,Forward,OLY,17.0,2,True,ZAL,away,1,0.9744801011921955,0.5805765029825134,17.187124147925427,0.6363636363636364
3765,Mike,James,Guard,EFS,16.0,2,True,RMB,home,1,0.9778469133118989,0.5469535406098521,15.530637264454194,0.6363636363636364
3770,Chima,Moneke,Forward,CZV,15.5,2,True,HTA,home,1,1.034263777814163,0.5084312079424183,17.1437533566402,0.6363636363636364
3903,Elijah,Bryant,Guard,HTA,15.5,2,True,CZV,away,1,0.9891896493697208,0.4915687920575817,14.113406058685419,0.6363636363636364
11549,Jonas,Valanciunas,Center,ZAL,15.5,2,True,OLY,home,1,0.9642251320798811,0.41942349701748666,11.320642610046274,0.6363636363636364
3782,Nikola,Milutinov,Center,OLY,15.3,2,True,ZAL,away,1,0.9744801011921955,0.5805765029825134,15.365087319125283,0.6363636363636364
3795,TJ,Shorts,Guard,VBC,14.9,2,True,KBA,home,1,1.0255635195978292,0.7121914040839885,11.690332487848574,0.6363636363636364
3812,Jaylen,Hoard,Forward,MTA,14.8,2,True,BJK,home,2,1.0,0.641797062335105,16.30875531216752,0.6363636363636364
3834,Nadir,Hifi,Guard,PBB,14.8,2,True,PAR,home,1,1.0144890730469769,0.7202916926136118,17.857955668022885,0.6363636363636364
3887,Sylvain,Francisco,Guard,PAO,14.8,2,True,ASV,home,2,1.0169927670426289,0.7818159739687015,19.367655676205192,0.6363636363636364
3769,Walter,Tavares,Center,RMB,14.7,2,True,EFS,away,1,0.9921276802747302,0.45304645939014787,12.079699901514687,0.6363636363636364
3805,Kendrick,Nunn,Guard,PAO,14.6,2,True,ASV,home,2,1.0169927670426289,0.7818159739687015,0.0,0.6363636363636364
4233,Mfiondu,Kabengele,Center,DUB,14.6,2,True,BAR,home,1,0.9713488831066465,0.6559925019272739,14.981497301765028,0.6363636363636364
11487,Dario,Saric,Forward,EFS,14.5,2,True,RMB,home,1,0.9778469133118989,0.5469535406098521,9.895387255688972,0.6363636363636364
3768,Mathias,Lessort,Center,PAO,14.4,2,True,ASV,home,2,1.0169927670426289,0.7818159739687015,6.536285363684339,0.6363636363636364
3771,Wade,Baldwin,Guard,FBT,14.3,2,True,BAY,home,1,0.9974756531960829,0.7092772931374499,15.249016720570056,0.6363636363636364
11526,Guerschon,Yabusele,Forward,PAO,14.3,2,True,ASV,home,2,1.0169927670426289,0.7818159739687015,10.948987170388307,0.6363636363636364
3857,Dan,Oturu,Center,HTA,14.2,2,True,CZV,away,1,0.9891896493697208,0.4915687920575817,13.673482590699743,0.6363636363636364
3843,Moses,Wright,Center,MIL,14.0,2,True,VIR,home,1,1.0200115787022004,0.6642414123553902,17.952982924075055,0.6363636363636364
3774,Tornike,Shengelia,Forward,DUB,13.8,2,True,BAR,home,1,0.9713488831066465,0.6559925019272739,12.27006039925135,0.6363636363636364
3772,Facundo,Campazzo,Guard,RMB,13.7,2,True,EFS,away,1,0.9921276802747302,0.45304645939014787,12.473661932567023,0.6363636363636364
3791,Carlik,Jones,Guard,PAR,13.6,2,True,PBB,away,1,1.0676155355869732,0.2797083073863882,9.959882312113585,0.6363636363636364
3794,Kevin,Punter,Guard,BAR,13.6,2,True,DUB,away,1,1.0622923492427345,0.3440074980727261,12.345121616126246,0.6363636363636364
3767,Shane,Larkin,Guard,FBT,13.5,2,True,BAY,home,1,0.9974756531960829,0.7092772931374499,7.943567584417811,0.6363636363636364
4096,Mckinley,Wright,Guard,DUB,13.5,2,True,BAR,home,1,0.9713488831066465,0.6559925019272739,13.814449372045813,0.6363636363636364
3787,Nigel,Hayes-davis,Forward,PAO,13.4,2,True,ASV,home,2,1.0169927670426289,0.7818159739687015,0.0,0.6363636363636364
3910,Roman,Sorkin,Center,MTA,13.4,2,True,BJK,home,2,1.0,0.641797062335105,12.378166948485172,0.6363636363636364
3790,Dzanan,Musa,Guard,DUB,13.3,2,True,BAR,home,1,0.9713488831066465,0.6559925019272739,8.826087656863757,0.6363636363636364
3799,Zach,Leday,Forward,HTA,13.3,2,True,CZV,away,1,0.9891896493697208,0.4915687920575817,10.577855019210405,0.6363636363636364
3793,Jordan,Nwora,Forward,CZV,13.0,2,True,HTA,home,1,1.034263777814163,0.5084312079424183,13.984888286649126,0.6363636363636364
3864,Timothé,Luwawu-Cabarrot,Forward,RMB,12.8,2,True,EFS,away,1,0.9921276802747302,0.45304645939014787,12.486801354037029,0.6363636363636364
4252,Jean,Montero,Guard,OLY,12.8,2,True,ZAL,away,1,0.9744801011921955,0.5805765029825134,13.742486272118175,0.6363636363636364
3926,Filip,Petrusev,Forward,DUB,12.7,2,True,BAR,home,1,0.9713488831066465,0.6559925019272739,13.404565259369983,0.6363636363636364
7201,Dwayne,Bacon,Forward,DUB,12.7,2,True,BAR,home,1,0.9713488831066465,0.6559925019272739,10.669227548097435,0.6363636363636364
8567,Talen,Horton-Tucker,Guard,FBT,12.7,2,True,BAY,home,1,0.9974756531960829,0.7092772931374499,13.777814436893017,0.6363636363636364
3874,Tyler,Dorsey,Guard,OLY,12.6,2,True,ZAL,away,1,0.9744801011921955,0.5805765029825134,10.264129951783492,0.6363636363636364
3785,Josh,Nebo,Center,BAR,12.5,2,True,DUB,away,1,1.0622923492427345,0.3440074980727261,10.94233119411092,0.6363636363636364
11507,Amir,Coffey,Forward,HTA,12.5,2,True,CZV,away,1,0.9891896493697208,0.4915687920575817,7.289776441006741,0.6363636363636364
3775,Shavon,Shields,Forward,FBT,12.4,2,True,BAY,home,1,0.9974756531960829,0.7092772931374499,11.386814114644507,0.6363636363636364
3777,Will,Clyburn,Forward,FBT,12.4,2,True,BAY,home,1,0.9974756531960829,0.7092772931374499,11.87430131596925,0.6363636363636364
7218,Kameron,Taylor,Forward,VBC,12.4,2,True,KBA,home,1,1.0255635195978292,0.7121914040839885,12.782622420746028,0.6363636363636364
11514,Patty,Mills,Guard,ASV,12.3,2,True,PAO,away,2,1.001926866949797,0.2181840260312985,11.436859327715489,0.6363636363636364
3807,Elie,Okobo,Guard,DUB,12.2,2,True,BAR,home,1,0.9713488831066465,0.6559925019272739,11.162754135738833,0.6363636363636364
4882,Daniel,Theis,Center,MTA,12.2,2,True,BJK,home,2,1.0,0.641797062335105,10.511608244006,0.6363636363636364
7202,Justin,Robinson,Guard,BAR,12.2,2,True,DUB,away,1,1.0622923492427345,0.3440074980727261,13.487493143264224,0.6363636363636364
4247,Chris,Jones,Guard,CZV,12.1,2,True,HTA,home,1,1.034263777814163,0.5084312079424183,11.604799476619506,0.6363636363636364
3870,Tyrique,Jones,Center,OLY,12.0,2,True,ZAL,away,1,0.9744801011921955,0.5805765029825134,8.922729973120195,0.6363636363636364
3898,Ante,Zizic,Center,BJK,12.0,2,True,MTA,away,2,1.0330138352168343,0.35820293766489497,9.111822407961691,0.6363636363636364
7193,Vasilije,Micic,Guard,HTA,12.0,2,True,CZV,away,1,0.9891896493697208,0.4915687920575817,10.213816271609723,0.6363636363636364
3820,Alec,Peters,Forward,MIL,11.7,2,True,VIR,home,1,1.0200115787022004,0.6642414123553902,8.385656705638862,0.6363636363636364
3934,Isaac,Bonga,Forward,PAO,11.5,2,True,ASV,home,2,1.0169927670426289,0.7818159739687015,13.777998505734471,0.6363636363636364
11527,Tj,Warren,Forward,PBB,11.5,2,True,PAR,home,1,1.0144890730469769,0.7202916926136118,10.532235908553323,0.6363636363636364
3825,Juancho,Hernangomez,Forward,PAO,11.4,2,True,ASV,home,2,1.0169927670426289,0.7818159739687015,12.169769287952773,0.6363636363636364
3899,Carsen,Edwards,Guard,ZAL,11.4,2,True,OLY,home,1,0.9642251320798811,0.41942349701748666,10.146095542852839,0.6363636363636364
3810,Bonzie,Colson,Forward,MTA,11.3,2,True,BJK,home,2,1.0,0.641797062335105,9.565505747899127,0.6363636363636364
4712,Marcus,Bingham,Center,FBT,11.3,2,True,BAY,home,1,0.9974756531960829,0.7092772931374499,4.236210159695468,0.6363636363636364
11503,Marjon,Beauchamp,Forward,BAY,11.3,2,True,FBT,away,1,0.9720856249749656,0.2907227068625501,9.024926887682206,0.6363636363636364
7221,Azuolas,Tubelis,Forward,ZAL,11.1,2,True,OLY,home,1,0.9642251320798811,0.41942349701748666,12.368388569517167,0.6363636363636364
11528,Tyson,Etienne,Guard,PBB,11.1,2,True,PAR,home,1,1.0144890730469769,0.7202916926136118,9.672394888800042,0.6363636363636364
3808,Codi,Miller-Mcintyre,Guard,OLY,11.0,2,True,ZAL,away,1,0.9744801011921955,0.5805765029825134,12.082315147496235,0.6363636363636364
4164,Johnathan,Motley,Center,CZV,11.0,2,True,HTA,home,1,1.034263777814163,0.5084312079424183,7.259646710629386,0.6363636363636364
7269,Austin,Wiley,Center,BAY,11.0,2,True,FBT,away,1,0.9720856249749656,0.2907227068625501,6.778798683752548,0.6363636363636364
11543,Rasheed,Bello,Guard,VIR,11.0,2,True,MIL,away,1,0.9928592717031777,0.33575858764460975,11.237842749128818,0.6363636363636364
3821,Donta,Hall,Center,OLY,10.9,2,True,ZAL,away,1,0.9744801011921955,0.5805765029825134,7.965531392019704,0.6363636363636364
11522,Keaton,Wallace,Guard,MTA,10.8,2,True,BJK,home,2,1.0,0.641797062335105,7.19353855263563,0.6363636363636364
3779,Kostas,Sloukas,Guard,PAO,10.7,2,True,ASV,home,2,1.0169927670426289,0.7818159739687015,11.214900667867946,0.6363636363636364
7258,Daron,Russell,Guard,EFS,10.7,2,True,RMB,home,1,0.9778469133118989,0.5469535406098521,7.820059000002875,0.6363636363636364
3815,Trent,Forrest,Guard,FBT,10.6,2,True,BAY,home,1,0.9974756531960829,0.7092772931374499,10.445664750657818,0.6363636363636364
3888,Sterling,Brown,Guard,ZAL,10.6,2,True,OLY,home,1,0.9642251320798811,0.41942349701748666,9.996929076012622,0.6363636363636364
11494,Patrick,Baldwin Jr,Center,CZV,10.6,2,True,HTA,home,1,1.034263777814163,0.5084312079424183,8.019265863631842,0.6363636363636364
11504,Johannes,Thiemann,Center,BAY,10.6,2,True,FBT,away,1,0.9720856249749656,0.2907227068625501,5.997216199730549,0.6363636363636364
7204,TJ,Leaf,Forward,MTA,10.5,2,True,BJK,home,2,1.0,0.641797062335105,0.0,0.6363636363636364
8808,Eugene,Omoruyi,Forward,BJK,10.5,2,True,MTA,away,2,1.0330138352168343,0.35820293766489497,8.433676311171748,0.6363636363636364
11544,Trent,Frazier,Guard,VIR,10.5,2,True,MIL,away,1,0.9928592717031777,0.33575858764460975,10.169504165700648,0.6363636363636364
3804,Tadas,Sedekerskis,Forward,KBA,10.4,2,True,VBC,away,1,1.0147146376788245,0.2878085959160115,6.388419034636461,0.6363636363636364
3822,Joel,Bolomboy,Center,ASV,10.4,2,True,PAO,away,2,1.001926866949797,0.2181840260312985,4.0202570985414905,0.6363636363636364
3833,Armoni,Brooks,Guard,VBC,10.3,2,True,KBA,home,1,1.0255635195978292,0.7121914040839885,10.955479008593445,0.6363636363636364
3993,Matthew,Strazel,Guard,EFS,10.3,2,True,RMB,home,1,0.9778469133118989,0.5469535406098521,8.430342732560216,0.6363636363636364
4808,Bruno,Fernando,Center,EFS,10.3,2,True,RMB,home,1,0.9778469133118989,0.5469535406098521,9.974932069657989,0.6363636363636364
7237,Nathan,Reuvers,Forward,VBC,10.3,2,True,KBA,home,1,1.0255635195978292,0.7121914040839885,10.741229027398445,0.6363636363636364
3792,Jordan,Loyd,Guard,EFS,10.2,2,True,RMB,home,1,0.9778469133118989,0.5469535406098521,9.249802930377124,0.6363636363636364
3946,Andreas,Obst,Guard,BAY,10.2,2,True,FBT,away,1,0.9720856249749656,0.2907227068625501,8.773061225789359,0.6363636363636364
7197,Oshae,Brissett,Forward,MTA,10.2,2,True,BJK,home,2,1.0,0.641797062335105,11.222285458416607,0.6363636363636364
7362,Umoja,Gibson,Guard,BAR,10.2,2,True,DUB,away,1,1.0622923492427345,0.3440074980727261,7.926240919890499,0.6363636363636364
3806,Duane,Washington,Guard,BAY,10.1,2,True,FBT,away,1,0.9720856249749656,0.2907227068625501,6.3847960821708805,0.6363636363636364
4340,Kyle,Allman,Guard,PAR,10.1,2,True,PBB,away,1,1.0676155355869732,0.2797083073863882,6.445037975866395,0.6363636363636364
8368,Mamadi,Diakite,Center,DUB,10.1,2,True,BAR,home,1,0.9713488831066465,0.6559925019272739,8.307154056326315,0.6363636363636364
8721,Jared,Butler,Guard,CZV,10.1,2,True,HTA,home,1,1.034263777814163,0.5084312079424183,9.634105759950518,0.6363636363636364
11532,Ethan,Thompson,Guard,PAR,10.1,2,True,PBB,away,1,1.0676155355869732,0.2797083073863882,10.082120651364393,0.6363636363636364
3940,Nick,Weiler-Babb,Guard,CZV,10.0,2,True,HTA,home,1,1.034263777814163,0.5084312079424183,10.457860538255165,0.6363636363636364
9064,Kessler,Edwards,Forward,VIR,10.0,2,True,MIL,away,1,0.9928592717031777,0.33575858764460975,3.646265272679758,0.6363636363636364
11505,Johnny,Juzang,Forward,FBT,10.0,2,True,BAY,home,1,0.9974756531960829,0.7092772931374499,6.002295420145838,0.6363636363636364
11511,Chris,Duarte,Guard,KBA,10.0,2,True,VBC,away,1,1.0147146376788245,0.2878085959160115,9.900301477107492,0.6363636363636364
4180,Devon,Dotson,Guard,BJK,9.9,2,True,MTA,away,2,1.0330138352168343,0.35820293766489497,6.354082903548821,0.6363636363636364
11491,David,Dejulius,Guard,BJK,9.9,2,True,MTA,away,2,1.0330138352168343,0.35820293766489497,4.9013503318798985,0.6363636363636364
11515,Tremont,Waters,Guard,ASV,9.9,2,True,PAO,away,2,1.001926866949797,0.2181840260312985,9.299129921414595,0.6363636363636364
11545,Marcus,Carr,Guard,VIR,9.9,2,True,MIL,away,1,0.9928592717031777,0.33575858764460975,6.7008217877161425,0.6363636363636364
11546,Bobi,Klintman,Center,VIR,9.9,2,True,MIL,away,1,0.9928592717031777,0.33575858764460975,8.822372157021924,0.6363636363636364
3850,Theo,Maledon,Guard,RMB,9.8,2,True,EFS,away,1,0.9921276802747302,0.45304645939014787,10.19289888773376,0.6363636363636364
11508,Jacob,Toppin,Forward,HTA,9.8,2,True,CZV,away,1,0.9891896493697208,0.4915687920575817,4.360006978148141,0.6363636363636364
11529,Alize,Johnson,Forward,PBB,9.8,2,True,PAR,home,1,1.0144890730469769,0.7202916926136118,8.196467390896856,0.6363636363636364
3860,Devin,Booker,Center,MIL,9.7,2,True,VIR,home,1,1.0200115787022004,0.6642414123553902,9.72078715545585,0.6363636363636364
3914,Nigel,Williams-Goss,Guard,ZAL,9.7,2,True,OLY,home,1,0.9642251320798811,0.41942349701748666,7.573762740360826,0.6363636363636364
4210,Anthony,Brown,Forward,BJK,9.7,2,True,MTA,away,2,1.0330138352168343,0.35820293766489497,6.124758003116645,0.6363636363636364
11492,Jaylen,Nowell,Guard,BJK,9.7,2,True,MTA,away,2,1.0330138352168343,0.35820293766489497,7.468062692428334,0.6363636363636364
3841,Tomas,Satoransky,Guard,HTA,9.6,2,True,CZV,away,1,0.9891896493697208,0.4915687920575817,8.383740810411181,0.6363636363636364
3875,Marko,Guduric,Guard,MIL,9.6,2,True,VIR,home,1,1.0200115787022004,0.6642414123553902,10.778351624276372,0.6363636363636364
4675,Antonio,Blakeney,Guard,HTA,9.6,2,True,CZV,away,1,0.9891896493697208,0.4915687920575817,8.338180272382038,0.6363636363636364
7422,Ercan,Osmani,Forward,EFS,9.6,2,True,RMB,home,1,0.9778469133118989,0.5469535406098521,8.785625071767827,0.6363636363636364
8714,Kobi,Simmons,Guard,KBA,9.6,2,True,VBC,away,1,1.0147146376788245,0.2878085959160115,9.432682125436454,0.6363636363636364
4280,Marek,Blazevic,Center,ZAL,9.5,2,True,OLY,home,1,0.9642251320798811,0.41942349701748666,2.390180743312656,0.6363636363636364
4884,Jimmy,Clark III,Guard,MTA,9.5,2,True,BJK,home,2,1.0,0.641797062335105,8.441079756180999,0.6363636363636364
8730,Kenneth,Faried,Center,KBA,9.5,2,True,VBC,away,1,1.0147146376788245,0.2878085959160115,4.680910082046991,0.6363636363636364
11516,Jae,Crowder,Forward,ASV,9.5,2,True,PAO,away,2,1.001926866949797,0.2181840260312985,8.479114921770336,0.6363636363636364
3907,Jaron,Blossomgame,Forward,DUB,9.4,2,True,BAR,home,1,0.9713488831066465,0.6559925019272739,8.643969889955068,0.6363636363636364
4360,Evan,Fournier,Guard,OLY,9.4,2,True,ZAL,away,1,0.9744801011921955,0.5805765029825134,6.90503891760019,0.6363636363636364
7220,Ebuka,Izundu,Center,CZV,9.4,2,True,HTA,home,1,1.034263777814163,0.5084312079424183,7.7196011903592385,0.6363636363636364
11499,Tosan,Evbuomwan,Forward,BAR,9.4,2,True,DUB,away,1,1.0622923492427345,0.3440074980727261,7.267583048977982,0.6363636363636364
11518,Mathis,Dossou-yovo,Forward,ASV,9.4,2,True,PAO,away,2,1.001926866949797,0.2181840260312985,4.691254805978681,0.6363636363636364
3981,Mouhamet,Diouf,Center,VIR,9.3,2,True,MIL,away,1,0.9928592717031777,0.33575858764460975,8.560085036767118,0.6363636363636364
11517,Tyty,Washington,Guard,ASV,9.3,2,True,PAO,away,2,1.001926866949797,0.2181840260312985,7.813356417668199,0.6363636363636364
11530,Maozinha,Pereira,Forward,PBB,9.3,2,True,PAR,home,1,1.0144890730469769,0.7202916926136118,6.708898110482715,0.6363636363636364
11489,Jason,Burnell,Forward,MIL,9.2,2,True,VIR,home,1,1.0200115787022004,0.6642414123553902,6.538646230501374,0.6363636363636364
3845,Joffrey,Lauvergne,Center,PAR,9.1,2,True,PBB,away,1,1.0676155355869732,0.2797083073863882,5.943350936708408,0.6363636363636364
3856,Isaia,Cordinier,Guard,EFS,9.1,2,True,RMB,home,1,0.9778469133118989,0.5469535406098521,6.932339252813469,0.6363636363636364
11500,Stanley,Umude,Guard,BAR,9.1,2,True,DUB,away,1,1.0622923492427345,0.3440074980727261,6.508291340142204,0.6363636363636364
11534,Olivier,Sarr,Center,RMB,9.1,2,True,EFS,away,1,0.9921276802747302,0.45304645939014787,5.465480141187005,0.6363636363636364
11536,Damian,Jones,Center,RMB,9.1,2,True,EFS,away,1,0.9921276802747302,0.45304645939014787,4.007761888280777,0.6363636363636364
3803,Gabriel,Deck,Forward,RMB,9.0,2,True,EFS,away,1,0.9921276802747302,0.45304645939014787,7.40381484579068,0.6363636363636364
3859,Vladimir,Lucic,Forward,BAY,9.0,2,True,FBT,away,1,0.9720856249749656,0.2907227068625501,8.142153721511963,0.6363636363636364
7194,Chuma,Okeke,Forward,RMB,9.0,2,True,EFS,away,1,0.9921276802747302,0.45304645939014787,6.507730601545628,0.6363636363636364
8762,Jared,Rhoden,Guard,PBB,9.0,2,True,PAR,home,1,1.0144890730469769,0.7202916926136118,6.784641277766776,0.6363636363636364
11490,Garrison,Mathews,Guard,MIL,9.0,2,True,VIR,home,1,1.0200115787022004,0.6642414123553902,5.795267813580247,0.6363636363636364
11537,Gonzalo,Corbalan,Guard,VBC,9.0,2,True,KBA,home,1,1.0255635195978292,0.7121914040839885,9.002484103299139,0.6363636363636364
4124,Kevin,Kokila,Center,VIR,8.9,2,True,MIL,away,1,0.9928592717031777,0.33575858764460975,3.4476190595987326,0.6363636363636364
7203,Miles,Norris,Forward,BAY,8.9,2,True,FBT,away,1,0.9720856249749656,0.2907227068625501,3.3527304368848228,0.6363636363636364
3853,Jerian,Grant,Guard,PAO,8.8,2,True,ASV,home,2,1.0169927670426289,0.7818159739687015,7.755744601387611,0.6363636363636364
3884,Neal,Sako,Center,VBC,8.8,2,True,KBA,home,1,1.0255635195978292,0.7121914040839885,6.40734527459476,0.6363636363636364
3930,Yam,Madar,Guard,MTA,8.8,2,True,BJK,home,2,1.0,0.641797062335105,2.4007076303483914,0.6363636363636364
4108,Dj,Stewart,Guard,KBA,8.8,2,True,VBC,away,1,1.0147146376788245,0.2878085959160115,6.479028608544596,0.6363636363636364
8463,Kai,Jones,Center,EFS,8.8,2,True,RMB,home,1,0.9778469133118989,0.5469535406098521,7.7516248800664815,0.6363636363636364
11501,Tyrese,Martin,Forward,BAR,8.8,2,True,DUB,away,1,1.0622923492427345,0.3440074980727261,5.788457422726667,0.6363636363636364
11512,Aj,Lawson,Guard,KBA,8.8,2,True,VBC,away,1,1.0147146376788245,0.2878085959160115,5.659455400066037,0.6363636363636364
11519,Hugo,Besson,Guard,ASV,8.8,2,True,PAO,away,2,1.001926866949797,0.2181840260312985,5.741279071239425,0.6363636363636364
3831,Darius,Thompson,Guard,MIL,8.7,2,True,VIR,home,1,1.0200115787022004,0.6642414123553902,10.362066899368255,0.6363636363636364
3881,Leandro,Bolmaro,Guard,MIL,8.7,2,True,VIR,home,1,1.0200115787022004,0.6642414123553902,6.878388381667742,0.6363636363636364
4257,Jaime,Pradilla,Forward,RMB,8.7,2,True,EFS,away,1,0.9921276802747302,0.45304645939014787,6.979856147125199,0.6363636363636364
7338,Both,Gach,Forward,ASV,8.7,2,True,PAO,away,2,1.001926866949797,0.2181840260312985,6.109076885820588,0.6363636363636364
11488,Santi,Yusta,Forward,EFS,8.7,2,True,RMB,home,1,0.9778469133118989,0.5469535406098521,2.1123482909647557,0.6363636363636364
11538,Mo,Gueye,Forward,VBC,8.7,2,True,KBA,home,1,1.0255635195978292,0.7121914040839885,7.38638958294611,0.6363636363636364
11547,Wendell,Moore Jr,Guard,VIR,8.7,2,True,MIL,away,1,0.9928592717031777,0.33575858764460975,5.215817822083693,0.6363636363636364
3892,Rokas,Jokubaitis,Guard,BAY,8.6,2,True,FBT,away,1,0.9720856249749656,0.2907227068625501,5.000922064231056,0.6363636363636364
4670,Saben,Lee,Guard,ZAL,8.6,2,True,OLY,home,1,0.9642251320798811,0.41942349701748666,4.7356762621420705,0.6363636363636364
11493,Mady,Sissoko,Center,BJK,8.6,2,True,MTA,away,2,1.0330138352168343,0.35820293766489497,5.177125109104026,0.6363636363636364
4081,Conor,Morgan,Forward,BJK,8.5,2,True,MTA,away,2,1.0330138352168343,0.35820293766489497,2.317759721257707,0.6363636363636364
7210,Omari,Moore,Guard,VBC,8.5,2,True,KBA,home,1,1.0255635195978292,0.7121914040839885,7.993038922065968,0.6363636363636364
7268,Rj,Cole,Guard,MIL,8.5,2,True,VIR,home,1,1.0200115787022004,0.6642414123553902,4.091708260114446,0.6363636363636364
3776,Wenyen,Gabriel,Center,BJK,8.4,2,True,MTA,away,2,1.0330138352168343,0.35820293766489497,4.560782880475195,0.6363636363636364
7212,Derrick,Alston Jr.,Forward,VIR,8.4,2,True,MIL,away,1,0.9928592717031777,0.33575858764460975,7.8287954456549675,0.6363636363636364
11513,Damion,Baugh,Guard,KBA,8.4,2,True,VBC,away,1,1.0147146376788245,0.2878085959160115,3.8914765693457376,0.6363636363636364
3780,Furkan,Korkmaz,Forward,BJK,8.3,2,True,MTA,away,2,1.0330138352168343,0.35820293766489497,2.114995618059806,0.6363636363636364
3816,Markus,Howard,Guard,KBA,8.3,2,True,VBC,away,1,1.0147146376788245,0.2878085959160115,5.721713884825435,0.6363636363636364
3905,Iffe,Lundberg,Guard,MTA,8.3,2,True,BJK,home,2,1.0,0.641797062335105,5.64893011945849,0.6363636363636364
4251,Brancou,Badio,Guard,PAO,8.3,2,True,ASV,home,2,1.0169927670426289,0.7818159739687015,8.461737949343878,0.6363636363636364
8846,Tonye,Jekiri,Center,PAR,8.3,2,True,PBB,away,1,1.0676155355869732,0.2797083073863882,4.852245925561574,0.6363636363636364
3797,Moustapha,Fall,Center,PAO,8.2,2,True,ASV,home,2,1.0169927670426289,0.7818159739687015,1.7391011988529352,0.6363636363636364
3801,Nicolo,Melli,Forward,FBT,8.2,2,True,BAY,home,1,0.9974756531960829,0.7092772931374499,7.455989751921909,0.6363636363636364
3861,Thomas,Walkup,Guard,OLY,8.2,2,True,ZAL,away,1,0.9744801011921955,0.5805765029825134,6.352203546287511,0.6363636363636364
3925,Devon,Hall,Guard,MIL,8.2,2,True,VIR,home,1,1.0200115787022004,0.6642414123553902,7.721982799043122,0.6363636363636364
3838,Collin,Malcolm,Forward,EFS,8.1,2,True,RMB,home,1,0.9778469133118989,0.5469535406098521,7.24531291905832,0.6363636363636364
3880,Derek ,Willis,Forward,PAR,8.1,2,True,PBB,away,1,1.0676155355869732,0.2797083073863882,4.942201798644218,0.6363636363636364
3980,Aleksander,Balcerowski,Center,BAR,8.0,2,True,DUB,away,1,1.0622923492427345,0.3440074980727261,1.7432890228442988,0.6363636363636364
7209,Lamar,Stevens,Forward,PAR,8.0,2,True,PBB,away,1,1.0676155355869732,0.2797083073863882,5.160621203398792,0.6363636363636364
7215,Dylan,Osetkowski,Forward,VBC,8.0,2,True,KBA,home,1,1.0255635195978292,0.7121914040839885,6.764907844794683,0.6363636363636364
7226,Allan,Dokossi,Center,PBB,8.0,2,True,PAR,home,1,1.0144890730469769,0.7202916926136118,7.787044431851367,0.6363636363636364
8727,Braxton,Key,Forward,FBT,8.0,2,True,BAY,home,1,0.9974756531960829,0.7092772931374499,4.445667984633778,0.6363636363636364
11509,Eugene,German,Guard,HTA,8.0,2,True,CZV,away,1,0.9891896493697208,0.4915687920575817,1.6438161860406486,0.6363636363636364
11535,Max,Shulga,Guard,RMB,8.0,2,True,EFS,away,1,0.9921276802747302,0.45304645939014787,3.600022039602741,0.6363636363636364
7243,Nathan,Sestina,Forward,ASV,7.9,2,True,PAO,away,2,1.001926866949797,0.2181840260312985,0.7873668031950045,0.6363636363636364
8834,Chris,Silva,Center,FBT,7.9,2,True,BAY,home,1,0.9974756531960829,0.7092772931374499,1.8453856829990234,0.6363636363636364
3826,Frank,Ntilikina,Guard,PBB,7.8,2,True,PAR,home,1,1.0144890730469769,0.7202916926136118,2.605182751979639,0.6363636363636364
4097,Nikola,Tanaskovic,Center,PAR,7.8,2,True,PBB,away,1,1.0676155355869732,0.2797083073863882,1.4683789980150272,0.6363636363636364
11502,Olivier,Nkamboua,Forward,BAR,7.8,2,True,DUB,away,1,1.0622923492427345,0.3440074980727261,4.842173103780724,0.6363636363636364
3824,Luca,Vildoza,Guard,PAR,7.7,2,True,PBB,away,1,1.0676155355869732,0.2797083073863882,7.180665190047462,0.6363636363636364
3960,Tamir,Blatt,Guard,HTA,7.7,2,True,CZV,away,1,0.9891896493697208,0.4915687920575817,6.650354749681708,0.6363636363636364
4195,Justinian,Jessup,Guard,BAY,7.7,2,True,FBT,away,1,0.9720856249749656,0.2907227068625501,6.340915558031813,0.6363636363636364
4758,Perry,Dozier,Guard,EFS,7.7,2,True,RMB,home,1,0.9778469133118989,0.5469535406098521,0.9093751448736376,0.6363636363636364
3828,Georgios,Papagiannis,Center,EFS,7.5,2,True,RMB,home,1,0.9778469133118989,0.5469535406098521,0.0,0.6363636363636364
3842,Scottie,Wilbekin,Guard,BJK,7.5,2,True,MTA,away,2,1.0330138352168343,0.35820293766489497,3.802919744717048,0.6363636363636364
3846,Tyson,Ward,Forward,OLY,7.5,2,True,ZAL,away,1,0.9744801011921955,0.5805765029825134,5.363038130335453,0.6363636363636364
3883,Johannes,Voigtmann,Center,BAY,7.5,2,True,FBT,away,1,0.9720856249749656,0.2907227068625501,3.3421598050811583,0.6363636363636364
3948,Mbaye,Ndiaye,Forward,OLY,7.5,2,True,ZAL,away,1,0.9744801011921955,0.5805765029825134,6.277070037576236,0.6363636363636364
4159,Khadeen,Carrington,Guard,HTA,7.5,2,True,CZV,away,1,0.9891896493697208,0.4915687920575817,0.861617504707907,0.6363636363636364
4246,Semi,Ojeleye,Forward,CZV,7.5,2,True,HTA,home,1,1.034263777814163,0.5084312079424183,7.613761290939996,0.6363636363636364
11520,Yves,Pons,Forward,ASV,7.5,2,True,PAO,away,2,1.001926866949797,0.2181840260312985,3.174152613828708,0.6363636363636364
11558,Justin,Minaya,Forward,BAR,7.5,2,True,DUB,away,1,1.0622923492427345,0.3440074980727261,4.09568867555038,0.6363636363636364
3911,Kevarrius,Hayes,Center,PAR,7.3,2,True,PBB,away,1,1.0676155355869732,0.2797083073863882,5.723783209405121,0.6363636363636364
3957,Oscar,Da Silva,Forward,BAY,7.3,2,True,FBT,away,1,0.9720856249749656,0.2907227068625501,4.986862054394107,0.6363636363636364
3963,Alessandro,Pajola,Guard,PAR,7.3,2,True,PBB,away,1,1.0676155355869732,0.2797083073863882,4.243586591629166,0.6363636363636364
3942,Maodo,Lo,Guard,ZAL,7.2,2,True,OLY,home,1,0.9642251320798811,0.41942349701748666,5.883848216800752,0.6363636363636364
7867,Armando,Bacot,Center,MTA,7.2,2,True,BJK,home,2,1.0,0.641797062335105,0.8739990043459808,0.6363636363636364
11539,Elias,Valtonen,Forward,VBC,7.2,2,True,KBA,home,1,1.0255635195978292,0.7121914040839885,2.9028045514729985,0.6363636363636364
3917,Kamar,Baldwin,Guard,BAY,7.1,2,True,FBT,away,1,0.9720856249749656,0.2907227068625501,1.7068622654270829,0.6363636363636364
4129,Myles,Cale,Guard,ASV,7.1,2,True,PAO,away,2,1.001926866949797,0.2181840260312985,2.3924651289359886,0.6363636363636364
3891,Vitto,Brown,Forward,BJK,7.0,2,True,MTA,away,2,1.0330138352168343,0.35820293766489497,0.9610771096650246,0.6363636363636364
3973,Joel,Parra,Forward,BAR,7.0,2,True,DUB,away,1,1.0622923492427345,0.3440074980727261,5.447354729327919,0.6363636363636364
3992,Terry,Tarpey,Guard,PBB,7.0,2,True,PAR,home,1,1.0144890730469769,0.7202916926136118,2.0263192377226713,0.6363636363636364
4212,Yoan,Makoundou,Center,BAR,7.0,2,True,DUB,away,1,1.0622923492427345,0.3440074980727261,1.0863346676602461,0.6363636363636364
4375,Arnas,Butkevicius,Forward,ZAL,7.0,2,True,OLY,home,1,0.9642251320798811,0.41942349701748666,5.514712794507453,0.6363636363636364
7229,Mouhamed,Faye,Center,PBB,7.0,2,True,PAR,home,1,1.0144890730469769,0.7202916926136118,6.934723930935905,0.6363636363636364
8993,Cory,Joseph,Guard,OLY,7.0,2,True,ZAL,away,1,0.9744801011921955,0.5805765029825134,1.707080030721656,0.6363636363636364
3952,Mam,Jaiteh,Center,DUB,6.8,2,True,BAR,home,1,0.9713488831066465,0.6559925019272739,1.316864929473191,0.6363636363636364
7217,Tyson,Carter,Guard,CZV,6.8,2,True,HTA,home,1,1.034263777814163,0.5084312079424183,1.275165797873482,0.6363636363636364
7390,Tobias,Jensen,Guard,BAY,6.8,2,True,FBT,away,1,0.9720856249749656,0.2907227068625501,0.6381059960677307,0.6363636363636364
7328,Kaodirichi,Akobundu-Ehiogu,Center,ZAL,6.7,2,True,OLY,home,1,0.9642251320798811,0.41942349701748666,1.0722785310875083,0.6363636363636364
11498,Davion,Mintz,Guard,DUB,6.6,2,True,BAR,home,1,0.9713488831066465,0.6559925019272739,2.072549624170414,0.6363636363636364
3904,Justin,Anderson,Forward,DUB,6.5,2,True,BAR,home,1,0.9713488831066465,0.6559925019272739,4.329416046015969,0.6363636363636364
4167,Ish,Wainright,Forward,HTA,6.5,2,True,CZV,away,1,0.9891896493697208,0.4915687920575817,2.959663798473238,0.6363636363636364
7225,David,Kramer,Guard,CZV,6.5,2,True,HTA,home,1,1.034263777814163,0.5084312079424183,0.47250119545352937,0.6363636363636364
7234,Yankuba,Sima,Center,VBC,6.5,2,True,KBA,home,1,1.0255635195978292,0.7121914040839885,0.5387902957649894,0.6363636363636364
7238,Rodions,Kurucs,Forward,KBA,6.5,2,True,VBC,away,1,1.0147146376788245,0.2878085959160115,4.205808146717914,0.6363636363636364
7424,Aliou,Diarra,Center,VIR,6.5,2,True,MIL,away,1,0.9928592717031777,0.33575858764460975,3.4795443791962484,0.6363636363636364
11525,Antonis,Karagiannidis,Center,OLY,6.5,2,True,ZAL,away,1,0.9744801011921955,0.5805765029825134,0.6207348528225561,0.6363636363636364
3852,Edgaras,Ulanovas,Forward,ZAL,6.4,2,True,OLY,home,1,0.9642251320798811,0.41942349701748666,6.226404245209139,0.6363636363636364
3915,Matteo,Spagnolo,Guard,KBA,6.4,2,True,VBC,away,1,1.0147146376788245,0.2878085959160115,4.89702733877847,0.6363636363636364
3967,Dario,Brizuela,Guard,BAR,6.4,2,True,DUB,away,1,1.0622923492427345,0.3440074980727261,4.190107608443512,0.6363636363636364
7219,Amath,M'baye,Forward,PBB,6.4,2,True,PAR,home,1,1.0144890730469769,0.7202916926136118,4.476770008592387,0.6363636363636364
3918,Marius,Grigonis,Forward,ZAL,6.3,2,True,OLY,home,1,0.9642251320798811,0.41942349701748666,1.2261724449156117,0.6363636363636364
4073,Tai,Odiase,Center,HTA,6.3,2,True,CZV,away,1,0.9891896493697208,0.4915687920575817,2.125743607168093,0.6363636363636364
4084,Dustin,Sleva,Forward,ZAL,6.3,2,True,OLY,home,1,0.9642251320798811,0.41942349701748666,4.333669467090619,0.6363636363636364
4156,Jeremy,Morgan,Forward,PBB,6.3,2,True,PAR,home,1,1.0144890730469769,0.7202916926136118,3.966331969037867,0.6363636363636364
7232,Bodian,Massa,Forward,ASV,6.3,2,True,PAO,away,2,1.001926866949797,0.2181840260312985,2.530357774155492,0.6363636363636364
11506,Ignas,Sargiunas,Guard,FBT,6.3,2,True,BAY,home,1,0.9974756531960829,0.7092772931374499,1.2525364861067347,0.6363636363636364
3851,Andres,Feliz,Guard,RMB,6.2,2,True,EFS,away,1,0.9921276802747302,0.45304645939014787,4.343026774645123,0.6363636363636364
3927,Daulton,Hommes,Forward,PBB,6.2,2,True,PAR,home,1,1.0144890730469769,0.7202916926136118,2.006150812857523,0.6363636363636364
3835,Usman,Garuba,Center,RMB,6.1,2,True,EFS,away,1,0.9921276802747302,0.45304645939014787,3.8562359312772965,0.6363636363636364
7378,Agustin,Ubal,Guard,BAR,6.1,2,True,DUB,away,1,1.0622923492427345,0.3440074980727261,1.0738865985890216,0.6363636363636364
3869,Mikael,Jantunen,Forward,RMB,6.0,2,True,EFS,away,1,0.9921276802747302,0.45304645939014787,3.366296838364477,0.6363636363636364
4094,Kenan,Kamenjas,Center,DUB,5.9,2,True,BAR,home,1,0.9713488831066465,0.6559925019272739,3.1356729734679565,0.6363636363636364
11523,Shane,Hunter,Center,MTA,5.9,2,True,BJK,home,2,1.0,0.641797062335105,2.1923559666234875,0.6363636363636364
3954,Khalifa,Diop,Center,KBA,5.8,2,True,VBC,away,1,1.0147146376788245,0.2878085959160115,3.8586554660403904,0.6363636363636364
4234,Tyler,Ennis,Guard,HTA,5.7,2,True,CZV,away,1,0.9891896493697208,0.4915687920575817,0.0,0.6363636363636364
11531,Nobel,Boungou-colo,Forward,PBB,5.7,2,True,PAR,home,1,1.0144890730469769,0.7202916926136118,0.1715822286200705,0.6363636363636364
3836,Konstantinos,Mitoglou,Forward,PAO,5.5,2,True,ASV,home,2,1.0169927670426289,0.7818159739687015,4.1860086448736595,0.6363636363636364
3962,Mario,Nakic,Forward,PAR,5.5,2,True,PBB,away,1,1.0676155355869732,0.2797083073863882,0.47169453336592354,0.6363636363636364
4008,Metecan,Birsen,Forward,BJK,5.5,2,True,MTA,away,2,1.0330138352168343,0.35820293766489497,1.0231253751181881,0.6363636363636364
4242,Davide,Casarin,Guard,VIR,5.5,2,True,MIL,away,1,0.9928592717031777,0.33575858764460975,0.5037880498826729,0.6363636363636364
4258,Josep,Puerto,Guard,VBC,5.5,2,True,KBA,home,1,1.0255635195978292,0.7121914040839885,3.8373182643378323,0.6363636363636364
7216,Davis,Bertans,Forward,DUB,5.5,2,True,BAR,home,1,0.9713488831066465,0.6559925019272739,2.9713608934937588,0.6363636363636364
7231,Brice,Dessert,Center,EFS,5.5,2,True,RMB,home,1,0.9778469133118989,0.5469535406098521,2.300181188120582,0.6363636363636364
8830,Francesco,Ferrari,Forward,VIR,5.2,2,True,MIL,away,1,0.9928592717031777,0.33575858764460975,1.1776730278712846,0.6363636363636364
3972,Justus,Hollatz,Guard,BAY,5.1,2,True,FBT,away,1,0.9720856249749656,0.2907227068625501,2.0033550307240544,0.6363636363636364
7223,Clement,Frisch,Forward,KBA,5.1,2,True,VBC,away,1,1.0147146376788245,0.2878085959160115,3.6877694993082746,0.6363636363636364
3830,Deividas,Sirvydis,Guard,ZAL,5.0,2,True,OLY,home,1,0.9642251320798811,0.41942349701748666,1.6705730431019024,0.6363636363636364
3950,Ognjen,Dobric,Forward,CZV,5.0,2,True,HTA,home,1,1.034263777814163,0.5084312079424183,2.7252480011630094,0.6363636363636364
3971,Vanja,Marinkovic,Guard,PAR,5.0,2,True,PBB,away,1,1.0676155355869732,0.2797083073863882,1.7119023569960443,0.6363636363636364
3975,Sebastian,Herrera,Guard,PBB,5.0,2,True,PAR,home,1,1.0144890730469769,0.7202916926136118,3.396320052791045,0.6363636363636364
3978,Eli,Ndiaye,Forward,RMB,5.0,2,True,EFS,away,1,0.9921276802747302,0.45304645939014787,0.35746877137842914,0.6363636363636364
4546,Joel,Ayayi,Guard,PBB,5.0,2,True,PAR,home,1,1.0144890730469769,0.7202916926136118,0.8182805248728663,0.6363636363636364
4698,Onuralp,Bitim,Forward,FBT,5.0,2,True,BAY,home,1,0.9974756531960829,0.7092772931374499,1.3269139761165678,0.6363636363636364
11510,Frederic,Bourdillon,Guard,HTA,5.0,2,True,CZV,away,1,0.9891896493697208,0.4915687920575817,0.19975142382517805,0.6363636363636364
3886,Daniel,Hackett,Guard,VIR,4.8,2,True,MIL,away,1,0.9928592717031777,0.33575858764460975,2.8681380394853826,0.6363636363636364
3933,Leopold,Cavaliere,Forward,PBB,4.8,2,True,PAR,home,1,1.0144890730469769,0.7202916926136118,3.1215942026008903,0.6363636363636364
3985,David,Lighty,Forward,ASV,4.8,2,True,PAO,away,2,1.001926866949797,0.2181840260312985,2.191114481694976,0.6363636363636364
3994,Yakuba,Ouattara,Guard,PBB,4.8,2,True,PAR,home,1,1.0144890730469769,0.7202916926136118,2.8221381829412833,0.6363636363636364
11495,Nikola,Djurisic,Guard,CZV,4.8,2,True,HTA,home,1,1.034263777814163,0.5084312079424183,0.5641942389150443,0.6363636363636364
11521,Marc-owen,Fodzo Dada,Guard,ASV,4.8,2,True,PAO,away,2,1.001926866949797,0.2181840260312985,0.5400476615369473,0.6363636363636364
11540,Mario,Saint-supery,Guard,VBC,4.7,2,True,KBA,home,1,1.0255635195978292,0.7121914040839885,0.6199247457060572,0.6363636363636364
3896,Juan,Nunez,Guard,BAR,4.6,2,True,DUB,away,1,1.0622923492427345,0.3440074980727261,0.2549166148209368,0.6363636363636364
3979,Giannoulis,Larentzakis,Guard,OLY,4.6,2,True,ZAL,away,1,0.9744801011921955,0.5805765029825134,0.09400096291725359,0.6363636363636364
4005,Edwin,Jackson,Forward,ASV,4.6,2,True,PAO,away,2,1.001926866949797,0.2181840260312985,1.4835902030714336,0.6363636363636364
3936,Nikos,Rogkavopoulos,Forward,PAO,4.5,2,True,ASV,home,2,1.0169927670426289,0.7818159739687015,1.4448426117743296,0.6363636363636364
3977,Sergio,Llull,Guard,RMB,4.5,2,True,EFS,away,1,0.9921276802747302,0.45304645939014787,1.2275762285504674,0.6363636363636364
3984,Sertac,Sanli,Center,FBT,4.5,2,True,BAY,home,1,0.9974756531960829,0.7092772931374499,0.4430796920179954,0.6363636363636364
3988,John,Dibartolomeo,Guard,MTA,4.5,2,True,BJK,home,2,1.0,0.641797062335105,2.42891542084056,0.6363636363636364
3991,Alberto,Abalde,Forward,RMB,4.5,2,True,EFS,away,1,0.9921276802747302,0.45304645939014787,2.3977257354998582,0.6363636363636364
3998,Dovydas,Giedraitis,Guard,ZAL,4.5,2,True,OLY,home,1,0.9642251320798811,0.41942349701748666,0.778441530828289,0.6363636363636364
4012,Giampaolo,Ricci,Forward,MIL,4.5,2,True,VIR,home,1,1.0200115787022004,0.6642414123553902,3.4337322962225687,0.6363636363636364
4061,Eleftherios,Mantzoukas,Forward,PAO,4.5,2,True,ASV,home,2,1.0169927670426289,0.7818159739687015,0.2808501416454726,0.6363636363636364
4165,Tomer,Ginat,Forward,HTA,4.5,2,True,CZV,away,1,0.9891896493697208,0.4915687920575817,0.9653077601805429,0.6363636363636364
7228,Klemen,Prepelic,Guard,DUB,4.5,2,True,BAR,home,1,0.9713488831066465,0.6559925019272739,1.8860050356798712,0.6363636363636364
7239,Izan,Almansa,Forward,RMB,4.5,2,True,EFS,away,1,0.9921276802747302,0.45304645939014787,0.08158380178366462,0.6363636363636364
7241,Gur,Lavy,Forward,MTA,4.5,2,True,BJK,home,2,1.0,0.641797062335105,0.0,0.6363636363636364
9063,Amit,Ebo,Guard,MTA,4.5,2,True,BJK,home,2,1.0,0.641797062335105,0.1810623587521027,0.6363636363636364
11541,Alvaro,Cardenas,Guard,VBC,4.5,2,True,KBA,home,1,1.0255635195978292,0.7121914040839885,0.3978650353386516,0.6363636363636364
3983,Dejan,Davidovac,Forward,CZV,4.4,2,True,HTA,home,1,1.034263777814163,0.5084312079424183,1.7330430932546736,0.6363636363636364
3986,Niels,Giffey,Forward,BAY,4.4,2,True,FBT,away,1,0.9720856249749656,0.2907227068625501,2.063542804989976,0.6363636363636364
4007,Erkan,Yilmaz,Forward,EFS,4.4,2,True,RMB,home,1,0.9778469133118989,0.5469535406098521,0.8747054747956406,0.6363636363636364
4088,Berk,Ugurlu,Guard,BJK,4.4,2,True,MTA,away,2,1.0330138352168343,0.35820293766489497,0.8947717487092169,0.6363636363636364
11524,Nikolaos,Plotas,Guard,OLY,4.4,2,True,ZAL,away,1,0.9744801011921955,0.5805765029825134,0.233855673344014,0.6363636363636364
11548,Tommaso,Baldasso,Guard,VIR,4.4,2,True,MIL,away,1,0.9928592717031777,0.33575858764460975,0.2383472194925485,0.6363636363636364
3867,Kostas,Papanikolaou,Forward,OLY,4.3,2,True,ZAL,away,1,0.9744801011921955,0.5805765029825134,1.5861159682436798,0.6363636363636364
4378,William,Rayman,Forward,MTA,4.3,2,True,BJK,home,2,1.0,0.641797062335105,2.512999047920234,0.6363636363636364
3997,Stefano,Tonut,Guard,MIL,4.2,2,True,VIR,home,1,1.0200115787022004,0.6642414123553902,0.4505990857579092,0.6363636363636364
4038,Dimitris,Moraitis,Guard,PAO,4.2,2,True,ASV,home,2,1.0169927670426289,0.7818159739687015,0.32787016366371685,0.6363636363636364
7230,Awudu,Abass,Forward,DUB,4.2,2,True,BAR,home,1,0.9713488831066465,0.6559925019272739,1.3487679463184972,0.6363636363636364
8623,Kosta,Kondic,Guard,DUB,4.2,2,True,BAR,home,1,0.9713488831066465,0.6559925019272739,1.2375607186367765,0.6363636363636364
11542,Lucas,Mari,Guard,VBC,4.2,2,True,KBA,home,1,1.0255635195978292,0.7121914040839885,0.3176282051321701,0.6363636363636364
3916,Gabriele,Procida,Forward,RMB,4.1,2,True,EFS,away,1,0.9921276802747302,0.45304645939014787,0.35875567223877086,0.6363636363636364
3976,Arijan,Lakic,Forward,PAR,4.0,2,True,PBB,away,1,1.0676155355869732,0.2797083073863882,1.477757853388869,0.6363636363636364
4000,Melih,Mahmutoglu,Guard,FBT,4.0,2,True,BAY,home,1,0.9974756531960829,0.7092772931374499,0.05973892839200208,0.6363636363636364
4003,Enzo,Shahrvin,Center,PBB,4.0,2,True,PAR,home,1,1.0144890730469769,0.7202916926136118,0.7579134650732835,0.6363636363636364
4009,Ousmane,Diop,Center,MIL,4.0,2,True,VIR,home,1,1.0200115787022004,0.6642414123553902,0.38667137664679124,0.6363636363636364
4013,Diego,Flaccadori,Guard,MIL,4.0,2,True,VIR,home,1,1.0200115787022004,0.6642414123553902,0.212490105548311,0.6363636363636364
4016,Nicola,Akele,Forward,MIL,4.0,2,True,VIR,home,1,1.0200115787022004,0.6642414123553902,1.915699418635362,0.6363636363636364
4019,Panagiotis,Kalaitzakis,Guard,PAO,4.0,2,True,ASV,home,2,1.0169927670426289,0.7818159739687015,0.6626073291088986,0.6363636363636364
4023,Mitar,Bosnjakovic,Guard,PAR,4.0,2,True,PBB,away,1,1.0676155355869732,0.2797083073863882,0.06356758145833638,0.6363636363636364
4026,Burakcan,Yildizli,Forward,EFS,4.0,2,True,RMB,home,1,0.9778469133118989,0.5469535406098521,0.09251326847708079,0.6363636363636364
4036,Mert,Eksioglu,Guard,FBT,4.0,2,True,BAY,home,1,0.9974756531960829,0.7092772931374499,0.4083543415007489,0.6363636363636364
4174,Guy,Palatin,Guard,HTA,4.0,2,True,CZV,away,1,0.9891896493697208,0.4915687920575817,0.07723342698908366,0.6363636363636364
4175,Oz,Blayzer,Forward,HTA,4.0,2,True,CZV,away,1,0.9891896493697208,0.4915687920575817,0.066695847268501,0.6363636363636364
4551,Bar,Timor,Guard,HTA,4.0,2,True,CZV,away,1,0.9891896493697208,0.4915687920575817,0.33195122043359454,0.6363636363636364
7245,David,Mutaf,Guard,EFS,4.0,2,True,RMB,home,1,0.9778469133118989,0.5469535406098521,0.2653346536202267,0.6363636363636364
7246,Stefan,Miljenovic,Guard,CZV,4.0,2,True,HTA,home,1,1.034263777814163,0.5084312079424183,0.587516283650224,0.6363636363636364
7248,Nemanja,Dangubic,Forward,DUB,4.0,2,True,BAR,home,1,0.9713488831066465,0.6559925019272739,0.20125404742042424,0.6363636363636364
7250,Ioannis,Kouzeloglou,Forward,PAO,4.0,2,True,ASV,home,2,1.0169927670426289,0.7818159739687015,0.17845730189182965,0.6363636363636364
7254,Itay,Segev,Center,HTA,4.0,2,True,CZV,away,1,0.9891896493697208,0.4915687920575817,0.13204144931693484,0.6363636363636364
7255,Omiros,Netzipoglou,Guard,OLY,4.0,2,True,ZAL,away,1,0.9744801011921955,0.5805765029825134,0.023025864805494234,0.6363636363636364
8644,Stefan,Joksimovic,Forward,KBA,4.0,2,True,VBC,away,1,1.0147146376788245,0.2878085959160115,0.24710342714922706,0.6363636363636364
8681,Aleksej,Nedeljkovic,Forward,CZV,4.0,2,True,HTA,home,1,1.034263777814163,0.5084312079424183,0.17058734823770016,0.6363636363636364
8770,Ruzgar,Fenemen,Guard,EFS,4.0,2,True,RMB,home,1,0.9778469133118989,0.5469535406098521,0.12356135199303533,0.6363636363636364
9061,Matteo,Baiocchi,Guard,VIR,4.0,2,True,MIL,away,1,0.9928592717031777,0.33575858764460975,0.015218398253591054,0.6363636363636364
9062,Kilian,Fischer,Forward,BAY,4.0,2,True,FBT,away,1,0.9720856249749656,0.2907227068625501,0.16753709469325728,0.6363636363636364
11496,Andrej,Bjelic,Guard,CZV,4.0,2,True,HTA,home,1,1.034263777814163,0.5084312079424183,0.3204676931038428,0.6363636363636364
11497,Vojin,Medarevic,Center,CZV,4.0,2,True,HTA,home,1,1.034263777814163,0.5084312079424183,0.47602282655681827,0.6363636363636364
11533,Uros,Mijailovic,Forward,PAR,4.0,2,True,PBB,away,1,1.0676155355869732,0.2797083073863882,0.10347265077632409,0.6363636363636364
3868,Zeljko,Obradovic,Head Coach,PAO,10.0,2,True,ASV,home,2,1.0169927670426289,0.7818159739687015,12.08175,0.6363636363636364
3885,Georgios,Bartzokas,Head Coach,OLY,10.0,2,True,ZAL,away,1,0.9744801011921955,0.5805765029825134,5.64175,0.6363636363636364
3872,Pedro,Martinez,Head Coach,RMB,9.0,2,True,EFS,away,1,0.9921276802747302,0.45304645939014787,1.947375,0.6363636363636364
3897,Saras,Jasikevicius,Head Coach,FBT,9.0,2,True,BAY,home,1,0.9974756531960829,0.7092772931374499,9.63675,0.6363636363636364
4172,Dimitris,Itoudis,Head Coach,HTA,8.5,2,True,CZV,away,1,0.9891896493697208,0.4915687920575817,3.037875,0.6363636363636364
3909,Aleksander,Sekulic,Head Coach,BAR,8.0,2,True,DUB,away,1,1.0622923492427345,0.3440074980727261,-1.2765,0.6363636363636364
7235,Xavi,Pascual,Head Coach,DUB,8.0,2,True,BAR,home,1,0.9713488831066465,0.6559925019272739,7.945375,0.6363636363636364
3921,Pablo,Laso,Head Coach,EFS,7.5,2,True,RMB,home,1,0.9778469133118989,0.5469535406098521,4.66275,0.6363636363636364
4006,Tomas,Masiulis,Head Coach,ZAL,7.5,2,True,OLY,home,1,0.9642251320798811,0.41942349701748666,0.969125,0.6363636363636364
3924,Giuseppe,Poeta,Head Coach,MIL,7.0,2,True,VIR,home,1,1.0200115787022004,0.6642414123553902,8.192875,0.6363636363636364
3938,Ibon,Navarro,Head Coach,CZV,7.0,2,True,HTA,home,1,1.034263777814163,0.5084312079424183,3.503375,0.6363636363636364
4255,Xavier,Albert,Head Coach,VBC,7.0,2,True,KBA,home,1,1.0255635195978292,0.7121914040839885,9.72525,0.6363636363636364
3943,Joan,Penarroya,Head Coach,PAR,6.5,2,True,PBB,away,1,1.0676155355869732,0.2797083073863882,-3.284125,0.6363636363636364
3961,Oded,Kattash,Head Coach,MTA,6.5,2,True,BJK,home,2,1.0,0.641797062335105,7.515875,0.6363636363636364
4014,Tony,Parker,Head Coach,ASV,6.0,2,True,PAO,away,2,1.001926866949797,0.2181840260312985,-5.36475,0.6363636363636364
4086,Dusan,Alimpijevic,Head Coach,BJK,6.0,2,True,MTA,away,2,1.0330138352168343,0.35820293766489497,-0.854125,0.6363636363636364
3955,Paolo,Galbiati,Head Coach,KBA,5.0,2,True,VBC,away,1,1.0147146376788245,0.2878085959160115,-3.020125,0.6363636363636364
3964,Alex,Mumbru,Head Coach,VIR,5.0,2,True,MIL,away,1,0.9928592717031777,0.33575858764460975,-1.53475,0.6363636363636364
3974,Anton,Gavel,Head Coach,BAY,5.0,2,True,FBT,away,1,0.9720856249749656,0.2907227068625501,-2.933375,0.6363636363636364
3995,Maxime,Lefevre,Head Coach,PBB,5.0,2,True,PAR,home,1,1.0144890730469769,0.7202916926136118,9.991125,0.6363636363636364
3766,Sasha,Vezenkov,Forward,OLY,17.0,3,True,VIR,away,1,1.0200115787022004,0.6291898468899944,18.07283038579254,0.4049586776859504
3765,Mike,James,Guard,EFS,16.0,3,True,CZV,away,1,0.9891896493697208,0.43193398249797915,14.2011282239797,0.4049586776859504
3770,Chima,Moneke,Forward,CZV,15.5,3,True,EFS,home,1,0.9921276802747302,0.5680660175020209,16.538639988945363,0.4049586776859504
3903,Elijah,Bryant,Guard,HTA,15.5,3,True,RMB,home,1,0.9778469133118989,0.6057600844918912,15.432540578023966,0.4049586776859504
11549,Jonas,Valanciunas,Center,ZAL,15.5,3,True,PBB,away,1,1.0676155355869732,0.3175380237181052,11.342975312953858,0.4049586776859504
3782,Nikola,Milutinov,Center,OLY,15.3,3,True,VIR,away,1,1.0200115787022004,0.6291898468899944,16.156898303138263,0.4049586776859504
3795,TJ,Shorts,Guard,VBC,14.9,3,True,ASV,away,2,1.0169927670426289,0.5538050824586048,10.437584138145292,0.4049586776859504
3812,Jaylen,Hoard,Forward,MTA,14.8,3,True,PAO,away,2,1.001926866949797,0.33729084429670536,14.50559952862678,0.4049586776859504
3834,Nadir,Hifi,Guard,PBB,14.8,3,True,ZAL,home,1,0.9744801011921955,0.6824619762818949,17.093149669261276,0.4049586776859504
3887,Sylvain,Francisco,Guard,PAO,14.8,3,True,MTA,home,2,1.0330138352168343,0.6627091557032947,19.455436439137625,0.4049586776859504
3769,Walter,Tavares,Center,RMB,14.7,3,True,HTA,away,1,1.034263777814163,0.3942399155081088,12.521886118288126,0.4049586776859504
3805,Kendrick,Nunn,Guard,PAO,14.6,3,True,MTA,home,2,1.0330138352168343,0.6627091557032947,0.0,0.4049586776859504
4233,Mfiondu,Kabengele,Center,DUB,14.6,3,True,FBT,away,2,0.9720856249749656,0.4323247524742551,13.414014424368453,0.4049586776859504
11487,Dario,Saric,Forward,EFS,14.5,3,True,CZV,away,1,0.9891896493697208,0.43193398249797915,9.048286998860137,0.4049586776859504
3768,Mathias,Lessort,Center,PAO,14.4,3,True,MTA,home,2,1.0330138352168343,0.6627091557032947,6.565910018601827,0.4049586776859504
3771,Wade,Baldwin,Guard,FBT,14.3,3,True,DUB,home,2,1.0622923492427345,0.5676752475257449,16.025178844478067,0.4049586776859504
11526,Guerschon,Yabusele,Forward,PAO,14.3,3,True,MTA,home,2,1.0330138352168343,0.6627091557032947,10.998611681646784,0.4049586776859504
3857,Dan,Oturu,Center,HTA,14.2,3,True,RMB,home,1,0.9778469133118989,0.6057600844918912,14.951498883150041,0.4049586776859504
3843,Moses,Wright,Center,MIL,14.0,3,True,KBA,away,2,1.0255635195978292,0.44536284132265463,16.15752081897292,0.4049586776859504
3774,Tornike,Shengelia,Forward,DUB,13.8,3,True,FBT,away,2,0.9720856249749656,0.4323247524742551,10.9862695208735,0.4049586776859504
3772,Facundo,Campazzo,Guard,RMB,13.7,3,True,HTA,away,1,1.034263777814163,0.3942399155081088,12.930269416547734,0.4049586776859504
3791,Carlik,Jones,Guard,PAR,13.6,3,True,BAY,away,2,0.9974756531960829,0.3863231928903274,9.402052392046464,0.4049586776859504
3794,Kevin,Punter,Guard,BAR,13.6,3,True,BJK,away,2,1.0,0.45634928819425097,11.747422119533924,0.4049586776859504
3767,Shane,Larkin,Guard,FBT,13.5,3,True,DUB,home,2,1.0622923492427345,0.5676752475257449,8.347888492493915,0.4049586776859504
4096,Mckinley,Wright,Guard,DUB,13.5,3,True,FBT,away,2,0.9720856249749656,0.4323247524742551,12.369072290224187,0.4049586776859504
3787,Nigel,Hayes-davis,Forward,PAO,13.4,3,True,MTA,home,2,1.0330138352168343,0.6627091557032947,0.0,0.4049586776859504
3910,Roman,Sorkin,Center,MTA,13.4,3,True,PAO,away,2,1.001926866949797,0.33729084429670536,11.00959142597784,0.4049586776859504
3790,Dzanan,Musa,Guard,DUB,13.3,3,True,FBT,away,2,0.9720856249749656,0.4323247524742551,7.902632477593706,0.4049586776859504
3799,Zach,Leday,Forward,HTA,13.3,3,True,RMB,home,1,0.9778469133118989,0.6057600844918912,11.566532992364298,0.4049586776859504
3793,Jordan,Nwora,Forward,CZV,13.0,3,True,EFS,home,1,0.9921276802747302,0.5680660175020209,13.491271593039107,0.4049586776859504
3864,Timothé,Luwawu-Cabarrot,Forward,RMB,12.8,3,True,HTA,away,1,1.034263777814163,0.3942399155081088,12.943889816114694,0.4049586776859504
4252,Jean,Montero,Guard,OLY,12.8,3,True,VIR,away,1,1.0200115787022004,0.6291898468899944,14.450679551590554,0.4049586776859504
3926,Filip,Petrusev,Forward,DUB,12.7,3,True,FBT,away,2,0.9720856249749656,0.4323247524742551,12.002073499048269,0.4049586776859504
7201,Dwayne,Bacon,Forward,DUB,12.7,3,True,FBT,away,2,0.9720856249749656,0.4323247524742551,9.552928478663281,0.4049586776859504
8567,Talen,Horton-Tucker,Guard,FBT,12.7,3,True,DUB,home,2,1.0622923492427345,0.5676752475257449,14.479093602107913,0.4049586776859504
3874,Tyler,Dorsey,Guard,OLY,12.6,3,True,VIR,away,1,1.0200115787022004,0.6291898468899944,10.793072656003767,0.4049586776859504
3785,Josh,Nebo,Center,BAR,12.5,3,True,BJK,away,2,1.0,0.45634928819425097,10.412548981376526,0.4049586776859504
11507,Amir,Coffey,Forward,HTA,12.5,3,True,RMB,home,1,0.9778469133118989,0.6057600844918912,7.971128320319749,0.4049586776859504
3775,Shavon,Shields,Forward,FBT,12.4,3,True,DUB,home,2,1.0622923492427345,0.5676752475257449,11.96639337471878,0.4049586776859504
3777,Will,Clyburn,Forward,FBT,12.4,3,True,DUB,home,2,1.0622923492427345,0.5676752475257449,12.478693264526433,0.4049586776859504
7218,Kameron,Taylor,Forward,VBC,12.4,3,True,ASV,away,2,1.0169927670426289,0.5538050824586048,11.412823130681799,0.4049586776859504
11514,Patty,Mills,Guard,ASV,12.3,3,True,VBC,home,2,1.0147146376788245,0.4461949175413951,12.957225178887773,0.4049586776859504
3807,Elie,Okobo,Guard,DUB,12.2,3,True,FBT,away,2,0.9720856249749656,0.4323247524742551,9.994818406758194,0.4049586776859504
4882,Daniel,Theis,Center,MTA,12.2,3,True,PAO,away,2,1.001926866949797,0.33729084429670536,9.349406295623536,0.4049586776859504
7202,Justin,Robinson,Guard,BAR,12.2,3,True,BJK,away,2,1.0,0.45634928819425097,12.834484763703927,0.4049586776859504
4247,Chris,Jones,Guard,CZV,12.1,3,True,EFS,home,1,0.9921276802747302,0.5680660175020209,11.195191431832706,0.4049586776859504
3870,Tyrique,Jones,Center,OLY,12.0,3,True,VIR,away,1,1.0200115787022004,0.6291898468899944,9.382546142944646,0.4049586776859504
3898,Ante,Zizic,Center,BJK,12.0,3,True,BAR,home,2,0.9713488831066465,0.5436507118057491,9.543196523165967,0.4049586776859504
7193,Vasilije,Micic,Guard,HTA,12.0,3,True,RMB,home,1,0.9778469133118989,0.6057600844918912,11.16846871780435,0.4049586776859504
3820,Alec,Peters,Forward,MIL,11.7,3,True,KBA,away,2,1.0255635195978292,0.44536284132265463,7.547014519822497,0.4049586776859504
3934,Isaac,Bonga,Forward,PAO,11.5,3,True,MTA,home,2,1.0330138352168343,0.6627091557032947,13.840445052737122,0.4049586776859504
11527,Tj,Warren,Forward,PBB,11.5,3,True,ZAL,home,1,0.9744801011921955,0.6824619762818949,10.081169876529412,0.4049586776859504
3825,Juancho,Hernangomez,Forward,PAO,11.4,3,True,MTA,home,2,1.0330138352168343,0.6627091557032947,12.224926796464278,0.4049586776859504
3899,Carsen,Edwards,Guard,ZAL,11.4,3,True,PBB,away,1,1.0676155355869732,0.3175380237181052,10.166111167869515,0.4049586776859504
3810,Bonzie,Colson,Forward,MTA,11.3,3,True,PAO,away,2,1.001926866949797,0.33729084429670536,8.50790836038126,0.4049586776859504
4712,Marcus,Bingham,Center,FBT,11.3,3,True,DUB,home,2,1.0622923492427345,0.5676752475257449,4.451829693408395,0.4049586776859504
11503,Marjon,Beauchamp,Forward,BAY,11.3,3,True,PAR,home,2,1.0144890730469769,0.6136768071096725,10.629661800829021,0.4049586776859504
7221,Azuolas,Tubelis,Forward,ZAL,11.1,3,True,PBB,away,1,1.0676155355869732,0.3175380237181052,12.392788204492254,0.4049586776859504
11528,Tyson,Etienne,Guard,PBB,11.1,3,True,ZAL,home,1,0.9744801011921955,0.6824619762818949,9.25815342853079,0.4049586776859504
3808,Codi,Miller-Mcintyre,Guard,OLY,11.0,3,True,VIR,away,1,1.0200115787022004,0.6291898468899944,12.704954618876643,0.4049586776859504
4164,Johnathan,Motley,Center,CZV,11.0,3,True,EFS,home,1,0.9921276802747302,0.5680660175020209,7.0034070659052485,0.4049586776859504
7269,Austin,Wiley,Center,BAY,11.0,3,True,PAR,home,2,1.0144890730469769,0.6136768071096725,7.984146389323285,0.4049586776859504
11543,Rasheed,Bello,Guard,VIR,11.0,3,True,OLY,home,1,0.9642251320798811,0.3708101531100056,11.982762400925575,0.4049586776859504
3821,Donta,Hall,Center,OLY,10.9,3,True,VIR,away,1,1.0200115787022004,0.6291898468899944,8.376020126558213,0.4049586776859504
11522,Keaton,Wallace,Guard,MTA,10.8,3,True,PAO,away,2,1.001926866949797,0.33729084429670536,6.398194555069435,0.4049586776859504
3779,Kostas,Sloukas,Guard,PAO,10.7,3,True,MTA,home,2,1.0330138352168343,0.6627091557032947,11.265730388991416,0.4049586776859504
7258,Daron,Russell,Guard,EFS,10.7,3,True,CZV,away,1,0.9891896493697208,0.43193398249797915,7.150618399433085,0.4049586776859504
3815,Trent,Forrest,Guard,FBT,10.6,3,True,DUB,home,2,1.0622923492427345,0.5676752475257449,10.977340299781261,0.4049586776859504
3888,Sterling,Brown,Guard,ZAL,10.6,3,True,PBB,away,1,1.0676155355869732,0.3175380237181052,10.016650434130986,0.4049586776859504
11494,Patrick,Baldwin Jr,Center,CZV,10.6,3,True,EFS,home,1,0.9921276802747302,0.5680660175020209,7.736214371217376,0.4049586776859504
11504,Johannes,Thiemann,Center,BAY,10.6,3,True,PAR,home,2,1.0144890730469769,0.6136768071096725,7.063589627146637,0.4049586776859504
7204,TJ,Leaf,Forward,MTA,10.5,3,True,PAO,away,2,1.001926866949797,0.33729084429670536,0.0,0.4049586776859504
8808,Eugene,Omoruyi,Forward,BJK,10.5,3,True,BAR,home,2,0.9713488831066465,0.5436507118057491,8.832945468730404,0.4049586776859504
11544,Trent,Frazier,Guard,VIR,10.5,3,True,OLY,home,1,0.9642251320798811,0.3708101531100056,10.843607164930344,0.4049586776859504
3804,Tadas,Sedekerskis,Forward,KBA,10.4,3,True,MIL,home,2,0.9928592717031777,0.5546371586773453,7.017307643239837,0.4049586776859504
3822,Joel,Bolomboy,Center,ASV,10.4,3,True,VBC,home,2,1.0147146376788245,0.4461949175413951,4.554692421247902,0.4049586776859504
3833,Armoni,Brooks,Guard,VBC,10.3,3,True,ASV,away,2,1.0169927670426289,0.5538050824586048,9.781478332180676,0.4049586776859504
3993,Matthew,Strazel,Guard,EFS,10.3,3,True,CZV,away,1,0.9891896493697208,0.43193398249797915,7.708658445793043,0.4049586776859504
4808,Bruno,Fernando,Center,EFS,10.3,3,True,CZV,away,1,0.9891896493697208,0.43193398249797915,9.121022333765683,0.4049586776859504
7237,Nathan,Reuvers,Forward,VBC,10.3,3,True,ASV,away,2,1.0169927670426289,0.5538050824586048,9.590187604766097,0.4049586776859504
3792,Jordan,Loyd,Guard,EFS,10.2,3,True,CZV,away,1,0.9891896493697208,0.43193398249797915,8.457968287075635,0.4049586776859504
3946,Andreas,Obst,Guard,BAY,10.2,3,True,PAR,home,2,1.0144890730469769,0.6136768071096725,10.333011552191886,0.4049586776859504
7197,Oshae,Brissett,Forward,MTA,10.2,3,True,PAO,away,2,1.001926866949797,0.33729084429670536,9.981508431503224,0.4049586776859504
7362,Umoja,Gibson,Guard,BAR,10.2,3,True,BJK,away,2,1.0,0.45634928819425097,7.542485266847805,0.4049586776859504
3806,Duane,Washington,Guard,BAY,10.1,3,True,PAR,home,2,1.0144890730469769,0.6136768071096725,7.520085632313042,0.4049586776859504
4340,Kyle,Allman,Guard,PAR,10.1,3,True,BAY,away,2,0.9974756531960829,0.3863231928903274,6.084066339230243,0.4049586776859504
8368,Mamadi,Diakite,Center,DUB,10.1,3,True,FBT,away,2,0.9720856249749656,0.4323247524742551,7.437993819475162,0.4049586776859504
8721,Jared,Butler,Guard,CZV,10.1,3,True,EFS,home,1,0.9921276802747302,0.5680660175020209,9.294056176883348,0.4049586776859504
11532,Ethan,Thompson,Guard,PAR,10.1,3,True,BAY,away,2,0.9974756531960829,0.3863231928903274,9.517444445279367,0.4049586776859504
3940,Nick,Weiler-Babb,Guard,CZV,10.0,3,True,EFS,home,1,0.9921276802747302,0.5680660175020209,10.088735348599103,0.4049586776859504
9064,Kessler,Edwards,Forward,VIR,10.0,3,True,OLY,home,1,0.9642251320798811,0.3708101531100056,3.887964210627059,0.4049586776859504
11505,Johnny,Juzang,Forward,FBT,10.0,3,True,DUB,home,2,1.0622923492427345,0.5676752475257449,6.307807208019961,0.4049586776859504
11511,Chris,Duarte,Guard,KBA,10.0,3,True,MIL,home,2,0.9928592717031777,0.5546371586773453,10.874906741247994,0.4049586776859504
4180,Devon,Dotson,Guard,BJK,9.9,3,True,BAR,home,2,0.9713488831066465,0.5436507118057491,6.654899443614172,0.4049586776859504
11491,David,Dejulius,Guard,BJK,9.9,3,True,BAR,home,2,0.9713488831066465,0.5436507118057491,5.133391252790894,0.4049586776859504
11515,Tremont,Waters,Guard,ASV,9.9,3,True,VBC,home,2,1.0147146376788245,0.4461949175413951,10.535315413691455,0.4049586776859504
11545,Marcus,Carr,Guard,VIR,9.9,3,True,OLY,home,1,0.9642251320798811,0.3708101531100056,7.144997235289886,0.4049586776859504
11546,Bobi,Klintman,Center,VIR,9.9,3,True,OLY,home,1,0.9642251320798811,0.3708101531100056,9.407178204049027,0.4049586776859504
3850,Theo,Maledon,Guard,RMB,9.8,3,True,HTA,away,1,1.034263777814163,0.3942399155081088,10.566017378579385,0.4049586776859504
11508,Jacob,Toppin,Forward,HTA,9.8,3,True,RMB,home,1,0.9778469133118989,0.6057600844918912,4.767522760342527,0.4049586776859504
11529,Alize,Johnson,Forward,PBB,9.8,3,True,ZAL,home,1,0.9744801011921955,0.6824619762818949,7.8454357529117305,0.4049586776859504
3860,Devin,Booker,Center,MIL,9.7,3,True,KBA,away,2,1.0255635195978292,0.44536284132265463,8.748619742207795,0.4049586776859504
3914,Nigel,Williams-Goss,Guard,ZAL,9.7,3,True,PBB,away,1,1.0676155355869732,0.3175380237181052,7.588703817382628,0.4049586776859504
4210,Anthony,Brown,Forward,BJK,9.7,3,True,BAR,home,2,0.9713488831066465,0.5436507118057491,6.414717787904171,0.4049586776859504
11492,Jaylen,Nowell,Guard,BJK,9.7,3,True,BAR,home,2,0.9713488831066465,0.5436507118057491,7.821617534917519,0.4049586776859504
3841,Tomas,Satoransky,Guard,HTA,9.6,3,True,RMB,home,1,0.9778469133118989,0.6057600844918912,9.167342009031469,0.4049586776859504
3875,Marko,Guduric,Guard,MIL,9.6,3,True,KBA,away,2,1.0255635195978292,0.44536284132265463,9.70041811435792,0.4049586776859504
4675,Antonio,Blakeney,Guard,HTA,9.6,3,True,RMB,home,1,0.9778469133118989,0.6057600844918912,9.117523074539845,0.4049586776859504
7422,Ercan,Osmani,Forward,EFS,9.6,3,True,CZV,away,1,0.9891896493697208,0.43193398249797915,8.03352663818528,0.4049586776859504
8714,Kobi,Simmons,Guard,KBA,9.6,3,True,MIL,home,2,0.9928592717031777,0.5546371586773453,10.361254015461391,0.4049586776859504
4280,Marek,Blazevic,Center,ZAL,9.5,3,True,PBB,away,1,1.0676155355869732,0.3175380237181052,2.3948959523581617,0.4049586776859504
4884,Jimmy,Clark III,Guard,MTA,9.5,3,True,PAO,away,2,1.001926866949797,0.33729084429670536,7.5078030290275315,0.4049586776859504
8730,Kenneth,Faried,Center,KBA,9.5,3,True,MIL,home,2,0.9928592717031777,0.5546371586773453,5.141708131225611,0.4049586776859504
11516,Jae,Crowder,Forward,ASV,9.5,3,True,VBC,home,2,1.0147146376788245,0.4461949175413951,9.606291221297317,0.4049586776859504
3907,Jaron,Blossomgame,Forward,DUB,9.4,3,True,FBT,away,2,0.9720856249749656,0.4323247524742551,7.739569313542733,0.4049586776859504
4360,Evan,Fournier,Guard,OLY,9.4,3,True,VIR,away,1,1.0200115787022004,0.6291898468899944,7.260877159611835,0.4049586776859504
7220,Ebuka,Izundu,Center,CZV,9.4,3,True,EFS,home,1,0.9921276802747302,0.5680660175020209,7.447126792461413,0.4049586776859504
11499,Tosan,Evbuomwan,Forward,BAR,9.4,3,True,BJK,away,2,1.0,0.45634928819425097,6.915716873423847,0.4049586776859504
11518,Mathis,Dossou-yovo,Forward,ASV,9.4,3,True,VBC,home,2,1.0147146376788245,0.4461949175413951,5.314889617056012,0.4049586776859504
3981,Mouhamet,Diouf,Center,VIR,9.3,3,True,OLY,home,1,0.9642251320798811,0.3708101531100056,9.127504932852915,0.4049586776859504
11517,Tyty,Washington,Guard,ASV,9.3,3,True,VBC,home,2,1.0147146376788245,0.4461949175413951,8.85202970550634,0.4049586776859504
11530,Maozinha,Pereira,Forward,PBB,9.3,3,True,ZAL,home,1,0.9744801011921955,0.6824619762818949,6.421574879573066,0.4049586776859504
11489,Jason,Burnell,Forward,MIL,9.2,3,True,KBA,away,2,1.0255635195978292,0.44536284132265463,5.884721945318055,0.4049586776859504
3845,Joffrey,Lauvergne,Center,PAR,9.1,3,True,BAY,away,2,0.9974756531960829,0.3863231928903274,5.610477628163125,0.4049586776859504
3856,Isaia,Cordinier,Guard,EFS,9.1,3,True,CZV,away,1,0.9891896493697208,0.43193398249797915,6.33889240634399,0.4049586776859504
11500,Stanley,Umude,Guard,BAR,9.1,3,True,BJK,away,2,1.0,0.45634928819425097,6.1931869143909255,0.4049586776859504
11534,Olivier,Sarr,Center,RMB,9.1,3,True,HTA,away,1,1.034263777814163,0.3942399155081088,5.6655480241795955,0.4049586776859504
11536,Damian,Jones,Center,RMB,9.1,3,True,HTA,away,1,1.034263777814163,0.3942399155081088,4.154468932458708,0.4049586776859504
3803,Gabriel,Deck,Forward,RMB,9.0,3,True,HTA,away,1,1.034263777814163,0.3942399155081088,7.674836883013698,0.4049586776859504
3859,Vladimir,Lucic,Forward,BAY,9.0,3,True,PAR,home,2,1.0144890730469769,0.6136768071096725,9.589921499326522,0.4049586776859504
7194,Chuma,Okeke,Forward,RMB,9.0,3,True,HTA,away,1,1.034263777814163,0.3942399155081088,6.74595082207589,0.4049586776859504
8762,Jared,Rhoden,Guard,PBB,9.0,3,True,ZAL,home,1,0.9744801011921955,0.6824619762818949,6.4940741801021105,0.4049586776859504
11490,Garrison,Mathews,Guard,MIL,9.0,3,True,KBA,away,2,1.0255635195978292,0.44536284132265463,5.21568815307447,0.4049586776859504
11537,Gonzalo,Corbalan,Guard,VBC,9.0,3,True,ASV,away,2,1.0169927670426289,0.5538050824586048,8.037768419176322,0.4049586776859504
4124,Kevin,Kokila,Center,VIR,8.9,3,True,OLY,home,1,0.9642251320798811,0.3708101531100056,3.6761503931238653,0.4049586776859504
7203,Miles,Norris,Forward,BAY,8.9,3,True,PAR,home,2,1.0144890730469769,0.6136768071096725,3.9488841402220047,0.4049586776859504
3853,Jerian,Grant,Guard,PAO,8.8,3,True,MTA,home,2,1.0330138352168343,0.6627091557032947,7.790896257819388,0.4049586776859504
3884,Neal,Sako,Center,VBC,8.8,3,True,ASV,away,2,1.0169927670426289,0.5538050824586048,5.720727402342529,0.4049586776859504
3930,Yam,Madar,Guard,MTA,8.8,3,True,PAO,away,2,1.001926866949797,0.33729084429670536,2.1352765925166173,0.4049586776859504
4108,Dj,Stewart,Guard,KBA,8.8,3,True,MIL,home,2,0.9928592717031777,0.5546371586773453,7.116837002865263,0.4049586776859504
8463,Kai,Jones,Center,EFS,8.8,3,True,CZV,away,1,0.9891896493697208,0.43193398249797915,7.088042621275144,0.4049586776859504
11501,Tyrese,Martin,Forward,BAR,8.8,3,True,BJK,away,2,1.0,0.45634928819425097,5.508204364458664,0.4049586776859504
11512,Aj,Lawson,Guard,KBA,8.8,3,True,MIL,home,2,0.9928592717031777,0.5546371586773453,6.216583386302295,0.4049586776859504
11519,Hugo,Besson,Guard,ASV,8.8,3,True,VBC,home,2,1.0147146376788245,0.4461949175413951,6.504499496693949,0.4049586776859504
3831,Darius,Thompson,Guard,MIL,8.7,3,True,KBA,away,2,1.0255635195978292,0.44536284132265463,9.325765660346862,0.4049586776859504
3881,Leandro,Bolmaro,Guard,MIL,8.7,3,True,KBA,away,2,1.0255635195978292,0.44536284132265463,6.190486781377244,0.4049586776859504
4257,Jaime,Pradilla,Forward,RMB,8.7,3,True,HTA,away,1,1.034263777814163,0.3942399155081088,7.23535886726588,0.4049586776859504
7338,Both,Gach,Forward,ASV,8.7,3,True,VBC,home,2,1.0147146376788245,0.4461949175413951,6.921190737468602,0.4049586776859504
11488,Santi,Yusta,Forward,EFS,8.7,3,True,CZV,away,1,0.9891896493697208,0.43193398249797915,1.9315195135200465,0.4049586776859504
11538,Mo,Gueye,Forward,VBC,8.7,3,True,ASV,away,2,1.0169927670426289,0.5538050824586048,6.594856290807542,0.4049586776859504
11547,Wendell,Moore Jr,Guard,VIR,8.7,3,True,OLY,home,1,0.9642251320798811,0.3708101531100056,5.56155723867796,0.4049586776859504
3892,Rokas,Jokubaitis,Guard,BAY,8.6,3,True,PAR,home,2,1.0144890730469769,0.6136768071096725,5.890143033472487,0.4049586776859504
4670,Saben,Lee,Guard,ZAL,8.6,3,True,PBB,away,1,1.0676155355869732,0.3175380237181052,4.745018527830686,0.4049586776859504
11493,Mady,Sissoko,Center,BJK,8.6,3,True,BAR,home,2,0.9713488831066465,0.5436507118057491,5.4222218266706665,0.4049586776859504
4081,Conor,Morgan,Forward,BJK,8.5,3,True,BAR,home,2,0.9713488831066465,0.5436507118057491,2.4274876663655953,0.4049586776859504
7210,Omari,Moore,Guard,VBC,8.5,3,True,ASV,away,2,1.0169927670426289,0.5538050824586048,7.136496447406633,0.4049586776859504
7268,Rj,Cole,Guard,MIL,8.5,3,True,KBA,away,2,1.0255635195978292,0.44536284132265463,3.6825000991510017,0.4049586776859504
3776,Wenyen,Gabriel,Center,BJK,8.4,3,True,BAR,home,2,0.9713488831066465,0.5436507118057491,4.776700574172201,0.4049586776859504
7212,Derrick,Alston Jr.,Forward,VIR,8.4,3,True,OLY,home,1,0.9642251320798811,0.3708101531100056,8.347740558836716,0.4049586776859504
11513,Damion,Baugh,Guard,KBA,8.4,3,True,MIL,home,2,0.9928592717031777,0.5546371586773453,4.274561221720571,0.4049586776859504
3780,Furkan,Korkmaz,Forward,BJK,8.3,3,True,BAR,home,2,0.9713488831066465,0.5436507118057491,2.2151242556201995,0.4049586776859504
3816,Markus,Howard,Guard,KBA,8.3,3,True,MIL,home,2,0.9928592717031777,0.5546371586773453,6.284970719473454,0.4049586776859504
3905,Iffe,Lundberg,Guard,MTA,8.3,3,True,PAO,away,2,1.001926866949797,0.33729084429670536,5.024363693587864,0.4049586776859504
4251,Brancou,Badio,Guard,PAO,8.3,3,True,MTA,home,2,1.0330138352168343,0.6627091557032947,8.50008940629591,0.4049586776859504
8846,Tonye,Jekiri,Center,PAR,8.3,3,True,BAY,away,2,0.9974756531960829,0.3863231928903274,4.580482879374774,0.4049586776859504
3797,Moustapha,Fall,Center,PAO,8.2,3,True,MTA,home,2,1.0330138352168343,0.6627091557032947,1.7469833934047296,0.4049586776859504
3801,Nicolo,Melli,Forward,FBT,8.2,3,True,DUB,home,2,1.0622923492427345,0.5676752475257449,7.835493358464728,0.4049586776859504
3861,Thomas,Walkup,Guard,OLY,8.2,3,True,VIR,away,1,1.0200115787022004,0.6291898468899944,6.679552453337068,0.4049586776859504
3925,Devon,Hall,Guard,MIL,8.2,3,True,KBA,away,2,1.0255635195978292,0.44536284132265463,6.94971405960484,0.4049586776859504
3838,Collin,Malcolm,Forward,EFS,8.1,3,True,CZV,away,1,0.9891896493697208,0.43193398249797915,6.62507378379749,0.4049586776859504
3880,Derek ,Willis,Forward,PAR,8.1,3,True,BAY,away,2,0.9974756531960829,0.3863231928903274,4.665400532534857,0.4049586776859504
3980,Aleksander,Balcerowski,Center,BAR,8.0,3,True,BJK,away,2,1.0,0.45634928819425097,1.6588862114529668,0.4049586776859504
7209,Lamar,Stevens,Forward,PAR,8.0,3,True,BAY,away,2,0.9974756531960829,0.3863231928903274,4.871586772752218,0.4049586776859504
7215,Dylan,Osetkowski,Forward,VBC,8.0,3,True,ASV,away,2,1.0169927670426289,0.5538050824586048,6.039973190688796,0.4049586776859504
7226,Allan,Dokossi,Center,PBB,8.0,3,True,ZAL,home,1,0.9744801011921955,0.6824619762818949,7.453547227310346,0.4049586776859504
8727,Braxton,Key,Forward,FBT,8.0,3,True,DUB,home,2,1.0622923492427345,0.5676752475257449,4.671948745444317,0.4049586776859504
11509,Eugene,German,Guard,HTA,8.0,3,True,RMB,home,1,0.9778469133118989,0.6057600844918912,1.7974583802379318,0.4049586776859504
11535,Max,Shulga,Guard,RMB,8.0,3,True,HTA,away,1,1.034263777814163,0.3942399155081088,3.7318034695199964,0.4049586776859504
7243,Nathan,Sestina,Forward,ASV,7.9,3,True,VBC,home,2,1.0147146376788245,0.4461949175413951,0.8920358880917137,0.4049586776859504
8834,Chris,Silva,Center,FBT,7.9,3,True,DUB,home,2,1.0622923492427345,0.5676752475257449,1.9393142619620098,0.4049586776859504
3826,Frank,Ntilikina,Guard,PBB,7.8,3,True,ZAL,home,1,0.9744801011921955,0.6824619762818949,2.4936101042687886,0.4049586776859504
4097,Nikola,Tanaskovic,Center,PAR,7.8,3,True,BAY,away,2,0.9974756531960829,0.3863231928903274,1.3861384942196426,0.4049586776859504
11502,Olivier,Nkamboua,Forward,BAR,7.8,3,True,BJK,away,2,1.0,0.45634928819425097,4.607735200571896,0.4049586776859504
3824,Luca,Vildoza,Guard,PAR,7.7,3,True,BAY,away,2,0.9974756531960829,0.3863231928903274,6.778492778419547,0.4049586776859504
3960,Tamir,Blatt,Guard,HTA,7.7,3,True,RMB,home,1,0.9778469133118989,0.6057600844918912,7.271941946965915,0.4049586776859504
4195,Justinian,Jessup,Guard,BAY,7.7,3,True,PAR,home,2,1.0144890730469769,0.6136768071096725,7.468402650606228,0.4049586776859504
4758,Perry,Dozier,Guard,EFS,7.7,3,True,CZV,away,1,0.9891896493697208,0.43193398249797915,0.8315275681319244,0.4049586776859504
3828,Georgios,Papagiannis,Center,EFS,7.5,3,True,CZV,away,1,0.9891896493697208,0.43193398249797915,0.0,0.4049586776859504
3842,Scottie,Wilbekin,Guard,BJK,7.5,3,True,BAR,home,2,0.9713488831066465,0.5436507118057491,3.9829584972981746,0.4049586776859504
3846,Tyson,Ward,Forward,OLY,7.5,3,True,VIR,away,1,1.0200115787022004,0.6291898468899944,5.6394122511641935,0.4049586776859504
3883,Johannes,Voigtmann,Center,BAY,7.5,3,True,PAR,home,2,1.0144890730469769,0.6136768071096725,3.9364339295452404,0.4049586776859504
3948,Mbaye,Ndiaye,Forward,OLY,7.5,3,True,VIR,away,1,1.0200115787022004,0.6291898468899944,6.600547080038927,0.4049586776859504
4159,Khadeen,Carrington,Guard,HTA,7.5,3,True,RMB,home,1,0.9778469133118989,0.6057600844918912,0.9421501123718866,0.4049586776859504
4246,Semi,Ojeleye,Forward,CZV,7.5,3,True,EFS,home,1,0.9921276802747302,0.5680660175020209,7.3450226641211005,0.4049586776859504
11520,Yves,Pons,Forward,ASV,7.5,3,True,VBC,home,2,1.0147146376788245,0.4461949175413951,3.5961105222187886,0.4049586776859504
11558,Justin,Minaya,Forward,BAR,7.5,3,True,BJK,away,2,1.0,0.45634928819425097,3.897392446829752,0.4049586776859504
3911,Kevarrius,Hayes,Center,PAR,7.3,3,True,BAY,away,2,0.9974756531960829,0.3863231928903274,5.4032073802810485,0.4049586776859504
3957,Oscar,Da Silva,Forward,BAY,7.3,3,True,PAR,home,2,1.0144890730469769,0.6136768071096725,5.873582993558251,0.4049586776859504
3963,Alessandro,Pajola,Guard,PAR,7.3,3,True,BAY,away,2,0.9974756531960829,0.3863231928903274,4.0059131437885895,0.4049586776859504
3942,Maodo,Lo,Guard,ZAL,7.2,3,True,PBB,away,1,1.0676155355869732,0.3175380237181052,5.895455529097893,0.4049586776859504
7867,Armando,Bacot,Center,MTA,7.2,3,True,PAO,away,2,1.001926866949797,0.33729084429670536,0.7773664698986997,0.4049586776859504
11539,Elias,Valtonen,Forward,VBC,7.2,3,True,ASV,away,2,1.0169927670426289,0.5538050824586048,2.5917369565051995,0.4049586776859504
3917,Kamar,Baldwin,Guard,BAY,7.1,3,True,PAR,home,2,1.0144890730469769,0.6136768071096725,2.0103618398116856,0.4049586776859504
4129,Myles,Cale,Guard,ASV,7.1,3,True,VBC,home,2,1.0147146376788245,0.4461949175413951,2.7105089360623063,0.4049586776859504
3891,Vitto,Brown,Forward,BJK,7.0,3,True,BAR,home,2,0.9713488831066465,0.5436507118057491,1.0065766562170488,0.4049586776859504
3973,Joel,Parra,Forward,BAR,7.0,3,True,BJK,away,2,1.0,0.45634928819425097,5.1836164462456376,0.4049586776859504
3992,Terry,Tarpey,Guard,PBB,7.0,3,True,ZAL,home,1,0.9744801011921955,0.6824619762818949,1.9395376857227764,0.4049586776859504
4212,Yoan,Makoundou,Center,BAR,7.0,3,True,BJK,away,2,1.0,0.45634928819425097,1.0337388566037442,0.4049586776859504
4375,Arnas,Butkevicius,Forward,ZAL,7.0,3,True,PBB,away,1,1.0676155355869732,0.3175380237181052,5.525591897991479,0.4049586776859504
7229,Mouhamed,Faye,Center,PBB,7.0,3,True,ZAL,home,1,0.9744801011921955,0.6824619762818949,6.6377292154863365,0.4049586776859504
8993,Cory,Joseph,Guard,OLY,7.0,3,True,VIR,away,1,1.0200115787022004,0.6291898468899944,1.7950512013919429,0.4049586776859504
3952,Mam,Jaiteh,Center,DUB,6.8,3,True,FBT,away,2,0.9720856249749656,0.4323247524742551,1.1790840930710718,0.4049586776859504
7217,Tyson,Carter,Guard,CZV,6.8,3,True,EFS,home,1,0.9921276802747302,0.5680660175020209,1.2301569917930077,0.4049586776859504
7390,Tobias,Jensen,Guard,BAY,6.8,3,True,PAR,home,2,1.0144890730469769,0.6136768071096725,0.7515685185814389,0.4049586776859504
7328,Kaodirichi,Akobundu-Ehiogu,Center,ZAL,6.7,3,True,PBB,away,1,1.0676155355869732,0.3175380237181052,1.0743938595802305,0.4049586776859504
11498,Davion,Mintz,Guard,DUB,6.6,3,True,FBT,away,2,0.9720856249749656,0.4323247524742551,1.8557030711854137,0.4049586776859504
3904,Justin,Anderson,Forward,DUB,6.5,3,True,FBT,away,2,0.9720856249749656,0.4323247524742551,3.8764382571766314,0.4049586776859504
4167,Ish,Wainright,Forward,HTA,6.5,3,True,RMB,home,1,0.9778469133118989,0.6057600844918912,3.2362940226706107,0.4049586776859504
7225,David,Kramer,Guard,CZV,6.5,3,True,EFS,home,1,0.9921276802747302,0.5680660175020209,0.45582358794992045,0.4049586776859504
7234,Yankuba,Sima,Center,VBC,6.5,3,True,ASV,away,2,1.0169927670426289,0.5538050824586048,0.4810529598459875,0.4049586776859504
7238,Rodions,Kurucs,Forward,KBA,6.5,3,True,MIL,home,2,0.9928592717031777,0.5546371586773453,4.619836221442148,0.4049586776859504
7424,Aliou,Diarra,Center,VIR,6.5,3,True,OLY,home,1,0.9642251320798811,0.3708101531100056,3.7101919372040495,0.4049586776859504
11525,Antonis,Karagiannidis,Center,OLY,6.5,3,True,VIR,away,1,1.0200115787022004,0.6291898468899944,0.6527232603347475,0.4049586776859504
3852,Edgaras,Ulanovas,Forward,ZAL,6.4,3,True,PBB,away,1,1.0676155355869732,0.3175380237181052,6.238687332042687,0.4049586776859504
3915,Matteo,Spagnolo,Guard,KBA,6.4,3,True,MIL,home,2,0.9928592717031777,0.5546371586773453,5.379100398275629,0.4049586776859504
3967,Dario,Brizuela,Guard,BAR,6.4,3,True,BJK,away,2,1.0,0.45634928819425097,3.9872400072881815,0.4049586776859504
7219,Amath,M'baye,Forward,PBB,6.4,3,True,ZAL,home,1,0.9744801011921955,0.6824619762818949,4.28504254430159,0.4049586776859504
3918,Marius,Grigonis,Forward,ZAL,6.3,3,True,PBB,away,1,1.0676155355869732,0.3175380237181052,1.2285913663380992,0.4049586776859504
4073,Tai,Odiase,Center,HTA,6.3,3,True,RMB,home,1,0.9778469133118989,0.6057600844918912,2.324430002204038,0.4049586776859504
4084,Dustin,Sleva,Forward,ZAL,6.3,3,True,PBB,away,1,1.0676155355869732,0.3175380237181052,4.342218677240784,0.4049586776859504
4156,Jeremy,Morgan,Forward,PBB,6.3,3,True,ZAL,home,1,0.9744801011921955,0.6824619762818949,3.7964651298883023,0.4049586776859504
7232,Bodian,Massa,Forward,ASV,6.3,3,True,VBC,home,2,1.0147146376788245,0.4461949175413951,2.8667324239469374,0.4049586776859504
11506,Ignas,Sargiunas,Guard,FBT,6.3,3,True,DUB,home,2,1.0622923492427345,0.5676752475257449,1.316289539640834,0.4049586776859504
3851,Andres,Feliz,Guard,RMB,6.2,3,True,HTA,away,1,1.034263777814163,0.3942399155081088,4.5020064342793225,0.4049586776859504
3927,Daulton,Hommes,Forward,PBB,6.2,3,True,ZAL,home,1,0.9744801011921955,0.6824619762818949,1.9202330177517084,0.4049586776859504
3835,Usman,Garuba,Center,RMB,6.1,3,True,HTA,away,1,1.034263777814163,0.3942399155081088,3.997396257389661,0.4049586776859504
7378,Agustin,Ubal,Guard,BAR,6.1,3,True,BJK,away,2,1.0,0.45634928819425097,1.0218934713171568,0.4049586776859504
3869,Mikael,Jantunen,Forward,RMB,6.0,3,True,HTA,away,1,1.034263777814163,0.3942399155081088,3.4895225869864386,0.4049586776859504
4094,Kenan,Kamenjas,Center,DUB,5.9,3,True,FBT,away,2,0.9720856249749656,0.4323247524742551,2.80759403742949,0.4049586776859504
11523,Shane,Hunter,Center,MTA,5.9,3,True,PAO,away,2,1.001926866949797,0.33729084429670536,1.949961052656764,0.4049586776859504
3954,Khalifa,Diop,Center,KBA,5.8,3,True,MIL,home,2,0.9928592717031777,0.5546371586773453,4.2385091440726494,0.4049586776859504
4234,Tyler,Ennis,Guard,HTA,5.7,3,True,RMB,home,1,0.9778469133118989,0.6057600844918912,0.0,0.4049586776859504
11531,Nobel,Boungou-colo,Forward,PBB,5.7,3,True,ZAL,home,1,0.9744801011921955,0.6824619762818949,0.16423384450662484,0.4049586776859504
3836,Konstantinos,Mitoglou,Forward,PAO,5.5,3,True,MTA,home,2,1.0330138352168343,0.6627091557032947,4.204981051169596,0.4049586776859504
3962,Mario,Nakic,Forward,PAR,5.5,3,True,BAY,away,2,0.9974756531960829,0.3863231928903274,0.4452760159981443,0.4049586776859504
4008,Metecan,Birsen,Forward,BJK,5.5,3,True,BAR,home,2,0.9713488831066465,0.5436507118057491,1.071562425762306,0.4049586776859504
4242,Davide,Casarin,Guard,VIR,5.5,3,True,OLY,home,1,0.9642251320798811,0.3708101531100056,0.5371825035225462,0.4049586776859504
4258,Josep,Puerto,Guard,VBC,5.5,3,True,ASV,away,2,1.0169927670426289,0.5538050824586048,3.4261071950263062,0.4049586776859504
7216,Davis,Bertans,Forward,DUB,5.5,3,True,FBT,away,2,0.9720856249749656,0.4323247524742551,2.660473588353135,0.4049586776859504
7231,Brice,Dessert,Center,EFS,5.5,3,True,CZV,away,1,0.9891896493697208,0.43193398249797915,2.1032728686316617,0.4049586776859504
8830,Francesco,Ferrari,Forward,VIR,5.2,3,True,OLY,home,1,0.9642251320798811,0.3708101531100056,1.255737101327048,0.4049586776859504
3972,Justus,Hollatz,Guard,BAY,5.1,3,True,PAR,home,2,1.0144890730469769,0.6136768071096725,2.3595743997273684,0.4049586776859504
7223,Clement,Frisch,Forward,KBA,5.1,3,True,MIL,home,2,0.9928592717031777,0.5546371586773453,4.050800824695013,0.4049586776859504
3830,Deividas,Sirvydis,Guard,ZAL,5.0,3,True,PBB,away,1,1.0676155355869732,0.3175380237181052,1.6738686520829598,0.4049586776859504
3950,Ognjen,Dobric,Forward,CZV,5.0,3,True,EFS,home,1,0.9921276802747302,0.5680660175020209,2.6290564635526854,0.4049586776859504
3971,Vanja,Marinkovic,Guard,PAR,5.0,3,True,BAY,away,2,0.9974756531960829,0.3863231928903274,1.6160226743812838,0.4049586776859504
3975,Sebastian,Herrera,Guard,PBB,5.0,3,True,ZAL,home,1,0.9744801011921955,0.6824619762818949,3.250865220313207,0.4049586776859504
3978,Eli,Ndiaye,Forward,RMB,5.0,3,True,HTA,away,1,1.034263777814163,0.3942399155081088,0.37055417622450953,0.4049586776859504
4546,Joel,Ayayi,Guard,PBB,5.0,3,True,ZAL,home,1,0.9744801011921955,0.6824619762818949,0.783235872185482,0.4049586776859504
4698,Onuralp,Bitim,Forward,FBT,5.0,3,True,DUB,home,2,1.0622923492427345,0.5676752475257449,1.3944527813273055,0.4049586776859504
11510,Frederic,Bourdillon,Guard,HTA,5.0,3,True,RMB,home,1,0.9778469133118989,0.6057600844918912,0.21842154479804268,0.4049586776859504
3886,Daniel,Hackett,Guard,VIR,4.8,3,True,OLY,home,1,0.9642251320798811,0.3708101531100056,3.058257481212232,0.4049586776859504
3933,Leopold,Cavaliere,Forward,PBB,4.8,3,True,ZAL,home,1,0.9744801011921955,0.6824619762818949,2.9879051053587236,0.4049586776859504
3985,David,Lighty,Forward,ASV,4.8,3,True,VBC,home,2,1.0147146376788245,0.4461949175413951,2.4823916180592587,0.4049586776859504
3994,Yakuba,Ouattara,Guard,PBB,4.8,3,True,ZAL,home,1,0.9744801011921955,0.6824619762818949,2.701273944516021,0.4049586776859504
11495,Nikola,Djurisic,Guard,CZV,4.8,3,True,EFS,home,1,0.9921276802747302,0.5680660175020209,0.5442801939074101,0.4049586776859504
11521,Marc-owen,Fodzo Dada,Guard,ASV,4.8,3,True,VBC,home,2,1.0147146376788245,0.4461949175413951,0.6118392259060642,0.4049586776859504
11540,Mario,Saint-supery,Guard,VBC,4.7,3,True,ASV,away,2,1.0169927670426289,0.5538050824586048,0.5534929566247174,0.4049586776859504
3896,Juan,Nunez,Guard,BAR,4.6,3,True,BJK,away,2,1.0,0.45634928819425097,0.24257461147019926,0.4049586776859504
3979,Giannoulis,Larentzakis,Guard,OLY,4.6,3,True,VIR,away,1,1.0200115787022004,0.6291898468899944,0.09884512640293923,0.4049586776859504
4005,Edwin,Jackson,Forward,ASV,4.6,3,True,VBC,home,2,1.0147146376788245,0.4461949175413951,1.6808121691069395,0.4049586776859504
3936,Nikos,Rogkavopoulos,Forward,PAO,4.5,3,True,MTA,home,2,1.0330138352168343,0.6627091557032947,1.4513911269327575,0.4049586776859504
3977,Sergio,Llull,Guard,RMB,4.5,3,True,HTA,away,1,1.034263777814163,0.3942399155081088,1.2725125508705006,0.4049586776859504
3984,Sertac,Sanli,Center,FBT,4.5,3,True,DUB,home,2,1.0622923492427345,0.5676752475257449,0.46563207563190356,0.4049586776859504
3988,John,Dibartolomeo,Guard,MTA,4.5,3,True,PAO,away,2,1.001926866949797,0.33729084429670536,2.160365626267803,0.4049586776859504
3991,Alberto,Abalde,Forward,RMB,4.5,3,True,HTA,away,1,1.034263777814163,0.3942399155081088,2.485496233151712,0.4049586776859504
3998,Dovydas,Giedraitis,Guard,ZAL,4.5,3,True,PBB,away,1,1.0676155355869732,0.3175380237181052,0.7799771948394011,0.4049586776859504
4012,Giampaolo,Ricci,Forward,MIL,4.5,3,True,KBA,away,2,1.0255635195978292,0.44536284132265463,3.0903277353757206,0.4049586776859504
4061,Eleftherios,Mantzoukas,Forward,PAO,4.5,3,True,MTA,home,2,1.0330138352168343,0.6627091557032947,0.28212304943129257,0.4049586776859504
4165,Tomer,Ginat,Forward,HTA,4.5,3,True,RMB,home,1,0.9778469133118989,0.6057600844918912,1.0555319614077086,0.4049586776859504
7228,Klemen,Prepelic,Guard,DUB,4.5,3,True,FBT,away,2,0.9720856249749656,0.4323247524742551,1.6886762546798821,0.4049586776859504
7239,Izan,Almansa,Forward,RMB,4.5,3,True,HTA,away,1,1.034263777814163,0.3942399155081088,0.08457023629402768,0.4049586776859504
7241,Gur,Lavy,Forward,MTA,4.5,3,True,PAO,away,2,1.001926866949797,0.33729084429670536,0.0,0.4049586776859504
9063,Amit,Ebo,Guard,MTA,4.5,3,True,PAO,away,2,1.001926866949797,0.33729084429670536,0.16104344050137623,0.4049586776859504
11541,Alvaro,Cardenas,Guard,VBC,4.5,3,True,ASV,away,2,1.0169927670426289,0.5538050824586048,0.35522939884642885,0.4049586776859504
3983,Dejan,Davidovac,Forward,CZV,4.4,3,True,EFS,home,1,0.9921276802747302,0.5680660175020209,1.6718728512018484,0.4049586776859504
3986,Niels,Giffey,Forward,BAY,4.4,3,True,PAR,home,2,1.0144890730469769,0.6136768071096725,2.4304642465874684,0.4049586776859504
4007,Erkan,Yilmaz,Forward,EFS,4.4,3,True,CZV,away,1,0.9891896493697208,0.43193398249797915,0.7998258148891538,0.4049586776859504
4088,Berk,Ugurlu,Guard,BJK,4.4,3,True,BAR,home,2,0.9713488831066465,0.5436507118057491,0.937132250717241,0.4049586776859504
11524,Nikolaos,Plotas,Guard,OLY,4.4,3,True,VIR,away,1,1.0200115787022004,0.6291898468899944,0.24590698727290117,0.4049586776859504
11548,Tommaso,Baldasso,Guard,VIR,4.4,3,True,OLY,home,1,0.9642251320798811,0.3708101531100056,0.2541464731139679,0.4049586776859504
3867,Kostas,Papanikolaou,Forward,OLY,4.3,3,True,VIR,away,1,1.0200115787022004,0.6291898468899944,1.6678534826156601,0.4049586776859504
4378,William,Rayman,Forward,MTA,4.3,3,True,PAO,away,2,1.001926866949797,0.33729084429670536,2.2351526592440214,0.4049586776859504
3997,Stefano,Tonut,Guard,MIL,4.2,3,True,KBA,away,2,1.0255635195978292,0.44536284132265463,0.40553506567314246,0.4049586776859504
4038,Dimitris,Moraitis,Guard,PAO,4.2,3,True,MTA,home,2,1.0330138352168343,0.6627091557032947,0.3293561820848592,0.4049586776859504
7230,Awudu,Abass,Forward,DUB,4.2,3,True,FBT,away,2,0.9720856249749656,0.4323247524742551,1.2076491636727524,0.4049586776859504
8623,Kosta,Kondic,Guard,DUB,4.2,3,True,FBT,away,2,0.9720856249749656,0.4323247524742551,1.1080773167358724,0.4049586776859504
11542,Lucas,Mari,Guard,VBC,4.2,3,True,ASV,away,2,1.0169927670426289,0.5538050824586048,0.28359083192553597,0.4049586776859504
3916,Gabriele,Procida,Forward,RMB,4.1,3,True,HTA,away,1,1.034263777814163,0.3942399155081088,0.37188818502854487,0.4049586776859504
3976,Arijan,Lakic,Forward,PAR,4.0,3,True,BAY,away,2,0.9974756531960829,0.3863231928903274,1.394992061645338,0.4049586776859504
4000,Melih,Mahmutoglu,Guard,FBT,4.0,3,True,DUB,home,2,1.0622923492427345,0.5676752475257449,0.06277958959595882,0.4049586776859504
4003,Enzo,Shahrvin,Center,PBB,4.0,3,True,ZAL,home,1,0.9744801011921955,0.6824619762818949,0.7254541637172947,0.4049586776859504
4009,Ousmane,Diop,Center,MIL,4.0,3,True,KBA,away,2,1.0255635195978292,0.44536284132265463,0.34800071078401756,0.4049586776859504
4013,Diego,Flaccadori,Guard,MIL,4.0,3,True,KBA,away,2,1.0255635195978292,0.44536284132265463,0.19123915611920375,0.4049586776859504
4016,Nicola,Akele,Forward,MIL,4.0,3,True,KBA,away,2,1.0255635195978292,0.44536284132265463,1.7241119968975793,0.4049586776859504
4019,Panagiotis,Kalaitzakis,Guard,PAO,4.0,3,True,MTA,home,2,1.0330138352168343,0.6627091557032947,0.6656104895247078,0.4049586776859504
4023,Mitar,Bosnjakovic,Guard,PAR,4.0,3,True,BAY,away,2,0.9974756531960829,0.3863231928903274,0.060007308578340975,0.4049586776859504
4026,Burakcan,Yildizli,Forward,EFS,4.0,3,True,CZV,away,1,0.9891896493697208,0.43193398249797915,0.08459361748596313,0.4049586776859504
4036,Mert,Eksioglu,Guard,FBT,4.0,3,True,DUB,home,2,1.0622923492427345,0.5676752475257449,0.42913923398360204,0.4049586776859504
4174,Guy,Palatin,Guard,HTA,4.0,3,True,RMB,home,1,0.9778469133118989,0.6057600844918912,0.08445218617198237,0.4049586776859504
4175,Oz,Blayzer,Forward,HTA,4.0,3,True,RMB,home,1,0.9778469133118989,0.6057600844918912,0.07292969288043728,0.4049586776859504
4551,Bar,Timor,Guard,HTA,4.0,3,True,RMB,home,1,0.9778469133118989,0.6057600844918912,0.36297762977728637,0.4049586776859504
7245,David,Mutaf,Guard,EFS,4.0,3,True,CZV,away,1,0.9891896493697208,0.43193398249797915,0.24262052961279448,0.4049586776859504
7246,Stefan,Miljenovic,Guard,CZV,4.0,3,True,EFS,home,1,0.9921276802747302,0.5680660175020209,0.5667790536178376,0.4049586776859504
7248,Nemanja,Dangubic,Forward,DUB,4.0,3,True,FBT,away,2,0.9720856249749656,0.4323247524742551,0.18019725536659478,0.4049586776859504
7250,Ioannis,Kouzeloglou,Forward,PAO,4.0,3,True,MTA,home,2,1.0330138352168343,0.6627091557032947,0.17926613071307795,0.4049586776859504
7254,Itay,Segev,Center,HTA,4.0,3,True,RMB,home,1,0.9778469133118989,0.6057600844918912,0.14438293747742534,0.4049586776859504
7255,Omiros,Netzipoglou,Guard,OLY,4.0,3,True,VIR,away,1,1.0200115787022004,0.6291898468899944,0.02421245960256345,0.4049586776859504
8644,Stefan,Joksimovic,Forward,KBA,4.0,3,True,MIL,home,2,0.9928592717031777,0.5546371586773453,0.2714287773866581,0.4049586776859504
8681,Aleksej,Nedeljkovic,Forward,CZV,4.0,3,True,EFS,home,1,0.9921276802747302,0.5680660175020209,0.16456622307153193,0.4049586776859504
8770,Ruzgar,Fenemen,Guard,EFS,4.0,3,True,CZV,away,1,0.9891896493697208,0.43193398249797915,0.11298381214513875,0.4049586776859504
9061,Matteo,Baiocchi,Guard,VIR,4.0,3,True,OLY,home,1,0.9642251320798811,0.3708101531100056,0.0162271758438317,0.4049586776859504
9062,Kilian,Fischer,Forward,BAY,4.0,3,True,PAR,home,2,1.0144890730469769,0.6136768071096725,0.19732710057888958,0.4049586776859504
11496,Andrej,Bjelic,Guard,CZV,4.0,3,True,EFS,home,1,0.9921276802747302,0.5680660175020209,0.30915632616001354,0.4049586776859504
11497,Vojin,Medarevic,Center,CZV,4.0,3,True,EFS,home,1,0.9921276802747302,0.5680660175020209,0.45922091803158605,0.4049586776859504
11533,Uros,Mijailovic,Forward,PAR,4.0,3,True,BAY,away,2,0.9974756531960829,0.3863231928903274,0.09767738746869561,0.4049586776859504
3868,Zeljko,Obradovic,Head Coach,PAO,10.0,3,True,MTA,home,2,1.0330138352168343,0.6627091557032947,8.14475,0.4049586776859504
3885,Georgios,Bartzokas,Head Coach,OLY,10.0,3,True,VIR,away,1,1.0200115787022004,0.6291898468899944,7.145375,0.4049586776859504
3872,Pedro,Martinez,Head Coach,RMB,9.0,3,True,HTA,away,1,1.034263777814163,0.3942399155081088,0.224,0.4049586776859504
3897,Saras,Jasikevicius,Head Coach,FBT,9.0,3,True,DUB,home,2,1.0622923492427345,0.5676752475257449,5.26675,0.4049586776859504
4172,Dimitris,Itoudis,Head Coach,HTA,8.5,3,True,RMB,home,1,0.9778469133118989,0.6057600844918912,6.422125,0.4049586776859504
3909,Aleksander,Sekulic,Head Coach,BAR,8.0,3,True,BJK,away,2,1.0,0.45634928819425097,2.049875,0.4049586776859504
7235,Xavi,Pascual,Head Coach,DUB,8.0,3,True,FBT,away,2,0.9720856249749656,0.4323247524742551,1.35425,0.4049586776859504
3921,Pablo,Laso,Head Coach,EFS,7.5,3,True,CZV,away,1,0.9891896493697208,0.43193398249797915,1.344125,0.4049586776859504
4006,Tomas,Masiulis,Head Coach,ZAL,7.5,3,True,PBB,away,1,1.0676155355869732,0.3175380237181052,-2.090375,0.4049586776859504
3924,Giuseppe,Poeta,Head Coach,MIL,7.0,3,True,KBA,away,2,1.0255635195978292,0.44536284132265463,1.732375,0.4049586776859504
3938,Ibon,Navarro,Head Coach,CZV,7.0,3,True,EFS,home,1,0.9921276802747302,0.5680660175020209,5.277,0.4049586776859504
4255,Xavier,Albert,Head Coach,VBC,7.0,3,True,ASV,away,2,1.0169927670426289,0.5538050824586048,4.864375,0.4049586776859504
3943,Joan,Penarroya,Head Coach,PAR,6.5,3,True,BAY,away,2,0.9974756531960829,0.3863231928903274,-0.01425,0.4049586776859504
3961,Oded,Kattash,Head Coach,MTA,6.5,3,True,PAO,away,2,1.001926866949797,0.33729084429670536,-1.489375,0.4049586776859504
4014,Tony,Parker,Head Coach,ASV,6.0,3,True,VBC,home,2,1.0147146376788245,0.4461949175413951,1.755625,0.4049586776859504
4086,Dusan,Alimpijevic,Head Coach,BJK,6.0,3,True,BAR,home,2,0.9713488831066465,0.5436507118057491,4.558375,0.4049586776859504
3955,Paolo,Galbiati,Head Coach,KBA,5.0,3,True,MIL,home,2,0.9928592717031777,0.5546371586773453,4.888125,0.4049586776859504
3964,Alex,Mumbru,Head Coach,VIR,5.0,3,True,OLY,home,1,0.9642251320798811,0.3708101531100056,-0.462375,0.4049586776859504
3974,Anton,Gavel,Head Coach,BAY,5.0,3,True,PAR,home,2,1.0144890730469769,0.6136768071096725,6.660125,0.4049586776859504
3995,Maxime,Lefevre,Head Coach,PBB,5.0,3,True,ZAL,home,1,0.9744801011921955,0.6824619762818949,8.76625,0.4049586776859504
3766,Sasha,Vezenkov,Forward,OLY,17.0,4,True,EFS,home,3,0.9921276802747302,0.7289041756374323,19.415865682325553,0.25770097670924114
3765,Mike,James,Guard,EFS,16.0,4,True,OLY,away,3,0.9642251320798811,0.27109582436256774,13.629304151357093,0.25770097670924114
3770,Chima,Moneke,Forward,CZV,15.5,4,True,DUB,away,3,1.0622923492427345,0.30775235256513767,15.784536007371566,0.25770097670924114
3903,Elijah,Bryant,Guard,HTA,15.5,4,True,VBC,away,2,1.0147146376788245,0.4687312296364679,14.44607336865615,0.25770097670924114
11549,Jonas,Valanciunas,Center,ZAL,15.5,4,True,BAR,away,3,0.9713488831066465,0.32558623159857936,10.328232052896398,0.25770097670924114
3782,Nikola,Milutinov,Center,OLY,15.3,4,True,EFS,home,3,0.9921276802747302,0.7289041756374323,17.35755609942165,0.25770097670924114
3795,TJ,Shorts,Guard,VBC,14.9,4,True,HTA,home,2,1.034263777814163,0.531268770363532,11.590388322094613,0.25770097670924114
3812,Jaylen,Hoard,Forward,MTA,14.8,4,True,MIL,home,2,0.9928592717031777,0.6309015081213478,16.175720512008333,0.25770097670924114
3834,Nadir,Hifi,Guard,PBB,14.8,4,True,ASV,home,1,1.0169927670426289,0.7844270484067692,18.009128861877592,0.25770097670924114
3887,Sylvain,Francisco,Guard,PAO,14.8,4,True,FBT,home,2,0.9720856249749656,0.6258042923692178,18.244569073228973,0.25770097670924114
3769,Walter,Tavares,Center,RMB,14.7,4,True,PAR,home,2,1.0144890730469769,0.775558908018066,13.93303717591541,0.25770097670924114
3805,Kendrick,Nunn,Guard,PAO,14.6,4,True,FBT,home,2,0.9720856249749656,0.6258042923692178,0.0,0.25770097670924114
4233,Mfiondu,Kabengele,Center,DUB,14.6,4,True,CZV,home,3,0.9891896493697208,0.6922476474348623,15.308570601370413,0.25770097670924114
11487,Dario,Saric,Forward,EFS,14.5,4,True,OLY,away,3,0.9642251320798811,0.27109582436256774,8.683947754798554,0.25770097670924114
3768,Mathias,Lessort,Center,PAO,14.4,4,True,FBT,home,2,0.9720856249749656,0.6258042923692178,6.157260940289502,0.25770097670924114
3771,Wade,Baldwin,Guard,FBT,14.3,4,True,PAO,away,2,1.001926866949797,0.37419570763078225,13.559913309464452,0.25770097670924114
11526,Guerschon,Yabusele,Forward,PAO,14.3,4,True,FBT,home,2,0.9720856249749656,0.6258042923692178,10.314080137095216,0.25770097670924114
3857,Dan,Oturu,Center,HTA,14.2,4,True,VBC,away,2,1.0147146376788245,0.4687312296364679,13.995780457881168,0.25770097670924114
3843,Moses,Wright,Center,MIL,14.0,4,True,MTA,away,2,1.0330138352168343,0.36909849187865224,16.156071523406315,0.25770097670924114
3774,Tornike,Shengelia,Forward,DUB,13.8,4,True,CZV,home,3,0.9891896493697208,0.6922476474348623,12.537938106018862,0.25770097670924114
3772,Facundo,Campazzo,Guard,RMB,13.7,4,True,PAR,home,2,1.0144890730469769,0.775558908018066,14.387443135442854,0.25770097670924114
3791,Carlik,Jones,Guard,PAR,13.6,4,True,RMB,away,2,0.9778469133118989,0.22444109198193396,9.07337742701353,0.25770097670924114
3794,Kevin,Punter,Guard,BAR,13.6,4,True,ZAL,home,3,0.9744801011921955,0.6744137684014206,12.787699426916463,0.25770097670924114
3767,Shane,Larkin,Guard,FBT,13.5,4,True,PAO,away,2,1.001926866949797,0.37419570763078225,7.06367431988433,0.25770097670924114
4096,Mckinley,Wright,Guard,DUB,13.5,4,True,CZV,home,3,0.9891896493697208,0.6922476474348623,14.116043895432618,0.25770097670924114
3787,Nigel,Hayes-davis,Forward,PAO,13.4,4,True,FBT,home,2,0.9720856249749656,0.6258042923692178,0.0,0.25770097670924114
3910,Roman,Sorkin,Center,MTA,13.4,4,True,MIL,home,2,0.9928592717031777,0.6309015081213478,12.277194989877135,0.25770097670924114
3790,Dzanan,Musa,Guard,DUB,13.3,4,True,CZV,home,3,0.9891896493697208,0.6922476474348623,9.018777182776274,0.25770097670924114
3799,Zach,Leday,Forward,HTA,13.3,4,True,VBC,away,2,1.0147146376788245,0.4687312296364679,10.827185801579242,0.25770097670924114
3793,Jordan,Nwora,Forward,CZV,13.0,4,True,DUB,away,3,1.0622923492427345,0.30775235256513767,12.87611692302969,0.25770097670924114
3864,Timothé,Luwawu-Cabarrot,Forward,RMB,12.8,4,True,PAR,home,2,1.0144890730469769,0.775558908018066,14.402598482786264,0.25770097670924114
4252,Jean,Montero,Guard,OLY,12.8,4,True,EFS,home,3,0.9921276802747302,0.7289041756374323,15.52454414736139,0.25770097670924114
3926,Filip,Petrusev,Forward,DUB,12.7,4,True,CZV,home,3,0.9891896493697208,0.6922476474348623,13.697211268033039,0.25770097670924114
7201,Dwayne,Bacon,Forward,DUB,12.7,4,True,CZV,home,3,0.9891896493697208,0.6922476474348623,10.902156165852201,0.25770097670924114
8567,Talen,Horton-Tucker,Guard,FBT,12.7,4,True,PAO,away,2,1.001926866949797,0.37419570763078225,12.251673191894366,0.25770097670924114
3874,Tyler,Dorsey,Guard,OLY,12.6,4,True,EFS,home,3,0.9921276802747302,0.7289041756374323,11.595131726200853,0.25770097670924114
3785,Josh,Nebo,Center,BAR,12.5,4,True,ZAL,home,3,0.9744801011921955,0.6744137684014206,11.334618377293063,0.25770097670924114
11507,Amir,Coffey,Forward,HTA,12.5,4,True,VBC,away,2,1.0147146376788245,0.4687312296364679,7.461603872941595,0.25770097670924114
3775,Shavon,Shields,Forward,FBT,12.4,4,True,PAO,away,2,1.001926866949797,0.37419570763078225,10.12551924461354,0.25770097670924114
3777,Will,Clyburn,Forward,FBT,12.4,4,True,PAO,away,2,1.001926866949797,0.37419570763078225,10.559008453168216,0.25770097670924114
7218,Kameron,Taylor,Forward,VBC,12.4,4,True,HTA,home,2,1.034263777814163,0.531268770363532,12.673339940087994,0.25770097670924114
11514,Patty,Mills,Guard,ASV,12.3,4,True,PBB,away,1,1.0676155355869732,0.2155729515932307,12.183572482898944,0.25770097670924114
3807,Elie,Okobo,Guard,DUB,12.2,4,True,CZV,home,3,0.9891896493697208,0.6922476474348623,11.406457335380274,0.25770097670924114
4882,Daniel,Theis,Center,MTA,12.2,4,True,MIL,home,2,0.9928592717031777,0.6309015081213478,10.425862294954346,0.25770097670924114
7202,Justin,Robinson,Guard,BAR,12.2,4,True,ZAL,home,3,0.9744801011921955,0.6744137684014206,13.971025454569803,0.25770097670924114
4247,Chris,Jones,Guard,CZV,12.1,4,True,DUB,away,3,1.0622923492427345,0.30775235256513767,10.684729964694606,0.25770097670924114
3870,Tyrique,Jones,Center,OLY,12.0,4,True,EFS,home,3,0.9921276802747302,0.7289041756374323,10.07978561082735,0.25770097670924114
3898,Ante,Zizic,Center,BJK,12.0,4,True,KBA,away,3,1.0255635195978292,0.43391696429734933,9.112229165719583,0.25770097670924114
7193,Vasilije,Micic,Guard,HTA,12.0,4,True,VBC,away,2,1.0147146376788245,0.4687312296364679,10.454566291093549,0.25770097670924114
3820,Alec,Peters,Forward,MIL,11.7,4,True,MTA,away,2,1.0330138352168343,0.36909849187865224,7.54633756852488,0.25770097670924114
3934,Isaac,Bonga,Forward,PAO,11.5,4,True,FBT,home,2,0.9720856249749656,0.6258042923692178,12.979043495571439,0.25770097670924114
11527,Tj,Warren,Forward,PBB,11.5,4,True,ASV,home,1,1.0169927670426289,0.7844270484067692,10.621394587761959,0.25770097670924114
3825,Juancho,Hernangomez,Forward,PAO,11.4,4,True,FBT,home,2,0.9720856249749656,0.6258042923692178,11.464071857292486,0.25770097670924114
3899,Carsen,Edwards,Guard,ZAL,11.4,4,True,BAR,away,3,0.9713488831066465,0.32558623159857936,9.256650245671311,0.25770097670924114
3810,Bonzie,Colson,Forward,MTA,11.3,4,True,MIL,home,2,0.9928592717031777,0.6309015081213478,9.487477405377861,0.25770097670924114
4712,Marcus,Bingham,Center,FBT,11.3,4,True,PAO,away,2,1.001926866949797,0.37419570763078225,3.7669735418845893,0.25770097670924114
11503,Marjon,Beauchamp,Forward,BAY,11.3,4,True,VIR,home,2,1.0200115787022004,0.6202514069601436,10.694146118217201,0.25770097670924114
7221,Azuolas,Tubelis,Forward,ZAL,11.1,4,True,BAR,away,3,0.9713488831066465,0.32558623159857936,11.284128619430238,0.25770097670924114
11528,Tyson,Etienne,Guard,PBB,11.1,4,True,ASV,home,1,1.0169927670426289,0.7844270484067692,9.75427474418473,0.25770097670924114
3808,Codi,Miller-Mcintyre,Guard,OLY,11.0,4,True,EFS,home,3,0.9921276802747302,0.7289041756374323,13.64909021522547,0.25770097670924114
4164,Johnathan,Motley,Center,CZV,11.0,4,True,DUB,away,3,1.0622923492427345,0.30775235256513767,6.6840762650346015,0.25770097670924114
7269,Austin,Wiley,Center,BAY,11.0,4,True,VIR,home,2,1.0200115787022004,0.6202514069601436,8.032581818360422,0.25770097670924114
11543,Rasheed,Bello,Guard,VIR,11.0,4,True,BAY,away,2,0.9974756531960829,0.3797485930398564,11.33814578154976,0.25770097670924114
3821,Donta,Hall,Center,OLY,10.9,4,True,EFS,home,3,0.9921276802747302,0.7289041756374323,8.998462236305558,0.25770097670924114
11522,Keaton,Wallace,Guard,MTA,10.8,4,True,MIL,home,2,0.9928592717031777,0.6309015081213478,7.1348589694627,0.25770097670924114
3779,Kostas,Sloukas,Guard,PAO,10.7,4,True,FBT,home,2,0.9720856249749656,0.6258042923692178,10.564573911529237,0.25770097670924114
7258,Daron,Russell,Guard,EFS,10.7,4,True,OLY,away,3,0.9642251320798811,0.27109582436256774,6.862690872095535,0.25770097670924114
3815,Trent,Forrest,Guard,FBT,10.6,4,True,PAO,away,2,1.001926866949797,0.37419570763078225,9.288619133559033,0.25770097670924114
3888,Sterling,Brown,Guard,ZAL,10.6,4,True,BAR,away,3,0.9713488831066465,0.32558623159857936,9.120560278245852,0.25770097670924114
11494,Patrick,Baldwin Jr,Center,CZV,10.6,4,True,DUB,away,3,1.0622923492427345,0.30775235256513767,7.383470127220112,0.25770097670924114
11504,Johannes,Thiemann,Center,BAY,10.6,4,True,VIR,home,2,1.0200115787022004,0.6202514069601436,7.106440544132656,0.25770097670924114
7204,TJ,Leaf,Forward,MTA,10.5,4,True,MIL,home,2,0.9928592717031777,0.6309015081213478,0.0,0.25770097670924114
8808,Eugene,Omoruyi,Forward,BJK,10.5,4,True,KBA,away,3,1.0255635195978292,0.43391696429734933,8.43405279604091,0.25770097670924114
11544,Trent,Frazier,Guard,VIR,10.5,4,True,BAY,away,2,0.9974756531960829,0.3797485930398564,10.260271773755695,0.25770097670924114
3804,Tadas,Sedekerskis,Forward,KBA,10.4,4,True,BJK,home,3,1.0,0.5660830357026506,7.075441300438903,0.25770097670924114
3822,Joel,Bolomboy,Center,ASV,10.4,4,True,PBB,away,1,1.0676155355869732,0.2155729515932307,4.282739898817416,0.25770097670924114
3833,Armoni,Brooks,Guard,VBC,10.3,4,True,HTA,home,2,1.034263777814163,0.531268770363532,10.861817326080397,0.25770097670924114
3993,Matthew,Strazel,Guard,EFS,10.3,4,True,OLY,away,3,0.9642251320798811,0.27109582436256774,7.398260821223554,0.25770097670924114
4808,Bruno,Fernando,Center,EFS,10.3,4,True,OLY,away,3,0.9642251320798811,0.27109582436256774,8.753754321315188,0.25770097670924114
7237,Nathan,Reuvers,Forward,VBC,10.3,4,True,HTA,home,2,1.034263777814163,0.531268770363532,10.649399032363538,0.25770097670924114
3792,Jordan,Loyd,Guard,EFS,10.2,4,True,OLY,away,3,0.9642251320798811,0.27109582436256774,8.117398876269128,0.25770097670924114
3946,Andreas,Obst,Guard,BAY,10.2,4,True,VIR,home,2,1.0200115787022004,0.6202514069601436,10.395696255524149,0.25770097670924114
7197,Oshae,Brissett,Forward,MTA,10.2,4,True,MIL,home,2,0.9928592717031777,0.6309015081213478,11.130742328685796,0.25770097670924114
7362,Umoja,Gibson,Guard,BAR,10.2,4,True,ZAL,home,3,0.9744801011921955,0.6744137684014206,8.210399996099078,0.25770097670924114
3806,Duane,Washington,Guard,BAY,10.1,4,True,VIR,home,2,1.0200115787022004,0.6202514069601436,7.565705859728229,0.25770097670924114
4340,Kyle,Allman,Guard,PAR,10.1,4,True,RMB,away,2,0.9778469133118989,0.22444109198193396,5.871380831011192,0.25770097670924114
8368,Mamadi,Diakite,Center,DUB,10.1,4,True,CZV,home,3,0.9891896493697208,0.6922476474348623,8.488514319109449,0.25770097670924114
8721,Jared,Butler,Guard,CZV,10.1,4,True,DUB,away,3,1.0622923492427345,0.30775235256513767,8.870279809984801,0.25770097670924114
11532,Ethan,Thompson,Guard,PAR,10.1,4,True,RMB,away,2,0.9778469133118989,0.22444109198193396,9.184735629180734,0.25770097670924114
3940,Nick,Weiler-Babb,Guard,CZV,10.0,4,True,DUB,away,3,1.0622923492427345,0.30775235256513767,9.62872439845398,0.25770097670924114
9064,Kessler,Edwards,Forward,VIR,10.0,4,True,BAY,away,2,0.9974756531960829,0.3797485930398564,3.6788099053130368,0.25770097670924114
11505,Johnny,Juzang,Forward,FBT,10.0,4,True,PAO,away,2,1.001926866949797,0.37419570763078225,5.337433032333277,0.25770097670924114
11511,Chris,Duarte,Guard,KBA,10.0,4,True,BJK,home,3,1.0,0.5660830357026506,10.964998003126265,0.25770097670924114
4180,Devon,Dotson,Guard,BJK,9.9,4,True,KBA,away,3,1.0255635195978292,0.43391696429734933,6.354366553997609,0.25770097670924114
11491,David,Dejulius,Guard,BJK,9.9,4,True,KBA,away,3,1.0255635195978292,0.43391696429734933,4.901569131389193,0.25770097670924114
11515,Tremont,Waters,Guard,ASV,9.9,4,True,PBB,away,1,1.0676155355869732,0.2155729515932307,9.906270609702434,0.25770097670924114
11545,Marcus,Carr,Guard,VIR,9.9,4,True,BAY,away,2,0.9974756531960829,0.3797485930398564,6.760629774001799,0.25770097670924114
11546,Bobi,Klintman,Center,VIR,9.9,4,True,BAY,away,2,0.9974756531960829,0.3797485930398564,8.901115978256122,0.25770097670924114
3850,Theo,Maledon,Guard,RMB,9.8,4,True,PAR,home,2,1.0144890730469769,0.775558908018066,11.756752261315164,0.25770097670924114
11508,Jacob,Toppin,Forward,HTA,9.8,4,True,VBC,away,2,1.0147146376788245,0.4687312296364679,4.462776769284532,0.25770097670924114
11529,Alize,Johnson,Forward,PBB,9.8,4,True,ASV,home,1,1.0169927670426289,0.7844270484067692,8.265853057254322,0.25770097670924114
3860,Devin,Booker,Center,MIL,9.7,4,True,MTA,away,2,1.0330138352168343,0.36909849187865224,8.74783500945403,0.25770097670924114
3914,Nigel,Williams-Goss,Guard,ZAL,9.7,4,True,BAR,away,3,0.9713488831066465,0.32558623159857936,6.909817913217154,0.25770097670924114
4210,Anthony,Brown,Forward,BJK,9.7,4,True,KBA,away,3,1.0255635195978292,0.43391696429734933,6.125031416350729,0.25770097670924114
11492,Jaylen,Nowell,Guard,BJK,9.7,4,True,KBA,away,3,1.0255635195978292,0.43391696429734933,7.4683960716691224,0.25770097670924114
3841,Tomas,Satoransky,Guard,HTA,9.6,4,True,VBC,away,2,1.0147146376788245,0.4687312296364679,8.581354093221464,0.25770097670924114
3875,Marko,Guduric,Guard,MIL,9.6,4,True,MTA,away,2,1.0330138352168343,0.36909849187865224,9.69954800729602,0.25770097670924114
4675,Antonio,Blakeney,Guard,HTA,9.6,4,True,VBC,away,2,1.0147146376788245,0.4687312296364679,8.534719647053917,0.25770097670924114
7422,Ercan,Osmani,Forward,EFS,9.6,4,True,OLY,away,3,0.9642251320798811,0.27109582436256774,7.710047837957819,0.25770097670924114
8714,Kobi,Simmons,Guard,KBA,9.6,4,True,BJK,home,3,1.0,0.5660830357026506,10.447090011217902,0.25770097670924114
4280,Marek,Blazevic,Center,ZAL,9.5,4,True,BAR,away,3,0.9713488831066465,0.32558623159857936,2.1806484150811474,0.25770097670924114
4884,Jimmy,Clark III,Guard,MTA,9.5,4,True,MIL,home,2,0.9928592717031777,0.6309015081213478,8.372223651775933,0.25770097670924114
8730,Kenneth,Faried,Center,KBA,9.5,4,True,BJK,home,3,1.0,0.5660830357026506,5.184303712481945,0.25770097670924114
11516,Jae,Crowder,Forward,ASV,9.5,4,True,PBB,away,1,1.0676155355869732,0.2155729515932307,9.032716787017984,0.25770097670924114
3907,Jaron,Blossomgame,Forward,DUB,9.4,4,True,CZV,home,3,0.9891896493697208,0.6922476474348623,8.832683454203691,0.25770097670924114
4360,Evan,Fournier,Guard,OLY,9.4,4,True,EFS,home,3,0.9921276802747302,0.7289041756374323,7.800450325573434,0.25770097670924114
7220,Ebuka,Izundu,Center,CZV,9.4,4,True,DUB,away,3,1.0622923492427345,0.30775235256513767,7.107563928209346,0.25770097670924114
11499,Tosan,Evbuomwan,Forward,BAR,9.4,4,True,ZAL,home,3,0.9744801011921955,0.6744137684014206,7.528128963029665,0.25770097670924114
11518,Mathis,Dossou-yovo,Forward,ASV,9.4,4,True,PBB,away,1,1.0676155355869732,0.2155729515932307,4.997547082342774,0.25770097670924114
3981,Mouhamet,Diouf,Center,VIR,9.3,4,True,BAY,away,2,0.9974756531960829,0.3797485930398564,8.636487822082426,0.25770097670924114
11517,Tyty,Washington,Guard,ASV,9.3,4,True,PBB,away,1,1.0676155355869732,0.2155729515932307,8.323490874692714,0.25770097670924114
11530,Maozinha,Pereira,Forward,PBB,9.3,4,True,ASV,home,1,1.0169927670426289,0.7844270484067692,6.7656910364738785,0.25770097670924114
11489,Jason,Burnell,Forward,MIL,9.2,4,True,MTA,away,2,1.0330138352168343,0.36909849187865224,5.8841940981612035,0.25770097670924114
3845,Joffrey,Lauvergne,Center,PAR,9.1,4,True,RMB,away,2,0.9778469133118989,0.22444109198193396,5.414347734246079,0.25770097670924114
3856,Isaia,Cordinier,Guard,EFS,9.1,4,True,OLY,away,3,0.9642251320798811,0.27109582436256774,6.083649920356749,0.25770097670924114
11500,Stanley,Umude,Guard,BAR,9.1,4,True,ZAL,home,3,0.9744801011921955,0.6744137684014206,6.741616326551607,0.25770097670924114
11534,Olivier,Sarr,Center,RMB,9.1,4,True,PAR,home,2,1.0144890730469769,0.775558908018066,6.304025647345538,0.25770097670924114
11536,Damian,Jones,Center,RMB,9.1,4,True,PAR,home,2,1.0144890730469769,0.775558908018066,4.62265584715653,0.25770097670924114
3803,Gabriel,Deck,Forward,RMB,9.0,4,True,PAR,home,2,1.0144890730469769,0.775558908018066,8.539750849030689,0.25770097670924114
3859,Vladimir,Lucic,Forward,BAY,9.0,4,True,VIR,home,2,1.0200115787022004,0.6202514069601436,9.64809828361914,0.25770097670924114
7194,Chuma,Okeke,Forward,RMB,9.0,4,True,PAR,home,2,1.0144890730469769,0.775558908018066,7.506184188467139,0.25770097670924114
8762,Jared,Rhoden,Guard,PBB,9.0,4,True,ASV,home,1,1.0169927670426289,0.7844270484067692,6.842075393417264,0.25770097670924114
11490,Garrison,Mathews,Guard,MIL,9.0,4,True,MTA,away,2,1.0330138352168343,0.36909849187865224,5.21522031683884,0.25770097670924114
11537,Gonzalo,Corbalan,Guard,VBC,9.0,4,True,HTA,home,2,1.034263777814163,0.531268770363532,8.925519161168301,0.25770097670924114
4124,Kevin,Kokila,Center,VIR,8.9,4,True,BAY,away,2,0.9974756531960829,0.3797485930398564,3.478390681344089,0.25770097670924114
7203,Miles,Norris,Forward,BAY,8.9,4,True,VIR,home,2,1.0200115787022004,0.6202514069601436,3.972839850478691,0.25770097670924114
3853,Jerian,Grant,Guard,PAO,8.8,4,True,FBT,home,2,0.9720856249749656,0.6258042923692178,7.306006491440471,0.25770097670924114
3884,Neal,Sako,Center,VBC,8.8,4,True,HTA,home,2,1.034263777814163,0.531268770363532,6.352566954231967,0.25770097670924114
3930,Yam,Madar,Guard,MTA,8.8,4,True,MIL,home,2,0.9928592717031777,0.6309015081213478,2.3811244277231274,0.25770097670924114
4108,Dj,Stewart,Guard,KBA,8.8,4,True,BJK,home,3,1.0,0.5660830357026506,7.175795193627322,0.25770097670924114
8463,Kai,Jones,Center,EFS,8.8,4,True,OLY,away,3,0.9642251320798811,0.27109582436256774,6.802634776581779,0.25770097670924114
11501,Tyrese,Martin,Forward,BAR,8.8,4,True,ZAL,home,3,0.9744801011921955,0.6744137684014206,5.995976059939303,0.25770097670924114
11512,Aj,Lawson,Guard,KBA,8.8,4,True,BJK,home,3,1.0,0.5660830357026506,6.268083583514947,0.25770097670924114
11519,Hugo,Besson,Guard,ASV,8.8,4,True,PBB,away,1,1.0676155355869732,0.2155729515932307,6.1161274878571605,0.25770097670924114
3831,Darius,Thompson,Guard,MIL,8.7,4,True,MTA,away,2,1.0330138352168343,0.36909849187865224,9.324929158820533,0.25770097670924114
3881,Leandro,Bolmaro,Guard,MIL,8.7,4,True,MTA,away,2,1.0330138352168343,0.36909849187865224,6.189931507758977,0.25770097670924114
4257,Jaime,Pradilla,Forward,RMB,8.7,4,True,PAR,home,2,1.0144890730469769,0.775558908018066,8.050745960025278,0.25770097670924114
7338,Both,Gach,Forward,ASV,8.7,4,True,PBB,away,1,1.0676155355869732,0.2155729515932307,6.507938841358919,0.25770097670924114
11488,Santi,Yusta,Forward,EFS,8.7,4,True,OLY,away,3,0.9642251320798811,0.27109582436256774,1.8537447524481725,0.25770097670924114
11538,Mo,Gueye,Forward,VBC,8.7,4,True,HTA,home,2,1.034263777814163,0.531268770363532,7.323241118557384,0.25770097670924114
11547,Wendell,Moore Jr,Guard,VIR,8.7,4,True,BAY,away,2,0.9974756531960829,0.3797485930398564,5.262371449482576,0.25770097670924114
3892,Rokas,Jokubaitis,Guard,BAY,8.6,4,True,VIR,home,2,1.0200115787022004,0.6202514069601436,5.925875294756905,0.25770097670924114
4670,Saben,Lee,Guard,ZAL,8.6,4,True,BAR,away,3,0.9713488831066465,0.32558623159857936,4.320528882290756,0.25770097670924114
11493,Mady,Sissoko,Center,BJK,8.6,4,True,KBA,away,3,1.0255635195978292,0.43391696429734933,5.177356219381137,0.25770097670924114
4081,Conor,Morgan,Forward,BJK,8.5,4,True,KBA,away,3,1.0255635195978292,0.43391696429734933,2.3178631875792983,0.25770097670924114
7210,Omari,Moore,Guard,VBC,8.5,4,True,HTA,home,2,1.034263777814163,0.531268770363532,7.924704030159757,0.25770097670924114
7268,Rj,Cole,Guard,MIL,8.5,4,True,MTA,away,2,1.0330138352168343,0.36909849187865224,3.6821697866527217,0.25770097670924114
3776,Wenyen,Gabriel,Center,BJK,8.4,4,True,KBA,away,3,1.0255635195978292,0.43391696429734933,4.56098647682899,0.25770097670924114
7212,Derrick,Alston Jr.,Forward,VIR,8.4,4,True,BAY,away,2,0.9974756531960829,0.3797485930398564,7.898671127396762,0.25770097670924114
11513,Damion,Baugh,Guard,KBA,8.4,4,True,BJK,home,3,1.0,0.5660830357026506,4.309973076148717,0.25770097670924114
3780,Furkan,Korkmaz,Forward,BJK,8.3,4,True,KBA,away,3,1.0255635195978292,0.43391696429734933,2.1150900328581894,0.25770097670924114
3816,Markus,Howard,Guard,KBA,8.3,4,True,BJK,home,3,1.0,0.5660830357026506,6.337037459580539,0.25770097670924114
3905,Iffe,Lundberg,Guard,MTA,8.3,4,True,MIL,home,2,0.9928592717031777,0.6309015081213478,5.602850312926922,0.25770097670924114
4251,Brancou,Badio,Guard,PAO,8.3,4,True,FBT,home,2,0.9720856249749656,0.6258042923692178,7.97106087992039,0.25770097670924114
8846,Tonye,Jekiri,Center,PAR,8.3,4,True,RMB,away,2,0.9778469133118989,0.22444109198193396,4.420359324704306,0.25770097670924114
3797,Moustapha,Fall,Center,PAO,8.2,4,True,FBT,home,2,0.9720856249749656,0.6258042923692178,1.6382546487951897,0.25770097670924114
3801,Nicolo,Melli,Forward,FBT,8.2,4,True,PAO,away,2,1.001926866949797,0.37419570763078225,6.630104519194004,0.25770097670924114
3861,Thomas,Walkup,Guard,OLY,8.2,4,True,EFS,home,3,0.9921276802747302,0.7289041756374323,7.175925988548661,0.25770097670924114
3925,Devon,Hall,Guard,MIL,8.2,4,True,MTA,away,2,1.0330138352168343,0.36909849187865224,6.949090684899735,0.25770097670924114
3838,Collin,Malcolm,Forward,EFS,8.1,4,True,OLY,away,3,0.9642251320798811,0.27109582436256774,6.358307889375146,0.25770097670924114
3880,Derek ,Willis,Forward,PAR,8.1,4,True,RMB,away,2,0.9778469133118989,0.22444109198193396,4.502308444450697,0.25770097670924114
3980,Aleksander,Balcerowski,Center,BAR,8.0,4,True,ZAL,home,3,0.9744801011921955,0.6744137684014206,1.805786668740083,0.25770097670924114
7209,Lamar,Stevens,Forward,PAR,8.0,4,True,RMB,away,2,0.9778469133118989,0.22444109198193396,4.701286869558345,0.25770097670924114
7215,Dylan,Osetkowski,Forward,VBC,8.0,4,True,HTA,home,2,1.034263777814163,0.531268770363532,6.707072614560369,0.25770097670924114
7226,Allan,Dokossi,Center,PBB,8.0,4,True,ASV,home,1,1.0169927670426289,0.7844270484067692,7.85296420449138,0.25770097670924114
8727,Braxton,Key,Forward,FBT,8.0,4,True,PAO,away,2,1.001926866949797,0.37419570763078225,3.953230137978498,0.25770097670924114
11509,Eugene,German,Guard,HTA,8.0,4,True,VBC,away,2,1.0147146376788245,0.4687312296364679,1.6825626024919744,0.25770097670924114
11535,Max,Shulga,Guard,RMB,8.0,4,True,PAR,home,2,1.0144890730469769,0.775558908018066,4.152358197707403,0.25770097670924114
7243,Nathan,Sestina,Forward,ASV,7.9,4,True,PBB,away,1,1.0676155355869732,0.2155729515932307,0.8387740237486119,0.25770097670924114
8834,Chris,Silva,Center,FBT,7.9,4,True,PAO,away,2,1.001926866949797,0.37419570763078225,1.6409759620919453,0.25770097670924114
3826,Frank,Ntilikina,Guard,PBB,7.8,4,True,ASV,home,1,1.0169927670426289,0.7844270484067692,2.627236440795609,0.25770097670924114
4097,Nikola,Tanaskovic,Center,PAR,7.8,4,True,RMB,away,2,0.9778469133118989,0.22444109198193396,1.3376821570156676,0.25770097670924114
11502,Olivier,Nkamboua,Forward,BAR,7.8,4,True,ZAL,home,3,0.9744801011921955,0.6744137684014206,5.015767049500881,0.25770097670924114
3824,Luca,Vildoza,Guard,PAR,7.7,4,True,RMB,away,2,0.9778469133118989,0.22444109198193396,6.541531657163967,0.25770097670924114
3960,Tamir,Blatt,Guard,HTA,7.7,4,True,VBC,away,2,1.0147146376788245,0.4687312296364679,6.807110363155055,0.25770097670924114
4195,Justinian,Jessup,Guard,BAY,7.7,4,True,VIR,home,2,1.0200115787022004,0.6202514069601436,7.513709345770025,0.25770097670924114
4758,Perry,Dozier,Guard,EFS,7.7,4,True,OLY,away,3,0.9642251320798811,0.27109582436256774,0.7980451945480939,0.25770097670924114
3828,Georgios,Papagiannis,Center,EFS,7.5,4,True,OLY,away,3,0.9642251320798811,0.27109582436256774,0.0,0.25770097670924114
3842,Scottie,Wilbekin,Guard,BJK,7.5,4,True,KBA,away,3,1.0255635195978292,0.43391696429734933,3.8030895095609556,0.25770097670924114
3846,Tyson,Ward,Forward,OLY,7.5,4,True,EFS,home,3,0.9921276802747302,0.7289041756374323,6.058490477614448,0.25770097670924114
3883,Johannes,Voigtmann,Center,BAY,7.5,4,True,VIR,home,2,1.0200115787022004,0.6202514069601436,3.9603141112148585,0.25770097670924114
3948,Mbaye,Ndiaye,Forward,OLY,7.5,4,True,EFS,home,3,0.9921276802747302,0.7289041756374323,7.091049536803473,0.25770097670924114
4159,Khadeen,Carrington,Guard,HTA,7.5,4,True,VBC,away,2,1.0147146376788245,0.4687312296364679,0.8819267040835235,0.25770097670924114
4246,Semi,Ojeleye,Forward,CZV,7.5,4,True,DUB,away,3,1.0622923492427345,0.30775235256513767,7.010115390036546,0.25770097670924114
11520,Yves,Pons,Forward,ASV,7.5,4,True,PBB,away,1,1.0676155355869732,0.2155729515932307,3.381393207193537,0.25770097670924114
11558,Justin,Minaya,Forward,BAR,7.5,4,True,ZAL,home,3,0.9744801011921955,0.6744137684014206,4.242520840033516,0.25770097670924114
3911,Kevarrius,Hayes,Center,PAR,7.3,4,True,RMB,away,2,0.9778469133118989,0.22444109198193396,5.214323195985091,0.25770097670924114
3957,Oscar,Da Silva,Forward,BAY,7.3,4,True,VIR,home,2,1.0200115787022004,0.6202514069601436,5.909214794179873,0.25770097670924114
3963,Alessandro,Pajola,Guard,PAR,7.3,4,True,RMB,away,2,0.9778469133118989,0.22444109198193396,3.8658752767827136,0.25770097670924114
3942,Maodo,Lo,Guard,ZAL,7.2,4,True,BAR,away,3,0.9713488831066465,0.32558623159857936,5.368047719588811,0.25770097670924114
7867,Armando,Bacot,Center,MTA,7.2,4,True,MIL,home,2,0.9928592717031777,0.6309015081213478,0.8668695649340259,0.25770097670924114
11539,Elias,Valtonen,Forward,VBC,7.2,4,True,HTA,home,2,1.034263777814163,0.531268770363532,2.8779876029777074,0.25770097670924114
3917,Kamar,Baldwin,Guard,BAY,7.1,4,True,VIR,home,2,1.0200115787022004,0.6202514069601436,2.022557600445706,0.25770097670924114
4129,Myles,Cale,Guard,ASV,7.1,4,True,PBB,away,1,1.0676155355869732,0.2155729515932307,2.548669304741921,0.25770097670924114
3891,Vitto,Brown,Forward,BJK,7.0,4,True,KBA,away,3,1.0255635195978292,0.43391696429734933,0.9611200127806455,0.25770097670924114
3973,Joel,Parra,Forward,BAR,7.0,4,True,ZAL,home,3,0.9744801011921955,0.6744137684014206,5.642644691279724,0.25770097670924114
3992,Terry,Tarpey,Guard,PBB,7.0,4,True,ASV,home,1,1.0169927670426289,0.7844270484067692,2.043472665395487,0.25770097670924114
4212,Yoan,Makoundou,Center,BAR,7.0,4,True,ZAL,home,3,0.9744801011921955,0.6744137684014206,1.1252802231556693,0.25770097670924114
4375,Arnas,Butkevicius,Forward,ZAL,7.0,4,True,BAR,away,3,0.9713488831066465,0.32558623159857936,5.031272111373271,0.25770097670924114
7229,Mouhamed,Faye,Center,PBB,7.0,4,True,ASV,home,1,1.0169927670426289,0.7844270484067692,6.993428543301893,0.25770097670924114
8993,Cory,Joseph,Guard,OLY,7.0,4,True,EFS,home,3,0.9921276802747302,0.7289041756374323,1.9284457539379887,0.25770097670924114
3952,Mam,Jaiteh,Center,DUB,6.8,4,True,CZV,home,3,0.9891896493697208,0.6922476474348623,1.345614482935158,0.25770097670924114
7217,Tyson,Carter,Guard,CZV,6.8,4,True,DUB,away,3,1.0622923492427345,0.30775235256513767,1.1740661471956277,0.25770097670924114
7390,Tobias,Jensen,Guard,BAY,6.8,4,True,VIR,home,2,1.0200115787022004,0.6202514069601436,0.7561278718138617,0.25770097670924114
7328,Kaodirichi,Akobundu-Ehiogu,Center,ZAL,6.7,4,True,BAR,away,3,0.9713488831066465,0.32558623159857936,0.9782785196824971,0.25770097670924114
11498,Davion,Mintz,Guard,DUB,6.6,4,True,CZV,home,3,0.9891896493697208,0.6922476474348623,2.1177971471996013,0.25770097670924114
3904,Justin,Anderson,Forward,DUB,6.5,4,True,CZV,home,3,0.9891896493697208,0.6922476474348623,4.423935062574354,0.25770097670924114
4167,Ish,Wainright,Forward,HTA,6.5,4,True,VBC,away,2,1.0147146376788245,0.4687312296364679,3.029426079113491,0.25770097670924114
7225,David,Kramer,Guard,CZV,6.5,4,True,DUB,away,3,1.0622923492427345,0.30775235256513767,0.4350396309378537,0.25770097670924114
7234,Yankuba,Sima,Center,VBC,6.5,4,True,HTA,home,2,1.034263777814163,0.531268770363532,0.5341840156029382,0.25770097670924114
7238,Rodions,Kurucs,Forward,KBA,6.5,4,True,BJK,home,3,1.0,0.5660830357026506,4.65810844618519,0.25770097670924114
7424,Aliou,Diarra,Center,VIR,6.5,4,True,BAY,away,2,0.9974756531960829,0.3797485930398564,3.510600949435557,0.25770097670924114
11525,Antonis,Karagiannidis,Center,OLY,6.5,4,True,EFS,home,3,0.9921276802747302,0.7289041756374323,0.7012286885817149,0.25770097670924114
3852,Edgaras,Ulanovas,Forward,ZAL,6.4,4,True,BAR,away,3,0.9713488831066465,0.32558623159857936,5.680573984606724,0.25770097670924114
3915,Matteo,Spagnolo,Guard,KBA,6.4,4,True,BJK,home,3,1.0,0.5660830357026506,5.423662614226636,0.25770097670924114
3967,Dario,Brizuela,Guard,BAR,6.4,4,True,ZAL,home,3,0.9744801011921955,0.6744137684014206,4.340324731448435,0.25770097670924114
7219,Amath,M'baye,Forward,PBB,6.4,4,True,ASV,home,1,1.0169927670426289,0.7844270484067692,4.514667270346919,0.25770097670924114
3918,Marius,Grigonis,Forward,ZAL,6.3,4,True,BAR,away,3,0.9713488831066465,0.32558623159857936,1.1186815081254469,0.25770097670924114
4073,Tai,Odiase,Center,HTA,6.3,4,True,VBC,away,2,1.0147146376788245,0.4687312296364679,2.1758495422303734,0.25770097670924114
4084,Dustin,Sleva,Forward,ZAL,6.3,4,True,BAR,away,3,0.9713488831066465,0.32558623159857936,3.9537635307860697,0.25770097670924114
4156,Jeremy,Morgan,Forward,PBB,6.3,4,True,ASV,home,1,1.0169927670426289,0.7844270484067692,3.9999082127465004,0.25770097670924114
7232,Bodian,Massa,Forward,ASV,6.3,4,True,PBB,away,1,1.0676155355869732,0.2155729515932307,2.6955649681185965,0.25770097670924114
11506,Ignas,Sargiunas,Guard,FBT,6.3,4,True,PAO,away,2,1.001926866949797,0.37419570763078225,1.1137954977541413,0.25770097670924114
3851,Andres,Feliz,Guard,RMB,6.2,4,True,PAR,home,2,1.0144890730469769,0.775558908018066,5.00935900729942,0.25770097670924114
3927,Daulton,Hommes,Forward,PBB,6.2,4,True,ASV,home,1,1.0169927670426289,0.7844270484067692,2.0231335084903135,0.25770097670924114
3835,Usman,Garuba,Center,RMB,6.1,4,True,PAR,home,2,1.0144890730469769,0.775558908018066,4.447881903328592,0.25770097670924114
7378,Agustin,Ubal,Guard,BAR,6.1,4,True,ZAL,home,3,0.9744801011921955,0.6744137684014206,1.1123858855640187,0.25770097670924114
3869,Mikael,Jantunen,Forward,RMB,6.0,4,True,PAR,home,2,1.0144890730469769,0.775558908018066,3.8827735271981045,0.25770097670924114
4094,Kenan,Kamenjas,Center,DUB,5.9,4,True,CZV,home,3,0.9891896493697208,0.6922476474348623,3.2041304103487662,0.25770097670924114
11523,Shane,Hunter,Center,MTA,5.9,4,True,MIL,home,2,0.9928592717031777,0.6309015081213478,2.174472343237468,0.25770097670924114
3954,Khalifa,Diop,Center,KBA,5.8,4,True,BJK,home,3,1.0,0.5660830357026506,4.273622331372339,0.25770097670924114
4234,Tyler,Ennis,Guard,HTA,5.7,4,True,VBC,away,2,1.0147146376788245,0.4687312296364679,0.0,0.25770097670924114
11531,Nobel,Boungou-colo,Forward,PBB,5.7,4,True,ASV,home,1,1.0169927670426289,0.7844270484067692,0.17303472598266906,0.25770097670924114
3836,Konstantinos,Mitoglou,Forward,PAO,5.5,4,True,FBT,home,2,0.9720856249749656,0.6258042923692178,3.9432714593517115,0.25770097670924114
3962,Mario,Nakic,Forward,PAR,5.5,4,True,RMB,away,2,0.9778469133118989,0.22444109198193396,0.4297101509204302,0.25770097670924114
4008,Metecan,Birsen,Forward,BJK,5.5,4,True,KBA,away,3,1.0255635195978292,0.43391696429734933,1.023171048109275,0.25770097670924114
4242,Davide,Casarin,Guard,VIR,5.5,4,True,BAY,away,2,0.9974756531960829,0.3797485930398564,0.5082845951920101,0.25770097670924114
4258,Josep,Puerto,Guard,VBC,5.5,4,True,HTA,home,2,1.034263777814163,0.531268770363532,3.8045118772602775,0.25770097670924114
7216,Davis,Bertans,Forward,DUB,5.5,4,True,CZV,home,3,0.9891896493697208,0.6922476474348623,3.0362310992000276,0.25770097670924114
7231,Brice,Dessert,Center,EFS,5.5,4,True,OLY,away,3,0.9642251320798811,0.27109582436256774,2.018582269503999,0.25770097670924114
8830,Francesco,Ferrari,Forward,VIR,5.2,4,True,BAY,away,2,0.9974756531960829,0.3797485930398564,1.1881843135809018,0.25770097670924114
3972,Justus,Hollatz,Guard,BAY,5.1,4,True,VIR,home,2,1.0200115787022004,0.6202514069601436,2.373888641078037,0.25770097670924114
7223,Clement,Frisch,Forward,KBA,5.1,4,True,BJK,home,3,1.0,0.5660830357026506,4.084358975270237,0.25770097670924114
3830,Deividas,Sirvydis,Guard,ZAL,5.0,4,True,BAR,away,3,0.9713488831066465,0.32558623159857936,1.5241242608575922,0.25770097670924114
3950,Ognjen,Dobric,Forward,CZV,5.0,4,True,DUB,away,3,1.0622923492427345,0.30775235256513767,2.5091807090606233,0.25770097670924114
3971,Vanja,Marinkovic,Guard,PAR,5.0,4,True,RMB,away,2,0.9778469133118989,0.22444109198193396,1.5595300944798984,0.25770097670924114
3975,Sebastian,Herrera,Guard,PBB,5.0,4,True,ASV,home,1,1.0169927670426289,0.7844270484067692,3.4250709669089807,0.25770097670924114
3978,Eli,Ndiaye,Forward,RMB,5.0,4,True,PAR,home,2,1.0144890730469769,0.775558908018066,0.41231369334100215,0.25770097670924114
4546,Joel,Ayayi,Guard,PBB,5.0,4,True,ASV,home,1,1.0169927670426289,0.7844270484067692,0.8252075260769092,0.25770097670924114
4698,Onuralp,Bitim,Forward,FBT,5.0,4,True,PAO,away,2,1.001926866949797,0.37419570763078225,1.1799343403556064,0.25770097670924114
11510,Frederic,Bourdillon,Guard,HTA,5.0,4,True,VBC,away,2,1.0147146376788245,0.4687312296364679,0.20445976768990032,0.25770097670924114
3886,Daniel,Hackett,Guard,VIR,4.8,4,True,BAY,away,2,0.9974756531960829,0.3797485930398564,2.893737520558789,0.25770097670924114
3933,Leopold,Cavaliere,Forward,PBB,4.8,4,True,ASV,home,1,1.0169927670426289,0.7844270484067692,3.1480194762603233,0.25770097670924114
3985,David,Lighty,Forward,ASV,4.8,4,True,PBB,away,1,1.0676155355869732,0.2155729515932307,2.334172463008928,0.25770097670924114
3994,Yakuba,Ouattara,Guard,PBB,4.8,4,True,ASV,home,1,1.0169927670426289,0.7844270484067692,2.8460284675038383,0.25770097670924114
11495,Nikola,Djurisic,Guard,CZV,4.8,4,True,DUB,away,3,1.0622923492427345,0.30775235256513767,0.5194629258858751,0.25770097670924114
11521,Marc-owen,Fodzo Dada,Guard,ASV,4.8,4,True,PBB,away,1,1.0676155355869732,0.2155729515932307,0.5753074021475937,0.25770097670924114
11540,Mario,Saint-supery,Guard,VBC,4.7,4,True,HTA,home,2,1.034263777814163,0.531268770363532,0.6146248227479867,0.25770097670924114
3896,Juan,Nunez,Guard,BAR,4.6,4,True,ZAL,home,3,0.9744801011921955,0.6744137684014206,0.26405548285558855,0.25770097670924114
3979,Giannoulis,Larentzakis,Guard,OLY,4.6,4,True,EFS,home,3,0.9921276802747302,0.7289041756374323,0.10619054440419344,0.25770097670924114
4005,Edwin,Jackson,Forward,ASV,4.6,4,True,PBB,away,1,1.0676155355869732,0.2155729515932307,1.5804538865172995,0.25770097670924114
3936,Nikos,Rogkavopoulos,Forward,PAO,4.5,4,True,FBT,home,2,0.9720856249749656,0.6258042923692178,1.3610594524791901,0.25770097670924114
3977,Sergio,Llull,Guard,RMB,4.5,4,True,PAR,home,2,1.0144890730469769,0.775558908018066,1.415918058239098,0.25770097670924114
3984,Sertac,Sanli,Center,FBT,4.5,4,True,PAO,away,2,1.001926866949797,0.37419570763078225,0.3940006311910991,0.25770097670924114
3988,John,Dibartolomeo,Guard,MTA,4.5,4,True,MIL,home,2,0.9928592717031777,0.6309015081213478,2.4091021198601963,0.25770097670924114
3991,Alberto,Abalde,Forward,RMB,4.5,4,True,PAR,home,2,1.0144890730469769,0.775558908018066,2.765598655822537,0.25770097670924114
3998,Dovydas,Giedraitis,Guard,ZAL,4.5,4,True,BAR,away,3,0.9713488831066465,0.32558623159857936,0.7102003876415641,0.25770097670924114
4012,Giampaolo,Ricci,Forward,MIL,4.5,4,True,MTA,away,2,1.0330138352168343,0.36909849187865224,3.090050539490509,0.25770097670924114
4061,Eleftherios,Mantzoukas,Forward,PAO,4.5,4,True,FBT,home,2,0.9720856249749656,0.6258042923692178,0.26456427634513474,0.25770097670924114
4165,Tomer,Ginat,Forward,HTA,4.5,4,True,VBC,away,2,1.0147146376788245,0.4687312296364679,0.9880610441530897,0.25770097670924114
7228,Klemen,Prepelic,Guard,DUB,4.5,4,True,CZV,home,3,0.9891896493697208,0.6922476474348623,1.9271799514888213,0.25770097670924114
7239,Izan,Almansa,Forward,RMB,4.5,4,True,PAR,home,2,1.0144890730469769,0.775558908018066,0.09410085949749297,0.25770097670924114
7241,Gur,Lavy,Forward,MTA,4.5,4,True,MIL,home,2,0.9928592717031777,0.6309015081213478,0.0,0.25770097670924114
9063,Amit,Ebo,Guard,MTA,4.5,4,True,MIL,home,2,0.9928592717031777,0.6309015081213478,0.17958538554036008,0.25770097670924114
11541,Alvaro,Cardenas,Guard,VBC,4.5,4,True,HTA,home,2,1.034263777814163,0.531268770363532,0.3944635675804913,0.25770097670924114
3983,Dejan,Davidovac,Forward,CZV,4.4,4,True,DUB,away,3,1.0622923492427345,0.30775235256513767,1.5956413125372928,0.25770097670924114
3986,Niels,Giffey,Forward,BAY,4.4,4,True,VIR,home,2,1.0200115787022004,0.6202514069601436,2.4452085376866783,0.25770097670924114
4007,Erkan,Yilmaz,Forward,EFS,4.4,4,True,OLY,away,3,0.9642251320798811,0.27109582436256774,0.7676199473239049,0.25770097670924114
4088,Berk,Ugurlu,Guard,BJK,4.4,4,True,KBA,away,3,1.0255635195978292,0.43391696429734933,0.8948116919098232,0.25770097670924114
11524,Nikolaos,Plotas,Guard,OLY,4.4,4,True,EFS,home,3,0.9921276802747302,0.7289041756374323,0.26418092425574513,0.25770097670924114
11548,Tommaso,Baldasso,Guard,VIR,4.4,4,True,BAY,away,2,0.9974756531960829,0.3797485930398564,0.24047458053664714,0.25770097670924114
3867,Kostas,Papanikolaou,Forward,OLY,4.3,4,True,EFS,home,3,0.9921276802747302,0.7289041756374323,1.7917956681384792,0.25770097670924114
4378,William,Rayman,Forward,MTA,4.3,4,True,MIL,home,2,0.9928592717031777,0.6309015081213478,2.492499854711365,0.25770097670924114
3997,Stefano,Tonut,Guard,MIL,4.2,4,True,MTA,away,2,1.0330138352168343,0.36909849187865224,0.40549869003238864,0.25770097670924114
4038,Dimitris,Moraitis,Guard,PAO,4.2,4,True,FBT,home,2,0.9720856249749656,0.6258042923692178,0.30885771350028607,0.25770097670924114
7230,Awudu,Abass,Forward,DUB,4.2,4,True,CZV,home,3,0.9891896493697208,0.6922476474348623,1.3782140005892138,0.25770097670924114
8623,Kosta,Kondic,Guard,DUB,4.2,4,True,CZV,home,3,0.9891896493697208,0.6922476474348623,1.2645789171221076,0.25770097670924114
11542,Lucas,Mari,Guard,VBC,4.2,4,True,HTA,home,2,1.034263777814163,0.531268770363532,0.314912706149155,0.25770097670924114
3916,Gabriele,Procida,Forward,RMB,4.1,4,True,PAR,home,2,1.0144890730469769,0.775558908018066,0.41379803795842185,0.25770097670924114
3976,Arijan,Lakic,Forward,PAR,4.0,4,True,RMB,away,2,0.9778469133118989,0.22444109198193396,1.3462262232981317,0.25770097670924114
4000,Melih,Mahmutoglu,Guard,FBT,4.0,4,True,PAO,away,2,1.001926866949797,0.37419570763078225,0.053121765490829004,0.25770097670924114
4003,Enzo,Shahrvin,Center,PBB,4.0,4,True,ASV,home,1,1.0169927670426289,0.7844270484067692,0.764329440188833,0.25770097670924114
4009,Ousmane,Diop,Center,MIL,4.0,4,True,MTA,away,2,1.0330138352168343,0.36909849187865224,0.34796949585364756,0.25770097670924114
4013,Diego,Flaccadori,Guard,MIL,4.0,4,True,MTA,away,2,1.0330138352168343,0.36909849187865224,0.19122200236992312,0.25770097670924114
4016,Nicola,Akele,Forward,MIL,4.0,4,True,MTA,away,2,1.0330138352168343,0.36909849187865224,1.7239573476849042,0.25770097670924114
4019,Panagiotis,Kalaitzakis,Guard,PAO,4.0,4,True,FBT,home,2,0.9720856249749656,0.6258042923692178,0.6241842268606319,0.25770097670924114
4023,Mitar,Bosnjakovic,Guard,PAR,4.0,4,True,RMB,away,2,0.9778469133118989,0.22444109198193396,0.057909585738018264,0.25770097670924114
4026,Burakcan,Yildizli,Forward,EFS,4.0,4,True,OLY,away,3,0.9642251320798811,0.27109582436256774,0.08118736228526569,0.25770097670924114
4036,Mert,Eksioglu,Guard,FBT,4.0,4,True,PAO,away,2,1.001926866949797,0.37419570763078225,0.36312173904460104,0.25770097670924114
4174,Guy,Palatin,Guard,HTA,4.0,4,True,VBC,away,2,1.0147146376788245,0.4687312296364679,0.07905389727736448,0.25770097670924114
4175,Oz,Blayzer,Forward,HTA,4.0,4,True,VBC,away,2,1.0147146376788245,0.4687312296364679,0.06826793610409264,0.25770097670924114
4551,Bar,Timor,Guard,HTA,4.0,4,True,VBC,away,2,1.0147146376788245,0.4687312296364679,0.3397756477252041,0.25770097670924114
7245,David,Mutaf,Guard,EFS,4.0,4,True,OLY,away,3,0.9642251320798811,0.27109582436256774,0.23285114670483825,0.25770097670924114
7246,Stefan,Miljenovic,Guard,CZV,4.0,4,True,DUB,away,3,1.0622923492427345,0.30775235256513767,0.5409359164982482,0.25770097670924114
7248,Nemanja,Dangubic,Forward,DUB,4.0,4,True,CZV,home,3,0.9891896493697208,0.6922476474348623,0.20564778884845772,0.25770097670924114
7250,Ioannis,Kouzeloglou,Forward,PAO,4.0,4,True,FBT,home,2,0.9720856249749656,0.6258042923692178,0.16810896607314652,0.25770097670924114
7254,Itay,Segev,Center,HTA,4.0,4,True,VBC,away,2,1.0147146376788245,0.4687312296364679,0.13515380033739385,0.25770097670924114
7255,Omiros,Netzipoglou,Guard,OLY,4.0,4,True,EFS,home,3,0.9921276802747302,0.7289041756374323,0.02601174544589686,0.25770097670924114
8644,Stefan,Joksimovic,Forward,KBA,4.0,4,True,BJK,home,3,1.0,0.5660830357026506,0.2736773815951053,0.25770097670924114
8681,Aleksej,Nedeljkovic,Forward,CZV,4.0,4,True,DUB,away,3,1.0622923492427345,0.30775235256513767,0.1570625804422859,0.25770097670924114
8770,Ruzgar,Fenemen,Guard,EFS,4.0,4,True,OLY,away,3,0.9642251320798811,0.27109582436256774,0.10843439448040934,0.25770097670924114
9061,Matteo,Baiocchi,Guard,VIR,4.0,4,True,BAY,away,2,0.9974756531960829,0.3797485930398564,0.015354229616202274,0.25770097670924114
9062,Kilian,Fischer,Forward,BAY,4.0,4,True,VIR,home,2,1.0200115787022004,0.6202514069601436,0.198524175671347,0.25770097670924114
11496,Andrej,Bjelic,Guard,CZV,4.0,4,True,DUB,away,3,1.0622923492427345,0.30775235256513767,0.29505988191539456,0.25770097670924114
11497,Vojin,Medarevic,Center,CZV,4.0,4,True,DUB,away,3,1.0622923492427345,0.30775235256513767,0.43828205468241915,0.25770097670924114
11533,Uros,Mijailovic,Forward,PAR,4.0,4,True,RMB,away,2,0.9778469133118989,0.22444109198193396,0.09426280195352235,0.25770097670924114
3868,Zeljko,Obradovic,Head Coach,PAO,10.0,4,True,FBT,home,2,0.9720856249749656,0.6258042923692178,7.033875,0.25770097670924114
3885,Georgios,Bartzokas,Head Coach,OLY,10.0,4,True,EFS,home,3,0.9921276802747302,0.7289041756374323,10.291125,0.25770097670924114
3872,Pedro,Martinez,Head Coach,RMB,9.0,4,True,PAR,home,2,1.0144890730469769,0.775558908018066,11.871875,0.25770097670924114
3897,Saras,Jasikevicius,Head Coach,FBT,9.0,4,True,PAO,away,2,1.001926866949797,0.37419570763078225,-0.364125,0.25770097670924114
4172,Dimitris,Itoudis,Head Coach,HTA,8.5,4,True,VBC,away,2,1.0147146376788245,0.4687312296364679,2.40525,0.25770097670924114
3909,Aleksander,Sekulic,Head Coach,BAR,8.0,4,True,ZAL,home,3,0.9744801011921955,0.6744137684014206,8.511125,0.25770097670924114
7235,Xavi,Pascual,Head Coach,DUB,8.0,4,True,CZV,home,3,0.9891896493697208,0.6922476474348623,9.09,0.25770097670924114
3921,Pablo,Laso,Head Coach,EFS,7.5,4,True,OLY,away,3,0.9642251320798811,0.27109582436256774,-3.561875,0.25770097670924114
4006,Tomas,Masiulis,Head Coach,ZAL,7.5,4,True,BAR,away,3,0.9713488831066465,0.32558623159857936,-1.831375,0.25770097670924114
3924,Giuseppe,Poeta,Head Coach,MIL,7.0,4,True,MTA,away,2,1.0330138352168343,0.36909849187865224,-0.50575,0.25770097670924114
3938,Ibon,Navarro,Head Coach,CZV,7.0,4,True,DUB,away,3,1.0622923492427345,0.30775235256513767,-2.382,0.25770097670924114
4255,Xavier,Albert,Head Coach,VBC,7.0,4,True,HTA,home,2,1.034263777814163,0.531268770363532,4.1885,0.25770097670924114
3943,Joan,Penarroya,Head Coach,PAR,6.5,4,True,RMB,away,2,0.9778469133118989,0.22444109198193396,-5.13725,0.25770097670924114
3961,Oded,Kattash,Head Coach,MTA,6.5,4,True,MIL,home,2,0.9928592717031777,0.6309015081213478,7.1995,0.25770097670924114
4014,Tony,Parker,Head Coach,ASV,6.0,4,True,PBB,away,1,1.0676155355869732,0.2155729515932307,-5.4595,0.25770097670924114
4086,Dusan,Alimpijevic,Head Coach,BJK,6.0,4,True,KBA,away,3,1.0255635195978292,0.43391696429734933,1.401125,0.25770097670924114
3955,Paolo,Galbiati,Head Coach,KBA,5.0,4,True,BJK,home,3,1.0,0.5660830357026506,5.217,0.25770097670924114
3964,Alex,Mumbru,Head Coach,VIR,5.0,4,True,BAY,away,2,0.9974756531960829,0.3797485930398564,-0.20775,0.25770097670924114
3974,Anton,Gavel,Head Coach,BAY,5.0,4,True,VIR,home,2,1.0200115787022004,0.6202514069601436,6.8665,0.25770097670924114
3995,Maxime,Lefevre,Head Coach,PBB,5.0,4,True,ASV,home,1,1.0169927670426289,0.7844270484067692,12.167,0.25770097670924114
3766,Sasha,Vezenkov,Forward,OLY,17.0,5,True,VBC,away,1,1.0147146376788245,0.5349259622372156,17.819533078788602,0.16399153063315347
3765,Mike,James,Guard,EFS,16.0,5,True,BAY,home,2,0.9974756531960829,0.7211741133940479,16.104084006111933,0.16399153063315347
3770,Chima,Moneke,Forward,CZV,15.5,5,True,ASV,away,1,1.0169927670426289,0.531068754678257,15.438819968631558,0.16399153063315347
3903,Elijah,Bryant,Guard,HTA,15.5,5,True,BJK,home,2,1.0,0.7414263220286645,15.984045738530847,0.16399153063315347
11549,Jonas,Valanciunas,Center,ZAL,15.5,5,True,FBT,away,1,0.9720856249749656,0.330689896421256,10.341174582260361,0.16399153063315347
3782,Nikola,Milutinov,Center,OLY,15.3,5,True,VBC,away,1,1.0147146376788245,0.5349259622372156,15.930453482799631,0.16399153063315347
3795,TJ,Shorts,Guard,VBC,14.9,5,True,OLY,home,1,0.9642251320798811,0.4650740377627845,10.73758778178102,0.16399153063315347
3812,Jaylen,Hoard,Forward,MTA,14.8,5,True,BAR,away,1,0.9713488831066465,0.34226141120896597,14.069662545928042,0.16399153063315347
3834,Nadir,Hifi,Guard,PBB,14.8,5,True,VIR,home,2,1.0200115787022004,0.726058139992312,17.96482590420442,0.16399153063315347
3887,Sylvain,Francisco,Guard,PAO,14.8,5,True,PAR,away,1,1.0144890730469769,0.49548525322517717,17.187165301504802,0.16399153063315347
3769,Walter,Tavares,Center,RMB,14.7,5,True,MIL,away,1,0.9928592717031777,0.5228757016230317,12.16936267132541,0.16399153063315347
3805,Kendrick,Nunn,Guard,PAO,14.6,5,True,PAR,away,1,1.0144890730469769,0.49548525322517717,0.0,0.16399153063315347
4233,Mfiondu,Kabengele,Center,DUB,14.6,5,True,KBA,away,1,1.0255635195978292,0.5499379174755935,14.311515269137034,0.16399153063315347
11487,Dario,Saric,Forward,EFS,14.5,5,True,BAY,home,2,0.9974756531960829,0.7211741133940479,10.260760387685545,0.16399153063315347
3768,Mathias,Lessort,Center,PAO,14.4,5,True,PAR,away,1,1.0144890730469769,0.49548525322517717,5.800403460366587,0.16399153063315347
3771,Wade,Baldwin,Guard,FBT,14.3,5,True,ZAL,home,1,0.9744801011921955,0.669310103578744,14.841872148106921,0.16399153063315347
11526,Guerschon,Yabusele,Forward,PAO,14.3,5,True,PAR,away,1,1.0144890730469769,0.49548525322517717,9.71630513922843,0.16399153063315347
3857,Dan,Oturu,Center,HTA,14.2,5,True,BJK,home,2,1.0,0.7414263220286645,15.4858132917,0.16399153063315347
3843,Moses,Wright,Center,MIL,14.0,5,True,RMB,home,1,0.9778469133118989,0.4771242983769684,16.908867218721365,0.16399153063315347
3774,Tornike,Shengelia,Forward,DUB,13.8,5,True,KBA,away,1,1.0255635195978292,0.5499379174755935,11.721335539434422,0.16399153063315347
3772,Facundo,Campazzo,Guard,RMB,13.7,5,True,MIL,away,1,0.9928592717031777,0.5228757016230317,12.566248924601181,0.16399153063315347
3791,Carlik,Jones,Guard,PAR,13.6,5,True,PAO,home,1,1.001926866949797,0.5045147467748229,10.451616524319387,0.16399153063315347
3794,Kevin,Punter,Guard,BAR,13.6,5,True,MTA,home,1,1.0330138352168343,0.6577385887910341,13.534637018235133,0.16399153063315347
3767,Shane,Larkin,Guard,FBT,13.5,5,True,ZAL,home,1,0.9744801011921955,0.669310103578744,7.731476504235108,0.16399153063315347
4096,Mckinley,Wright,Guard,DUB,13.5,5,True,KBA,away,1,1.0255635195978292,0.5499379174755935,13.196658460797618,0.16399153063315347
3787,Nigel,Hayes-davis,Forward,PAO,13.4,5,True,PAR,away,1,1.0144890730469769,0.49548525322517717,0.0,0.16399153063315347
3910,Roman,Sorkin,Center,MTA,13.4,5,True,BAR,away,1,0.9713488831066465,0.34226141120896597,10.678720023005845,0.16399153063315347
3790,Dzanan,Musa,Guard,DUB,13.3,5,True,KBA,away,1,1.0255635195978292,0.5499379174755935,8.431379435823544,0.16399153063315347
3799,Zach,Leday,Forward,HTA,13.3,5,True,BJK,home,2,1.0,0.7414263220286645,11.979880529162338,0.16399153063315347
3793,Jordan,Nwora,Forward,CZV,13.0,5,True,ASV,away,1,1.0169927670426289,0.531068754678257,12.594101656004792,0.16399153063315347
3864,Timothé,Luwawu-Cabarrot,Forward,RMB,12.8,5,True,MIL,away,1,0.9928592717031777,0.5228757016230317,12.579485874729375,0.16399153063315347
4252,Jean,Montero,Guard,OLY,12.8,5,True,VBC,away,1,1.0147146376788245,0.5349259622372156,14.248148009122685,0.16399153063315347
3926,Filip,Petrusev,Forward,DUB,12.7,5,True,KBA,away,1,1.0255635195978292,0.5499379174755935,12.805104624823846,0.16399153063315347
7201,Dwayne,Bacon,Forward,DUB,12.7,5,True,KBA,away,1,1.0255635195978292,0.5499379174755935,10.19209294564333,0.16399153063315347
8567,Talen,Horton-Tucker,Guard,FBT,12.7,5,True,ZAL,home,1,0.9744801011921955,0.669310103578744,13.409950562705102,0.16399153063315347
3874,Tyler,Dorsey,Guard,OLY,12.6,5,True,VBC,away,1,1.0147146376788245,0.5349259622372156,10.641803807699148,0.16399153063315347
3785,Josh,Nebo,Center,BAR,12.5,5,True,MTA,home,1,1.0330138352168343,0.6577385887910341,11.996680587750655,0.16399153063315347
11507,Amir,Coffey,Forward,HTA,12.5,5,True,BJK,home,2,1.0,0.7414263220286645,8.25598863748483,0.16399153063315347
3775,Shavon,Shields,Forward,FBT,12.4,5,True,ZAL,home,1,0.9744801011921955,0.669310103578744,11.082789294593631,0.16399153063315347
3777,Will,Clyburn,Forward,FBT,12.4,5,True,ZAL,home,1,0.9744801011921955,0.669310103578744,11.557260721078485,0.16399153063315347
7218,Kameron,Taylor,Forward,VBC,12.4,5,True,OLY,home,1,0.9642251320798811,0.4650740377627845,11.740857710145612,0.16399153063315347
11514,Patty,Mills,Guard,ASV,12.3,5,True,CZV,home,1,0.9891896493697208,0.468931245321743,12.658780424112605,0.16399153063315347
3807,Elie,Okobo,Guard,DUB,12.2,5,True,KBA,away,1,1.0255635195978292,0.5499379174755935,10.663548712212325,0.16399153063315347
4882,Daniel,Theis,Center,MTA,12.2,5,True,BAR,away,1,0.9713488831066465,0.34226141120896597,9.068428459271773,0.16399153063315347
7202,Justin,Robinson,Guard,BAR,12.2,5,True,MTA,home,1,1.0330138352168343,0.6577385887910341,14.787081865727137,0.16399153063315347
4247,Chris,Jones,Guard,CZV,12.1,5,True,ASV,away,1,1.0169927670426289,0.531068754678257,10.450710889526619,0.16399153063315347
3870,Tyrique,Jones,Center,OLY,12.0,5,True,VBC,away,1,1.0147146376788245,0.5349259622372156,9.251046337982368,0.16399153063315347
3898,Ante,Zizic,Center,BJK,12.0,5,True,HTA,away,2,1.034263777814163,0.2585736779713355,9.035100548404609,0.16399153063315347
7193,Vasilije,Micic,Guard,HTA,12.0,5,True,BJK,home,2,1.0,0.7414263220286645,11.567590826162835,0.16399153063315347
3820,Alec,Peters,Forward,MIL,11.7,5,True,RMB,home,1,0.9778469133118989,0.4771242983769684,7.89796082228119,0.16399153063315347
3934,Isaac,Bonga,Forward,PAO,11.5,5,True,PAR,away,1,1.0144890730469769,0.49548525322517717,12.226814736947192,0.16399153063315347
11527,Tj,Warren,Forward,PBB,11.5,5,True,VIR,home,2,1.0200115787022004,0.726058139992312,10.595265661789986,0.16399153063315347
3825,Juancho,Hernangomez,Forward,PAO,11.4,5,True,PAR,away,1,1.0144890730469769,0.49548525322517717,10.799646582430533,0.16399153063315347
3899,Carsen,Edwards,Guard,ZAL,11.4,5,True,FBT,away,1,0.9720856249749656,0.330689896421256,9.26824995286253,0.16399153063315347
3810,Bonzie,Colson,Forward,MTA,11.3,5,True,BAR,away,1,0.9713488831066465,0.34226141120896597,8.252220073083487,0.16399153063315347
4712,Marcus,Bingham,Center,FBT,11.3,5,True,ZAL,home,1,0.9744801011921955,0.669310103578744,4.1231045079712745,0.16399153063315347
11503,Marjon,Beauchamp,Forward,BAY,11.3,5,True,EFS,away,2,0.9921276802747302,0.2788258866059521,9.200350478262791,0.16399153063315347
7221,Azuolas,Tubelis,Forward,ZAL,11.1,5,True,FBT,away,1,0.9720856249749656,0.330689896421256,11.298269003307725,0.16399153063315347
11528,Tyson,Etienne,Guard,PBB,11.1,5,True,VIR,home,2,1.0200115787022004,0.726058139992312,9.730278957134813,0.16399153063315347
3808,Codi,Miller-Mcintyre,Guard,OLY,11.0,5,True,VBC,away,1,1.0147146376788245,0.5349259622372156,12.526890047812085,0.16399153063315347
4164,Johnathan,Motley,Center,CZV,11.0,5,True,ASV,away,1,1.0169927670426289,0.531068754678257,6.537680300788033,0.16399153063315347
7269,Austin,Wiley,Center,BAY,11.0,5,True,EFS,away,2,0.9921276802747302,0.2788258866059521,6.910562765581274,0.16399153063315347
11543,Rasheed,Bello,Guard,VIR,11.0,5,True,PBB,away,2,1.0676155355869732,0.27394186000768805,12.011711332379683,0.16399153063315347
3821,Donta,Hall,Center,OLY,10.9,5,True,VBC,away,1,1.0147146376788245,0.5349259622372156,8.258627150683454,0.16399153063315347
11522,Keaton,Wallace,Guard,MTA,10.8,5,True,BAR,away,1,0.9713488831066465,0.34226141120896597,6.205909525860407,0.16399153063315347
3779,Kostas,Sloukas,Guard,PAO,10.7,5,True,PAR,away,1,1.0144890730469769,0.49548525322517717,9.952281000917194,0.16399153063315347
7258,Daron,Russell,Guard,EFS,10.7,5,True,BAY,home,2,0.9974756531960829,0.7211741133940479,8.108803581230497,0.16399153063315347
3815,Trent,Forrest,Guard,FBT,10.6,5,True,ZAL,home,1,0.9744801011921955,0.669310103578744,10.166768361013041,0.16399153063315347
3888,Sterling,Brown,Guard,ZAL,10.6,5,True,FBT,away,1,0.9720856249749656,0.330689896421256,9.131989448176624,0.16399153063315347
11494,Patrick,Baldwin Jr,Center,CZV,10.6,5,True,ASV,away,1,1.0169927670426289,0.531068754678257,7.221755899868378,0.16399153063315347
11504,Johannes,Thiemann,Center,BAY,10.6,5,True,EFS,away,2,0.9921276802747302,0.2788258866059521,6.1137881356961135,0.16399153063315347
7204,TJ,Leaf,Forward,MTA,10.5,5,True,BAR,away,1,0.9713488831066465,0.34226141120896597,0.0,0.16399153063315347
8808,Eugene,Omoruyi,Forward,BJK,10.5,5,True,HTA,away,2,1.034263777814163,0.2585736779713355,8.362664465184688,0.16399153063315347
11544,Trent,Frazier,Guard,VIR,10.5,5,True,PBB,away,2,1.0676155355869732,0.27394186000768805,10.869804032566522,0.16399153063315347
3804,Tadas,Sedekerskis,Forward,KBA,10.4,5,True,DUB,home,1,1.0622923492427345,0.4500620825244065,7.433655612078033,0.16399153063315347
3822,Joel,Bolomboy,Center,ASV,10.4,5,True,CZV,home,1,0.9891896493697208,0.468931245321743,4.449783843680653,0.16399153063315347
3833,Armoni,Brooks,Guard,VBC,10.3,5,True,OLY,home,1,0.9642251320798811,0.4650740377627845,10.062623767844642,0.16399153063315347
3993,Matthew,Strazel,Guard,EFS,10.3,5,True,BAY,home,2,0.9974756531960829,0.7211741133940479,8.74162117456654,0.16399153063315347
4808,Bruno,Fernando,Center,EFS,10.3,5,True,BAY,home,2,0.9974756531960829,0.7211741133940479,10.343242281029324,0.16399153063315347
7237,Nathan,Reuvers,Forward,VBC,10.3,5,True,OLY,home,1,0.9642251320798811,0.4650740377627845,9.86583484137762,0.16399153063315347
3792,Jordan,Loyd,Guard,EFS,10.2,5,True,BAY,home,2,0.9974756531960829,0.7211741133940479,9.591338777302163,0.16399153063315347
3946,Andreas,Obst,Guard,BAY,10.2,5,True,EFS,away,2,0.9921276802747302,0.2788258866059521,8.943589133634443,0.16399153063315347
7197,Oshae,Brissett,Forward,MTA,10.2,5,True,BAR,away,1,0.9713488831066465,0.34226141120896597,9.681534020943756,0.16399153063315347
7362,Umoja,Gibson,Guard,BAR,10.2,5,True,MTA,home,1,1.0330138352168343,0.6577385887910341,8.689974639833713,0.16399153063315347
3806,Duane,Washington,Guard,BAY,10.1,5,True,EFS,away,2,0.9921276802747302,0.2788258866059521,6.508901669706219,0.16399153063315347
4340,Kyle,Allman,Guard,PAR,10.1,5,True,PAO,home,1,1.001926866949797,0.5045147467748229,6.7632390923439045,0.16399153063315347
8368,Mamadi,Diakite,Center,DUB,10.1,5,True,KBA,away,1,1.0255635195978292,0.5499379174755935,7.935652874040905,0.16399153063315347
8721,Jared,Butler,Guard,CZV,10.1,5,True,ASV,away,1,1.0169927670426289,0.531068754678257,8.676001182029488,0.16399153063315347
11532,Ethan,Thompson,Guard,PAR,10.1,5,True,PAO,home,1,1.001926866949797,0.5045147467748229,10.579889952296066,0.16399153063315347
3940,Nick,Weiler-Babb,Guard,CZV,10.0,5,True,ASV,away,1,1.0169927670426289,0.531068754678257,9.417834166672813,0.16399153063315347
9064,Kessler,Edwards,Forward,VIR,10.0,5,True,PBB,away,2,1.0676155355869732,0.27394186000768805,3.897357070609059,0.16399153063315347
11505,Johnny,Juzang,Forward,FBT,10.0,5,True,ZAL,home,1,0.9744801011921955,0.669310103578744,5.84203577538224,0.16399153063315347
11511,Chris,Duarte,Guard,KBA,10.0,5,True,DUB,home,1,1.0622923492427345,0.4500620825244065,11.520132170032669,0.16399153063315347
4180,Devon,Dotson,Guard,BJK,9.9,5,True,HTA,away,2,1.034263777814163,0.2585736779713355,6.30058130591955,0.16399153063315347
11491,David,Dejulius,Guard,BJK,9.9,5,True,HTA,away,2,1.034263777814163,0.2585736779713355,4.860080792706926,0.16399153063315347
11515,Tremont,Waters,Guard,ASV,9.9,5,True,CZV,home,1,0.9891896493697208,0.468931245321743,10.292654691066883,0.16399153063315347
11545,Marcus,Carr,Guard,VIR,9.9,5,True,PBB,away,2,1.0676155355869732,0.27394186000768805,7.162258700408165,0.16399153063315347
11546,Bobi,Klintman,Center,VIR,9.9,5,True,PBB,away,2,1.0676155355869732,0.27394186000768805,9.429904829838133,0.16399153063315347
3850,Theo,Maledon,Guard,RMB,9.8,5,True,MIL,away,1,0.9928592717031777,0.5228757016230317,10.268556690007498,0.16399153063315347
11508,Jacob,Toppin,Forward,HTA,9.8,5,True,BJK,home,2,1.0,0.7414263220286645,4.937897391264093,0.16399153063315347
11529,Alize,Johnson,Forward,PBB,9.8,5,True,VIR,home,2,1.0200115787022004,0.726058139992312,8.24551882893396,0.16399153063315347
3860,Devin,Booker,Center,MIL,9.7,5,True,RMB,home,1,0.9778469133118989,0.4771242983769684,9.155442299933199,0.16399153063315347
3914,Nigel,Williams-Goss,Guard,ZAL,9.7,5,True,FBT,away,1,0.9720856249749656,0.330689896421256,6.91847675441896,0.16399153063315347
4210,Anthony,Brown,Forward,BJK,9.7,5,True,HTA,away,2,1.034263777814163,0.2585736779713355,6.073187329073913,0.16399153063315347
11492,Jaylen,Nowell,Guard,BJK,9.7,5,True,HTA,away,2,1.034263777814163,0.2585736779713355,7.405181346480311,0.16399153063315347
3841,Tomas,Satoransky,Guard,HTA,9.6,5,True,BJK,home,2,1.0,0.7414263220286645,9.494950830181237,0.16399153063315347
3875,Marko,Guduric,Guard,MIL,9.6,5,True,RMB,home,1,0.9778469133118989,0.4771242983769684,10.151500573600002,0.16399153063315347
4675,Antonio,Blakeney,Guard,HTA,9.6,5,True,BJK,home,2,1.0,0.7414263220286645,9.443351540774996,0.16399153063315347
7422,Ercan,Osmani,Forward,EFS,9.6,5,True,BAY,home,2,0.9974756531960829,0.7211741133940479,9.110021809972688,0.16399153063315347
8714,Kobi,Simmons,Guard,KBA,9.6,5,True,DUB,home,1,1.0622923492427345,0.4500620825244065,10.97600361506171,0.16399153063315347
4280,Marek,Blazevic,Center,ZAL,9.5,5,True,FBT,away,1,0.9720856249749656,0.330689896421256,2.183381032435223,0.16399153063315347
4884,Jimmy,Clark III,Guard,MTA,9.5,5,True,BAR,away,1,0.9713488831066465,0.34226141120896597,7.28217092104664,0.16399153063315347
8730,Kenneth,Faried,Center,KBA,9.5,5,True,DUB,home,1,1.0622923492427345,0.4500620825244065,5.44677381248542,0.16399153063315347
11516,Jae,Crowder,Forward,ASV,9.5,5,True,CZV,home,1,0.9891896493697208,0.468931245321743,9.385028783679864,0.16399153063315347
3907,Jaron,Blossomgame,Forward,DUB,9.4,5,True,KBA,away,1,1.0255635195978292,0.5499379174755935,8.25740609061006,0.16399153063315347
4360,Evan,Fournier,Guard,OLY,9.4,5,True,VBC,away,1,1.0147146376788245,0.5349259622372156,7.159113318987188,0.16399153063315347
7220,Ebuka,Izundu,Center,CZV,9.4,5,True,ASV,away,1,1.0169927670426289,0.531068754678257,6.951892653158604,0.16399153063315347
11499,Tosan,Evbuomwan,Forward,BAR,9.4,5,True,MTA,home,1,1.0330138352168343,0.6577385887910341,7.967851725276163,0.16399153063315347
11518,Mathis,Dossou-yovo,Forward,ASV,9.4,5,True,CZV,home,1,0.9891896493697208,0.468931245321743,5.192471359557184,0.16399153063315347
3981,Mouhamet,Diouf,Center,VIR,9.3,5,True,PBB,away,2,1.0676155355869732,0.27394186000768805,9.149555901219589,0.16399153063315347
11517,Tyty,Washington,Guard,ASV,9.3,5,True,CZV,home,1,0.9891896493697208,0.468931245321743,8.648140230850382,0.16399153063315347
11530,Maozinha,Pereira,Forward,PBB,9.3,5,True,VIR,home,2,1.0200115787022004,0.726058139992312,6.749047248430738,0.16399153063315347
11489,Jason,Burnell,Forward,MIL,9.2,5,True,RMB,home,1,0.9778469133118989,0.4771242983769684,6.158369412443302,0.16399153063315347
3845,Joffrey,Lauvergne,Center,PAR,9.1,5,True,PAO,home,1,1.001926866949797,0.5045147467748229,6.236783017443982,0.16399153063315347
3856,Isaia,Cordinier,Guard,EFS,9.1,5,True,BAY,home,2,0.9974756531960829,0.7211741133940479,7.188306042128064,0.16399153063315347
11500,Stanley,Umude,Guard,BAR,9.1,5,True,MTA,home,1,1.0330138352168343,0.6577385887910341,7.135398389488577,0.16399153063315347
11534,Olivier,Sarr,Center,RMB,9.1,5,True,MIL,away,1,0.9928592717031777,0.5228757016230317,5.506048209251584,0.16399153063315347
11536,Damian,Jones,Center,RMB,9.1,5,True,MIL,away,1,0.9928592717031777,0.5228757016230317,4.037509898129935,0.16399153063315347
3803,Gabriel,Deck,Forward,RMB,9.0,5,True,MIL,away,1,0.9928592717031777,0.5228757016230317,7.458770395320194,0.16399153063315347
3859,Vladimir,Lucic,Forward,BAY,9.0,5,True,EFS,away,2,0.9921276802747302,0.2788258866059521,8.300418254694629,0.16399153063315347
7194,Chuma,Okeke,Forward,RMB,9.0,5,True,MIL,away,1,0.9928592717031777,0.5228757016230317,6.556034876955933,0.16399153063315347
8762,Jared,Rhoden,Guard,PBB,9.0,5,True,VIR,home,2,1.0200115787022004,0.726058139992312,6.825243697732477,0.16399153063315347
11490,Garrison,Mathews,Guard,MIL,9.0,5,True,RMB,home,1,0.9778469133118989,0.4771242983769684,5.45822465108854,0.16399153063315347
11537,Gonzalo,Corbalan,Guard,VBC,9.0,5,True,OLY,home,1,0.9642251320798811,0.4650740377627845,8.268795041863894,0.16399153063315347
4124,Kevin,Kokila,Center,VIR,8.9,5,True,PBB,away,2,1.0676155355869732,0.27394186000768805,3.6850315360677754,0.16399153063315347
7203,Miles,Norris,Forward,BAY,8.9,5,True,EFS,away,2,0.9921276802747302,0.2788258866059521,3.417899719562325,0.16399153063315347
3853,Jerian,Grant,Guard,PAO,8.8,5,True,PAR,away,1,1.0144890730469769,0.49548525322517717,6.882570958965974,0.16399153063315347
3884,Neal,Sako,Center,VBC,8.8,5,True,OLY,home,1,0.9642251320798811,0.4650740377627845,5.885156166914336,0.16399153063315347
3930,Yam,Madar,Guard,MTA,8.8,5,True,BAR,away,1,0.9713488831066465,0.34226141120896597,2.071105095631437,0.16399153063315347
4108,Dj,Stewart,Guard,KBA,8.8,5,True,DUB,home,1,1.0622923492427345,0.4500620825244065,7.539090206136174,0.16399153063315347
8463,Kai,Jones,Center,EFS,8.8,5,True,BAY,home,2,0.9974756531960829,0.7211741133940479,8.037842628529452,0.16399153063315347
11501,Tyrese,Martin,Forward,BAR,8.8,5,True,MTA,home,1,1.0330138352168343,0.6577385887910341,6.346204804477085,0.16399153063315347
11512,Aj,Lawson,Guard,KBA,8.8,5,True,DUB,home,1,1.0622923492427345,0.4500620825244065,6.585423117661892,0.16399153063315347
11519,Hugo,Besson,Guard,ASV,8.8,5,True,CZV,home,1,0.9891896493697208,0.468931245321743,6.354680864199313,0.16399153063315347
3831,Darius,Thompson,Guard,MIL,8.7,5,True,RMB,home,1,0.9778469133118989,0.4771242983769684,9.759426277733874,0.16399153063315347
3881,Leandro,Bolmaro,Guard,MIL,8.7,5,True,RMB,home,1,0.9778469133118989,0.4771242983769684,6.478352723682977,0.16399153063315347
4257,Jaime,Pradilla,Forward,RMB,8.7,5,True,MIL,away,1,0.9928592717031777,0.5228757016230317,7.031664821192773,0.16399153063315347
7338,Both,Gach,Forward,ASV,8.7,5,True,CZV,home,1,0.9891896493697208,0.468931245321743,6.761774423876891,0.16399153063315347
11488,Santi,Yusta,Forward,EFS,8.7,5,True,BAY,home,2,0.9974756531960829,0.7211741133940479,2.1903437540017063,0.16399153063315347
11538,Mo,Gueye,Forward,VBC,8.7,5,True,OLY,home,1,0.9642251320798811,0.4650740377627845,6.784409820657968,0.16399153063315347
11547,Wendell,Moore Jr,Guard,VIR,8.7,5,True,PBB,away,2,1.0676155355869732,0.27394186000768805,5.574993300738921,0.16399153063315347
3892,Rokas,Jokubaitis,Guard,BAY,8.6,5,True,EFS,away,2,0.9921276802747302,0.2788258866059521,5.098128359156111,0.16399153063315347
4670,Saben,Lee,Guard,ZAL,8.6,5,True,FBT,away,1,0.9720856249749656,0.330689896421256,4.325943029808018,0.16399153063315347
11493,Mady,Sissoko,Center,BJK,8.6,5,True,HTA,away,2,1.034263777814163,0.2585736779713355,5.1335335367767305,0.16399153063315347
4081,Conor,Morgan,Forward,BJK,8.5,5,True,HTA,away,2,1.034263777814163,0.2585736779713355,2.298244104308673,0.16399153063315347
7210,Omari,Moore,Guard,VBC,8.5,5,True,OLY,home,1,0.9642251320798811,0.4650740377627845,7.341618141150973,0.16399153063315347
7268,Rj,Cole,Guard,MIL,8.5,5,True,RMB,home,1,0.9778469133118989,0.4771242983769684,3.853741295283112,0.16399153063315347
3776,Wenyen,Gabriel,Center,BJK,8.4,5,True,HTA,away,2,1.034263777814163,0.2585736779713355,4.522380931012217,0.16399153063315347
7212,Derrick,Alston Jr.,Forward,VIR,8.4,5,True,PBB,away,2,1.0676155355869732,0.27394186000768805,8.367907709043731,0.16399153063315347
11513,Damion,Baugh,Guard,KBA,8.4,5,True,DUB,home,1,1.0622923492427345,0.4500620825244065,4.528177704397138,0.16399153063315347
3780,Furkan,Korkmaz,Forward,BJK,8.3,5,True,HTA,away,2,1.034263777814163,0.2585736779713355,2.0971872818667245,0.16399153063315347
3816,Markus,Howard,Guard,KBA,8.3,5,True,DUB,home,1,1.0622923492427345,0.4500620825244065,6.65786797954743,0.16399153063315347
3905,Iffe,Lundberg,Guard,MTA,8.3,5,True,BAR,away,1,0.9713488831066465,0.34226141120896597,4.873366422207166,0.16399153063315347
4251,Brancou,Badio,Guard,PAO,8.3,5,True,PAR,away,1,1.0144890730469769,0.49548525322517717,7.5090806706186255,0.16399153063315347
8846,Tonye,Jekiri,Center,PAR,8.3,5,True,PAO,home,1,1.001926866949797,0.5045147467748229,5.091808528096833,0.16399153063315347
3797,Moustapha,Fall,Center,PAO,8.2,5,True,PAR,away,1,1.0144890730469769,0.49548525322517717,1.5433060294154877,0.16399153063315347
3801,Nicolo,Melli,Forward,FBT,8.2,5,True,ZAL,home,1,0.9744801011921955,0.669310103578744,7.256916866406554,0.16399153063315347
3861,Thomas,Walkup,Guard,OLY,8.2,5,True,VBC,away,1,1.0147146376788245,0.5349259622372156,6.585936090415194,0.16399153063315347
3925,Devon,Hall,Guard,MIL,8.2,5,True,RMB,home,1,0.9778469133118989,0.4771242983769684,7.272885089150027,0.16399153063315347
3838,Collin,Malcolm,Forward,EFS,8.1,5,True,BAY,home,2,0.9974756531960829,0.7211741133940479,7.512835816862007,0.16399153063315347
3880,Derek ,Willis,Forward,PAR,8.1,5,True,PAO,home,1,1.001926866949797,0.5045147467748229,5.186205656507345,0.16399153063315347
3980,Aleksander,Balcerowski,Center,BAR,8.0,5,True,MTA,home,1,1.0330138352168343,0.6577385887910341,1.911263807336648,0.16399153063315347
7209,Lamar,Stevens,Forward,PAR,8.0,5,True,PAO,home,1,1.001926866949797,0.5045147467748229,5.415408752329916,0.16399153063315347
7215,Dylan,Osetkowski,Forward,VBC,8.0,5,True,OLY,home,1,0.9642251320798811,0.4650740377627845,6.213577919588327,0.16399153063315347
7226,Allan,Dokossi,Center,PBB,8.0,5,True,VIR,home,2,1.0200115787022004,0.726058139992312,7.833645694227565,0.16399153063315347
8727,Braxton,Key,Forward,FBT,8.0,5,True,ZAL,home,1,0.9744801011921955,0.669310103578744,4.326969866316737,0.16399153063315347
11509,Eugene,German,Guard,HTA,8.0,5,True,BJK,home,2,1.0,0.7414263220286645,1.8616932719257713,0.16399153063315347
11535,Max,Shulga,Guard,RMB,8.0,5,True,MIL,away,1,0.9928592717031777,0.5228757016230317,3.6267435600115356,0.16399153063315347
7243,Nathan,Sestina,Forward,ASV,7.9,5,True,CZV,home,1,0.9891896493697208,0.468931245321743,0.8714895575157846,0.16399153063315347
8834,Chris,Silva,Center,FBT,7.9,5,True,ZAL,home,1,0.9744801011921955,0.669310103578744,1.7961143903837617,0.16399153063315347
3826,Frank,Ntilikina,Guard,PBB,7.8,5,True,VIR,home,2,1.0200115787022004,0.726058139992312,2.620773366111282,0.16399153063315347
4097,Nikola,Tanaskovic,Center,PAR,7.8,5,True,PAO,home,1,1.001926866949797,0.5045147467748229,1.5408750544122278,0.16399153063315347
11502,Olivier,Nkamboua,Forward,BAR,7.8,5,True,MTA,home,1,1.0330138352168343,0.6577385887910341,5.308741167322567,0.16399153063315347
3824,Luca,Vildoza,Guard,PAR,7.7,5,True,PAO,home,1,1.001926866949797,0.5045147467748229,7.535185316861319,0.16399153063315347
3960,Tamir,Blatt,Guard,HTA,7.7,5,True,BJK,home,2,1.0,0.7414263220286645,7.531815782410038,0.16399153063315347
4195,Justinian,Jessup,Guard,BAY,7.7,5,True,EFS,away,2,0.9921276802747302,0.2788258866059521,6.464168210225199,0.16399153063315347
4758,Perry,Dozier,Guard,EFS,7.7,5,True,BAY,home,2,0.9974756531960829,0.7211741133940479,0.9429525316152527,0.16399153063315347
3828,Georgios,Papagiannis,Center,EFS,7.5,5,True,BAY,home,2,0.9974756531960829,0.7211741133940479,0.0,0.16399153063315347
3842,Scottie,Wilbekin,Guard,BJK,7.5,5,True,HTA,away,2,1.034263777814163,0.2585736779713355,3.7708990290470292,0.16399153063315347
3846,Tyson,Ward,Forward,OLY,7.5,5,True,VBC,away,1,1.0147146376788245,0.5349259622372156,5.560373832398982,0.16399153063315347
3883,Johannes,Voigtmann,Center,BAY,7.5,5,True,EFS,away,2,0.9921276802747302,0.2788258866059521,3.4071236192591616,0.16399153063315347
3948,Mbaye,Ndiaye,Forward,OLY,7.5,5,True,VBC,away,1,1.0147146376788245,0.5349259622372156,6.508038006228281,0.16399153063315347
4159,Khadeen,Carrington,Guard,HTA,7.5,5,True,BJK,home,2,1.0,0.7414263220286645,0.9758192704938584,0.16399153063315347
4246,Semi,Ojeleye,Forward,CZV,7.5,5,True,ASV,away,1,1.0169927670426289,0.531068754678257,6.856578452199286,0.16399153063315347
11520,Yves,Pons,Forward,ASV,7.5,5,True,CZV,home,1,0.9891896493697208,0.468931245321743,3.5132810345676284,0.16399153063315347
11558,Justin,Minaya,Forward,BAR,7.5,5,True,MTA,home,1,1.0330138352168343,0.6577385887910341,4.49032915891719,0.16399153063315347
3911,Kevarrius,Hayes,Center,PAR,7.3,5,True,PAO,home,1,1.001926866949797,0.5045147467748229,6.0063749046795145,0.16399153063315347
3957,Oscar,Da Silva,Forward,BAY,7.3,5,True,EFS,away,2,0.9921276802747302,0.2788258866059521,5.083795055425494,0.16399153063315347
3963,Alessandro,Pajola,Guard,PAR,7.3,5,True,PAO,home,1,1.001926866949797,0.5045147467748229,4.453098777031592,0.16399153063315347
3942,Maodo,Lo,Guard,ZAL,7.2,5,True,FBT,away,1,0.9720856249749656,0.330689896421256,5.374774535454499,0.16399153063315347
7867,Armando,Bacot,Center,MTA,7.2,5,True,BAR,away,1,0.9713488831066465,0.34226141120896597,0.7540042646571983,0.16399153063315347
11539,Elias,Valtonen,Forward,VBC,7.2,5,True,OLY,home,1,0.9642251320798811,0.4650740377627845,2.6662302990264224,0.16399153063315347
3917,Kamar,Baldwin,Guard,BAY,7.1,5,True,EFS,away,2,0.9921276802747302,0.2788258866059521,1.7400396984361417,0.16399153063315347
4129,Myles,Cale,Guard,ASV,7.1,5,True,CZV,home,1,0.9891896493697208,0.468931245321743,2.648077577220362,0.16399153063315347
3891,Vitto,Brown,Forward,BJK,7.0,5,True,HTA,away,2,1.034263777814163,0.2585736779713355,0.9529848071891971,0.16399153063315347
3973,Joel,Parra,Forward,BAR,7.0,5,True,MTA,home,1,1.0330138352168343,0.6577385887910341,5.97223512765643,0.16399153063315347
3992,Terry,Tarpey,Guard,PBB,7.0,5,True,VIR,home,2,1.0200115787022004,0.726058139992312,2.0384456658278984,0.16399153063315347
4212,Yoan,Makoundou,Center,BAR,7.0,5,True,MTA,home,1,1.0330138352168343,0.6577385887910341,1.191008550932381,0.16399153063315347
4375,Arnas,Butkevicius,Forward,ZAL,7.0,5,True,FBT,away,1,0.9720856249749656,0.330689896421256,5.03757690649271,0.16399153063315347
7229,Mouhamed,Faye,Center,PBB,7.0,5,True,VIR,home,2,1.0200115787022004,0.726058139992312,6.976224514660611,0.16399153063315347
8993,Cory,Joseph,Guard,OLY,7.0,5,True,VBC,away,1,1.0147146376788245,0.5349259622372156,1.7698929043493175,0.16399153063315347
3952,Mam,Jaiteh,Center,DUB,6.8,5,True,KBA,away,1,1.0255635195978292,0.5499379174755935,1.2579738971301802,0.16399153063315347
7217,Tyson,Carter,Guard,CZV,6.8,5,True,ASV,away,1,1.0169927670426289,0.531068754678257,1.1483515175455918,0.16399153063315347
7390,Tobias,Jensen,Guard,BAY,6.8,5,True,EFS,away,2,0.9921276802747302,0.2788258866059521,0.650509292669943,0.16399153063315347
7328,Kaodirichi,Akobundu-Ehiogu,Center,ZAL,6.7,5,True,FBT,away,1,0.9720856249749656,0.330689896421256,0.9795044215021192,0.16399153063315347
11498,Davion,Mintz,Guard,DUB,6.6,5,True,KBA,away,1,1.0255635195978292,0.5499379174755935,1.979863894436278,0.16399153063315347
3904,Justin,Anderson,Forward,DUB,6.5,5,True,KBA,away,1,1.0255635195978292,0.5499379174755935,4.135801822806096,0.16399153063315347
4167,Ish,Wainright,Forward,HTA,6.5,5,True,BJK,home,2,1.0,0.7414263220286645,3.351947880530024,0.16399153063315347
7225,David,Kramer,Guard,CZV,6.5,5,True,ASV,away,1,1.0169927670426289,0.531068754678257,0.42551130664422154,0.16399153063315347
7234,Yankuba,Sima,Center,VBC,6.5,5,True,OLY,home,1,0.9642251320798811,0.4650740377627845,0.4948796882177497,0.16399153063315347
7238,Rodions,Kurucs,Forward,KBA,6.5,5,True,DUB,home,1,1.0622923492427345,0.4500620825244065,4.893938416322477,0.16399153063315347
7424,Aliou,Diarra,Center,VIR,6.5,5,True,PBB,away,2,1.0676155355869732,0.27394186000768805,3.719155320477292,0.16399153063315347
11525,Antonis,Karagiannidis,Center,OLY,6.5,5,True,VBC,away,1,1.0147146376788245,0.5349259622372156,0.643575105865728,0.16399153063315347
3852,Edgaras,Ulanovas,Forward,ZAL,6.4,5,True,FBT,away,1,0.9720856249749656,0.330689896421256,5.687692433845993,0.16399153063315347
3915,Matteo,Spagnolo,Guard,KBA,6.4,5,True,DUB,home,1,1.0622923492427345,0.4500620825244065,5.69825093846269,0.16399153063315347
3967,Dario,Brizuela,Guard,BAR,6.4,5,True,MTA,home,1,1.0330138352168343,0.6577385887910341,4.5938458373343805,0.16399153063315347
7219,Amath,M'baye,Forward,PBB,6.4,5,True,VIR,home,2,1.0200115787022004,0.726058139992312,4.503561063349309,0.16399153063315347
3918,Marius,Grigonis,Forward,ZAL,6.3,5,True,FBT,away,1,0.9720856249749656,0.330689896421256,1.1200833519447648,0.16399153063315347
4073,Tai,Odiase,Center,HTA,6.3,5,True,BJK,home,2,1.0,0.7414263220286645,2.4074970212066016,0.16399153063315347
4084,Dustin,Sleva,Forward,ZAL,6.3,5,True,FBT,away,1,0.9720856249749656,0.330689896421256,3.958718076765797,0.16399153063315347
4156,Jeremy,Morgan,Forward,PBB,6.3,5,True,VIR,home,2,1.0200115787022004,0.726058139992312,3.990068327341437,0.16399153063315347
7232,Bodian,Massa,Forward,ASV,6.3,5,True,CZV,home,1,0.9891896493697208,0.468931245321743,2.8007027576056513,0.16399153063315347
11506,Ignas,Sargiunas,Guard,FBT,6.3,5,True,ZAL,home,1,0.9744801011921955,0.669310103578744,1.2190941047732227,0.16399153063315347
3851,Andres,Feliz,Guard,RMB,6.2,5,True,MIL,away,1,0.9928592717031777,0.5228757016230317,4.375263321343439,0.16399153063315347
3927,Daulton,Hommes,Forward,PBB,6.2,5,True,VIR,home,2,1.0200115787022004,0.726058139992312,2.0181565438141615,0.16399153063315347
3835,Usman,Garuba,Center,RMB,6.1,5,True,MIL,away,1,0.9928592717031777,0.5228757016230317,3.8848592246919456,0.16399153063315347
7378,Agustin,Ubal,Guard,BAR,6.1,5,True,MTA,home,1,1.0330138352168343,0.6577385887910341,1.177361046946931,0.16399153063315347
3869,Mikael,Jantunen,Forward,RMB,6.0,5,True,MIL,away,1,0.9928592717031777,0.5228757016230317,3.3912835103011707,0.16399153063315347
4094,Kenan,Kamenjas,Center,DUB,5.9,5,True,KBA,away,1,1.0255635195978292,0.5499379174755935,2.9954436953054047,0.16399153063315347
11523,Shane,Hunter,Center,MTA,5.9,5,True,BAR,away,1,0.9713488831066465,0.34226141120896597,1.8913588462469115,0.16399153063315347
3954,Khalifa,Diop,Center,KBA,5.8,5,True,DUB,home,1,1.0622923492427345,0.4500620825244065,4.489986599922371,0.16399153063315347
4234,Tyler,Ennis,Guard,HTA,5.7,5,True,BJK,home,2,1.0,0.7414263220286645,0.0,0.16399153063315347
11531,Nobel,Boungou-colo,Forward,PBB,5.7,5,True,VIR,home,2,1.0200115787022004,0.726058139992312,0.17260905574620208,0.16399153063315347
3836,Konstantinos,Mitoglou,Forward,PAO,5.5,5,True,PAR,away,1,1.0144890730469769,0.49548525322517717,3.714730566041764,0.16399153063315347
3962,Mario,Nakic,Forward,PAR,5.5,5,True,PAO,home,1,1.001926866949797,0.5045147467748229,0.49498279446157645,0.16399153063315347
4008,Metecan,Birsen,Forward,BJK,5.5,5,True,HTA,away,2,1.034263777814163,0.2585736779713355,1.0145106241030104,0.16399153063315347
4242,Davide,Casarin,Guard,VIR,5.5,5,True,PBB,away,2,1.0676155355869732,0.27394186000768805,0.5384802726806509,0.16399153063315347
4258,Josep,Puerto,Guard,VBC,5.5,5,True,OLY,home,1,0.9642251320798811,0.4650740377627845,3.5245825345675805,0.16399153063315347
7216,Davis,Bertans,Forward,DUB,5.5,5,True,KBA,away,1,1.0255635195978292,0.5499379174755935,2.838479755447581,0.16399153063315347
7231,Brice,Dessert,Center,EFS,5.5,5,True,BAY,home,2,0.9974756531960829,0.7211741133940479,2.3851121143337064,0.16399153063315347
8830,Francesco,Ferrari,Forward,VIR,5.2,5,True,PBB,away,2,1.0676155355869732,0.27394186000768805,1.2587708130918653,0.16399153063315347
3972,Justus,Hollatz,Guard,BAY,5.1,5,True,EFS,away,2,0.9921276802747302,0.2788258866059521,2.0422955935752567,0.16399153063315347
7223,Clement,Frisch,Forward,KBA,5.1,5,True,DUB,home,1,1.0622923492427345,0.4500620825244065,4.291141248868178,0.16399153063315347
3830,Deividas,Sirvydis,Guard,ZAL,5.0,5,True,FBT,away,1,0.9720856249749656,0.330689896421256,1.526034173696445,0.16399153063315347
3950,Ognjen,Dobric,Forward,CZV,5.0,5,True,ASV,away,1,1.0169927670426289,0.531068754678257,2.454224135436023,0.16399153063315347
3971,Vanja,Marinkovic,Guard,PAR,5.0,5,True,PAO,home,1,1.001926866949797,0.5045147467748229,1.79642152404151,0.16399153063315347
3975,Sebastian,Herrera,Guard,PBB,5.0,5,True,VIR,home,2,1.0200115787022004,0.726058139992312,3.4166451971097644,0.16399153063315347
3978,Eli,Ndiaye,Forward,RMB,5.0,5,True,MIL,away,1,0.9928592717031777,0.5228757016230317,0.3601221187648661,0.16399153063315347
4546,Joel,Ayayi,Guard,PBB,5.0,5,True,VIR,home,2,1.0200115787022004,0.726058139992312,0.8231774926211122,0.16399153063315347
4698,Onuralp,Bitim,Forward,FBT,5.0,5,True,ZAL,home,1,0.9744801011921955,0.669310103578744,1.291485736158474,0.16399153063315347
11510,Frederic,Bourdillon,Guard,HTA,5.0,5,True,BJK,home,2,1.0,0.7414263220286645,0.22622716879838012,0.16399153063315347
3886,Daniel,Hackett,Guard,VIR,4.8,5,True,PBB,away,2,1.0676155355869732,0.27394186000768805,3.065645868232722,0.16399153063315347
3933,Leopold,Cavaliere,Forward,PBB,4.8,5,True,VIR,home,2,1.0200115787022004,0.726058139992312,3.1402752608304296,0.16399153063315347
3985,David,Lighty,Forward,ASV,4.8,5,True,CZV,home,1,0.9891896493697208,0.468931245321743,2.425214502783469,0.16399153063315347
3994,Yakuba,Ouattara,Guard,PBB,4.8,5,True,VIR,home,2,1.0200115787022004,0.726058139992312,2.8390271583511573,0.16399153063315347
11495,Nikola,Djurisic,Guard,CZV,4.8,5,True,ASV,away,1,1.0169927670426289,0.531068754678257,0.5080855458396267,0.16399153063315347
11521,Marc-owen,Fodzo Dada,Guard,ASV,4.8,5,True,CZV,home,1,0.9891896493697208,0.468931245321743,0.5977466863988486,0.16399153063315347
11540,Mario,Saint-supery,Guard,VBC,4.7,5,True,OLY,home,1,0.9642251320798811,0.4650740377627845,0.5694018011922338,0.16399153063315347
3896,Juan,Nunez,Guard,BAR,4.6,5,True,MTA,home,1,1.0330138352168343,0.6577385887910341,0.2794791302024671,0.16399153063315347
3979,Giannoulis,Larentzakis,Guard,OLY,4.6,5,True,VBC,away,1,1.0147146376788245,0.5349259622372156,0.09745977591860057,0.16399153063315347
4005,Edwin,Jackson,Forward,ASV,4.6,5,True,CZV,home,1,0.9891896493697208,0.468931245321743,1.6420978943523736,0.16399153063315347
3936,Nikos,Rogkavopoulos,Forward,PAO,4.5,5,True,PAR,away,1,1.0144890730469769,0.49548525322517717,1.2821762849559784,0.16399153063315347
3977,Sergio,Llull,Guard,RMB,4.5,5,True,MIL,away,1,0.9928592717031777,0.5228757016230317,1.2366880347793492,0.16399153063315347
3984,Sertac,Sanli,Center,FBT,4.5,5,True,ZAL,home,1,0.9744801011921955,0.669310103578744,0.4312495855213307,0.16399153063315347
3988,John,Dibartolomeo,Guard,MTA,4.5,5,True,BAR,away,1,0.9713488831066465,0.34226141120896597,2.0954401283052646,0.16399153063315347
3991,Alberto,Abalde,Forward,RMB,4.5,5,True,MIL,away,1,0.9928592717031777,0.5228757016230317,2.415523092424629,0.16399153063315347
3998,Dovydas,Giedraitis,Guard,ZAL,4.5,5,True,FBT,away,1,0.9720856249749656,0.330689896421256,0.7110903549974749,0.16399153063315347
4012,Giampaolo,Ricci,Forward,MIL,4.5,5,True,RMB,home,1,0.9778469133118989,0.4771242983769684,3.2340321219602526,0.16399153063315347
4061,Eleftherios,Mantzoukas,Forward,PAO,4.5,5,True,PAR,away,1,1.0144890730469769,0.49548525322517717,0.24923087698952526,0.16399153063315347
4165,Tomer,Ginat,Forward,HTA,4.5,5,True,BJK,home,2,1.0,0.7414263220286645,1.0932529912571463,0.16399153063315347
7228,Klemen,Prepelic,Guard,DUB,4.5,5,True,KBA,away,1,1.0255635195978292,0.5499379174755935,1.8016616979013058,0.16399153063315347
7239,Izan,Almansa,Forward,RMB,4.5,5,True,MIL,away,1,0.9928592717031777,0.5228757016230317,0.08218936563866532,0.16399153063315347
7241,Gur,Lavy,Forward,MTA,4.5,5,True,BAR,away,1,0.9713488831066465,0.34226141120896597,0.0,0.16399153063315347
9063,Amit,Ebo,Guard,MTA,4.5,5,True,BAR,away,1,0.9713488831066465,0.34226141120896597,0.1562035997628363,0.16399153063315347
11541,Alvaro,Cardenas,Guard,VBC,4.5,5,True,OLY,home,1,0.9642251320798811,0.4650740377627845,0.3654396268618358,0.16399153063315347
3983,Dejan,Davidovac,Forward,CZV,4.4,5,True,ASV,away,1,1.0169927670426289,0.531068754678257,1.5606932599899974,0.16399153063315347
3986,Niels,Giffey,Forward,BAY,4.4,5,True,EFS,away,2,0.9921276802747302,0.2788258866059521,2.103653278201914,0.16399153063315347
4007,Erkan,Yilmaz,Forward,EFS,4.4,5,True,BAY,home,2,0.9974756531960829,0.7211741133940479,0.9070027331689192,0.16399153063315347
4088,Berk,Ugurlu,Guard,BJK,4.4,5,True,HTA,away,2,1.034263777814163,0.2585736779713355,0.8872377396639868,0.16399153063315347
11524,Nikolaos,Plotas,Guard,OLY,4.4,5,True,VBC,away,1,1.0147146376788245,0.5349259622372156,0.2424605111913991,0.16399153063315347
11548,Tommaso,Baldasso,Guard,VIR,4.4,5,True,PBB,away,2,1.0676155355869732,0.27394186000768805,0.25476046082258763,0.16399153063315347
3867,Kostas,Papanikolaou,Forward,OLY,4.3,5,True,VBC,away,1,1.0147146376788245,0.5349259622372156,1.6444779079765162,0.16399153063315347
4378,William,Rayman,Forward,MTA,4.3,5,True,BAR,away,1,0.9713488831066465,0.34226141120896597,2.167979585547967,0.16399153063315347
3997,Stefano,Tonut,Guard,MIL,4.2,5,True,RMB,home,1,0.9778469133118989,0.4771242983769684,0.4243929904116627,0.16399153063315347
4038,Dimitris,Moraitis,Guard,PAO,4.2,5,True,PAR,away,1,1.0144890730469769,0.49548525322517717,0.2909571914396953,0.16399153063315347
7230,Awudu,Abass,Forward,DUB,4.2,5,True,KBA,away,1,1.0255635195978292,0.5499379174755935,1.2884501908888384,0.16399153063315347
8623,Kosta,Kondic,Guard,DUB,4.2,5,True,KBA,away,1,1.0255635195978292,0.5499379174755935,1.1822162207490292,0.16399153063315347
11542,Lucas,Mari,Guard,VBC,4.2,5,True,OLY,home,1,0.9642251320798811,0.4650740377627845,0.29174197894895687,0.16399153063315347
3916,Gabriele,Procida,Forward,RMB,4.1,5,True,MIL,away,1,0.9928592717031777,0.5228757016230317,0.36141857177439624,0.16399153063315347
3976,Arijan,Lakic,Forward,PAR,4.0,5,True,PAO,home,1,1.001926866949797,0.5045147467748229,1.550716957833639,0.16399153063315347
4000,Melih,Mahmutoglu,Guard,FBT,4.0,5,True,ZAL,home,1,0.9744801011921955,0.669310103578744,0.05814391535573476,0.16399153063315347
4003,Enzo,Shahrvin,Center,PBB,4.0,5,True,VIR,home,2,1.0200115787022004,0.726058139992312,0.7624491685167961,0.16399153063315347
4009,Ousmane,Diop,Center,MIL,4.0,5,True,RMB,home,1,0.9778469133118989,0.4771242983769684,0.3641832108152378,0.16399153063315347
4013,Diego,Flaccadori,Guard,MIL,4.0,5,True,RMB,home,1,0.9778469133118989,0.4771242983769684,0.20013203350125675,0.16399153063315347
4016,Nicola,Akele,Forward,MIL,4.0,5,True,RMB,home,1,0.9778469133118989,0.4771242983769684,1.8042855183273627,0.16399153063315347
4019,Panagiotis,Kalaitzakis,Guard,PAO,4.0,5,True,PAR,away,1,1.0144890730469769,0.49548525322517717,0.5880082693423129,0.16399153063315347
4023,Mitar,Bosnjakovic,Guard,PAR,4.0,5,True,PAO,home,1,1.001926866949797,0.5045147467748229,0.0667060075572297,0.16399153063315347
4026,Burakcan,Yildizli,Forward,EFS,4.0,5,True,BAY,home,2,0.9974756531960829,0.7211741133940479,0.09592918963117993,0.16399153063315347
4036,Mert,Eksioglu,Guard,FBT,4.0,5,True,ZAL,home,1,0.9744801011921955,0.669310103578744,0.39745139235783705,0.16399153063315347
4174,Guy,Palatin,Guard,HTA,4.0,5,True,BJK,home,2,1.0,0.7414263220286645,0.08747021267607338,0.16399153063315347
4175,Oz,Blayzer,Forward,HTA,4.0,5,True,BJK,home,2,1.0,0.7414263220286645,0.07553594567299553,0.16399153063315347
4551,Bar,Timor,Guard,HTA,4.0,5,True,BJK,home,2,1.0,0.7414263220286645,0.37594918393965115,0.16399153063315347
7245,David,Mutaf,Guard,EFS,4.0,5,True,BAY,home,2,0.9974756531960829,0.7211741133940479,0.27513175917207994,0.16399153063315347
7246,Stefan,Miljenovic,Guard,CZV,4.0,5,True,ASV,away,1,1.0169927670426289,0.531068754678257,0.5290882307521083,0.16399153063315347
7248,Nemanja,Dangubic,Forward,DUB,4.0,5,True,KBA,away,1,1.0255635195978292,0.5499379174755935,0.1922538391602351,0.16399153063315347
7250,Ioannis,Kouzeloglou,Forward,PAO,4.0,5,True,PAR,away,1,1.0144890730469769,0.49548525322517717,0.1583658444859543,0.16399153063315347
7254,Itay,Segev,Center,HTA,4.0,5,True,BJK,home,2,1.0,0.7414263220286645,0.1495426799518001,0.16399153063315347
7255,Omiros,Netzipoglou,Guard,OLY,4.0,5,True,VBC,away,1,1.0147146376788245,0.5349259622372156,0.023873113153647943,0.16399153063315347
8644,Stefan,Joksimovic,Forward,KBA,4.0,5,True,DUB,home,1,1.0622923492427345,0.4500620825244065,0.28753307634211833,0.16399153063315347
8681,Aleksej,Nedeljkovic,Forward,CZV,4.0,5,True,ASV,away,1,1.0169927670426289,0.531068754678257,0.15362256464964985,0.16399153063315347
8770,Ruzgar,Fenemen,Guard,EFS,4.0,5,True,BAY,home,2,0.9974756531960829,0.7211741133940479,0.12812367957101584,0.16399153063315347
9061,Matteo,Baiocchi,Guard,VIR,4.0,5,True,PBB,away,2,1.0676155355869732,0.27394186000768805,0.016266378774297926,0.16399153063315347
9062,Kilian,Fischer,Forward,BAY,4.0,5,True,EFS,away,2,0.9921276802747302,0.2788258866059521,0.17079362619454225,0.16399153063315347
11496,Andrej,Bjelic,Guard,CZV,4.0,5,True,ASV,away,1,1.0169927670426289,0.531068754678257,0.28859742185199794,0.16399153063315347
11497,Vojin,Medarevic,Center,CZV,4.0,5,True,ASV,away,1,1.0169927670426289,0.531068754678257,0.42868271418074877,0.16399153063315347
11533,Uros,Mijailovic,Forward,PAR,4.0,5,True,PAO,home,1,1.001926866949797,0.5045147467748229,0.10858124953481127,0.16399153063315347
3868,Zeljko,Obradovic,Head Coach,PAO,10.0,5,True,PAR,away,1,1.0144890730469769,0.49548525322517717,3.152625,0.16399153063315347
3885,Georgios,Bartzokas,Head Coach,OLY,10.0,5,True,VBC,away,1,1.0147146376788245,0.5349259622372156,4.291875,0.16399153063315347
3872,Pedro,Martinez,Head Coach,RMB,9.0,5,True,MIL,away,1,0.9928592717031777,0.5228757016230317,3.94025,0.16399153063315347
3897,Saras,Jasikevicius,Head Coach,FBT,9.0,5,True,ZAL,home,1,0.9744801011921955,0.669310103578744,8.354875,0.16399153063315347
4172,Dimitris,Itoudis,Head Coach,HTA,8.5,5,True,BJK,home,2,1.0,0.7414263220286645,10.711625,0.16399153063315347
3909,Aleksander,Sekulic,Head Coach,BAR,8.0,5,True,MTA,home,1,1.0330138352168343,0.6577385887910341,7.995125,0.16399153063315347
7235,Xavi,Pascual,Head Coach,DUB,8.0,5,True,KBA,away,1,1.0255635195978292,0.5499379174755935,4.74575,0.16399153063315347
3921,Pablo,Laso,Head Coach,EFS,7.5,5,True,BAY,home,2,0.9974756531960829,0.7211741133940479,10.021,0.16399153063315347
4006,Tomas,Masiulis,Head Coach,ZAL,7.5,5,True,FBT,away,1,0.9720856249749656,0.330689896421256,-1.679625,0.16399153063315347
3924,Giuseppe,Poeta,Head Coach,MIL,7.0,5,True,RMB,home,1,0.9778469133118989,0.4771242983769684,2.63925,0.16399153063315347
3938,Ibon,Navarro,Head Coach,CZV,7.0,5,True,ASV,away,1,1.0169927670426289,0.531068754678257,4.1825,0.16399153063315347
4255,Xavier,Albert,Head Coach,VBC,7.0,5,True,OLY,home,1,0.9642251320798811,0.4650740377627845,2.300875,0.16399153063315347
3943,Joan,Penarroya,Head Coach,PAR,6.5,5,True,PAO,home,1,1.001926866949797,0.5045147467748229,3.399875,0.16399153063315347
3961,Oded,Kattash,Head Coach,MTA,6.5,5,True,BAR,away,1,0.9713488831066465,0.34226141120896597,-1.332625,0.16399153063315347
4014,Tony,Parker,Head Coach,ASV,6.0,5,True,CZV,home,1,0.9891896493697208,0.468931245321743,2.409625,0.16399153063315347
4086,Dusan,Alimpijevic,Head Coach,BJK,6.0,5,True,HTA,away,2,1.034263777814163,0.2585736779713355,-3.998,0.16399153063315347
3955,Paolo,Galbiati,Head Coach,KBA,5.0,5,True,DUB,home,1,1.0622923492427345,0.4500620825244065,1.863625,0.16399153063315347
3964,Alex,Mumbru,Head Coach,VIR,5.0,5,True,PBB,away,2,1.0676155355869732,0.27394186000768805,-3.4715,0.16399153063315347
3974,Anton,Gavel,Head Coach,BAY,5.0,5,True,EFS,away,2,0.9921276802747302,0.2788258866059521,-3.311875,0.16399153063315347
3995,Maxime,Lefevre,Head Coach,PBB,5.0,5,True,VIR,home,2,1.0200115787022004,0.726058139992312,10.19025,0.16399153063315347
3766,Sasha,Vezenkov,Forward,OLY,17.0,6,True,BAR,away,2,0.9713488831066465,0.5176679679464211,17.030037670819958,0.1043582467665522
3765,Mike,James,Guard,EFS,16.0,6,True,ZAL,away,2,0.9744801011921955,0.4549888571551442,14.020871367359334,0.1043582467665522
3770,Chima,Moneke,Forward,CZV,15.5,6,True,PBB,home,2,1.0676155355869732,0.5674655684017775,17.796001585893105,0.1043582467665522
3903,Elijah,Bryant,Guard,HTA,15.5,6,True,PAO,away,2,1.001926866949797,0.4461534384859859,14.233256111679955,0.1043582467665522
11549,Jonas,Valanciunas,Center,ZAL,15.5,6,True,EFS,home,2,0.9921276802747302,0.5450111428448559,11.788635843982163,0.1043582467665522
3782,Nikola,Milutinov,Center,OLY,15.3,6,True,BAR,away,2,0.9713488831066465,0.5176679679464211,15.224653851803724,0.1043582467665522
3795,TJ,Shorts,Guard,VBC,14.9,6,True,MTA,home,1,1.0330138352168343,0.6416759357719909,11.697744805437392,0.1043582467665522
3812,Jaylen,Hoard,Forward,MTA,14.8,6,True,VBC,away,1,1.0147146376788245,0.3583240642280091,14.720628223553733,0.1043582467665522
3834,Nadir,Hifi,Guard,PBB,14.8,6,True,CZV,away,2,0.9891896493697208,0.43253443159822247,15.485821025493319,0.1043582467665522
3887,Sylvain,Francisco,Guard,PAO,14.8,6,True,HTA,home,2,1.034263777814163,0.5538465615140141,19.280103777237994,0.1043582467665522
3769,Walter,Tavares,Center,RMB,14.7,6,True,ASV,home,1,1.0169927670426289,0.831674621559759,14.04016095396742,0.1043582467665522
3805,Kendrick,Nunn,Guard,PAO,14.6,6,True,HTA,home,2,1.034263777814163,0.5538465615140141,0.0,0.1043582467665522
4233,Mfiondu,Kabengele,Center,DUB,14.6,6,True,MIL,away,1,0.9928592717031777,0.4879631641864304,13.773743758817538,0.1043582467665522
11487,Dario,Saric,Forward,EFS,14.5,6,True,ZAL,away,2,0.9744801011921955,0.4549888571551442,8.933435858409243,0.1043582467665522
3768,Mathias,Lessort,Center,PAO,14.4,6,True,HTA,home,2,1.034263777814163,0.5538465615140141,6.506737946828663,0.1043582467665522
3771,Wade,Baldwin,Guard,FBT,14.3,6,True,PAR,home,1,1.0144890730469769,0.70785279255733,15.50704825984576,0.1043582467665522
11526,Guerschon,Yabusele,Forward,PAO,14.3,6,True,HTA,home,2,1.034263777814163,0.5538465615140141,10.89949204126369,0.1043582467665522
3857,Dan,Oturu,Center,HTA,14.2,6,True,PAO,away,2,1.001926866949797,0.4461534384859859,13.789596844502194,0.1043582467665522
3843,Moses,Wright,Center,MIL,14.0,6,True,DUB,home,1,1.0622923492427345,0.5120368358135696,18.43030303012602,0.1043582467665522
3774,Tornike,Shengelia,Forward,DUB,13.8,6,True,MIL,away,1,0.9928592717031777,0.4879631641864304,11.280892986883988,0.1043582467665522
3772,Facundo,Campazzo,Guard,RMB,13.7,6,True,ASV,home,1,1.0169927670426289,0.831674621559759,14.498060601377794,0.1043582467665522
3791,Carlik,Jones,Guard,PAR,13.6,6,True,FBT,away,1,0.9720856249749656,0.29214720744267,9.07964859472339,0.1043582467665522
3794,Kevin,Punter,Guard,BAR,13.6,6,True,OLY,home,2,0.9642251320798811,0.4823320320535789,12.425439818329338,0.1043582467665522
3767,Shane,Larkin,Guard,FBT,13.5,6,True,PAR,home,1,1.0144890730469769,0.70785279255733,8.07798221643687,0.1043582467665522
4096,Mckinley,Wright,Guard,DUB,13.5,6,True,MIL,away,1,0.9928592717031777,0.4879631641864304,12.700778966685766,0.1043582467665522
3787,Nigel,Hayes-davis,Forward,PAO,13.4,6,True,HTA,home,2,1.034263777814163,0.5538465615140141,0.0,0.1043582467665522
3910,Roman,Sorkin,Center,MTA,13.4,6,True,VBC,away,1,1.0147146376788245,0.3583240642280091,11.172795854125397,0.1043582467665522
3790,Dzanan,Musa,Guard,DUB,13.3,6,True,MIL,away,1,0.9928592717031777,0.4879631641864304,8.114560736474665,0.1043582467665522
3799,Zach,Leday,Forward,HTA,13.3,6,True,PAO,away,2,1.001926866949797,0.4461534384859859,10.667681421097335,0.1043582467665522
3793,Jordan,Nwora,Forward,CZV,13.0,6,True,PBB,home,2,1.0676155355869732,0.5674655684017775,14.51695489023996,0.1043582467665522
3864,Timothé,Luwawu-Cabarrot,Forward,RMB,12.8,6,True,ASV,home,1,1.0169927670426289,0.831674621559759,14.513332470197795,0.1043582467665522
4252,Jean,Montero,Guard,OLY,12.8,6,True,BAR,away,2,0.9713488831066465,0.5176679679464211,13.616883016065715,0.1043582467665522
3926,Filip,Petrusev,Forward,DUB,12.7,6,True,MIL,away,1,0.9928592717031777,0.4879631641864304,12.323938212715065,0.1043582467665522
7201,Dwayne,Bacon,Forward,DUB,12.7,6,True,MIL,away,1,0.9928592717031777,0.4879631641864304,9.809113427847949,0.1043582467665522
8567,Talen,Horton-Tucker,Guard,FBT,12.7,6,True,PAR,home,1,1.0144890730469769,0.70785279255733,14.010951479900577,0.1043582467665522
3874,Tyler,Dorsey,Guard,OLY,12.6,6,True,BAR,away,2,0.9713488831066465,0.5176679679464211,10.170318095838237,0.1043582467665522
3785,Josh,Nebo,Center,BAR,12.5,6,True,OLY,home,2,0.9642251320798811,0.4823320320535789,11.013522746268151,0.1043582467665522
11507,Amir,Coffey,Forward,HTA,12.5,6,True,PAO,away,2,1.001926866949797,0.4461534384859859,7.351680710545937,0.1043582467665522
3775,Shavon,Shields,Forward,FBT,12.4,6,True,PAR,home,1,1.0144890730469769,0.70785279255733,11.579492582200036,0.1043582467665522
3777,Will,Clyburn,Forward,FBT,12.4,6,True,PAR,home,1,1.0144890730469769,0.70785279255733,12.075228648041092,0.1043582467665522
7218,Kameron,Taylor,Forward,VBC,12.4,6,True,MTA,home,1,1.0330138352168343,0.6416759357719909,12.790727310585476,0.1043582467665522
11514,Patty,Mills,Guard,ASV,12.3,6,True,RMB,away,1,0.9778469133118989,0.16832537844024098,11.107526064297112,0.1043582467665522
3807,Elie,Okobo,Guard,DUB,12.2,6,True,MIL,away,1,0.9928592717031777,0.4879631641864304,10.262853706233566,0.1043582467665522
4882,Daniel,Theis,Center,MTA,12.2,6,True,VBC,away,1,1.0147146376788245,0.3583240642280091,9.488000404065748,0.1043582467665522
7202,Justin,Robinson,Guard,BAR,12.2,6,True,OLY,home,2,0.9642251320798811,0.4823320320535789,13.575243692442973,0.1043582467665522
4247,Chris,Jones,Guard,CZV,12.1,6,True,PBB,home,2,1.0676155355869732,0.5674655684017775,12.046313639358457,0.1043582467665522
3870,Tyrique,Jones,Center,OLY,12.0,6,True,BAR,away,2,0.9713488831066465,0.5176679679464211,8.841178213467025,0.1043582467665522
3898,Ante,Zizic,Center,BJK,12.0,6,True,BAY,home,2,0.9974756531960829,0.648757471959005,9.897576153833436,0.1043582467665522
7193,Vasilije,Micic,Guard,HTA,12.0,6,True,PAO,away,2,1.001926866949797,0.4461534384859859,10.300551282020306,0.1043582467665522
3820,Alec,Peters,Forward,MIL,11.7,6,True,DUB,home,1,1.0622923492427345,0.5120368358135696,8.608608098450302,0.1043582467665522
3934,Isaac,Bonga,Forward,PAO,11.5,6,True,HTA,home,2,1.034263777814163,0.5538465615140141,13.715714770763585,0.1043582467665522
11527,Tj,Warren,Forward,PBB,11.5,6,True,CZV,away,2,0.9891896493697208,0.43253443159822247,9.133202215872013,0.1043582467665522
3825,Juancho,Hernangomez,Forward,PAO,11.4,6,True,HTA,home,2,1.034263777814163,0.5538465615140141,12.114755587329112,0.1043582467665522
3899,Carsen,Edwards,Guard,ZAL,11.4,6,True,EFS,home,2,0.9921276802747302,0.5450111428448559,10.565533222186378,0.1043582467665522
3810,Bonzie,Colson,Forward,MTA,11.3,6,True,VBC,away,1,1.0147146376788245,0.3583240642280091,8.6340282375832,0.1043582467665522
4712,Marcus,Bingham,Center,FBT,11.3,6,True,PAR,home,1,1.0144890730469769,0.70785279255733,4.30789188503105,0.1043582467665522
11503,Marjon,Beauchamp,Forward,BAY,11.3,6,True,BJK,away,2,1.0,0.351242528040995,9.338686140869541,0.1043582467665522
7221,Azuolas,Tubelis,Forward,ZAL,11.1,6,True,EFS,home,2,0.9921276802747302,0.5450111428448559,12.879695424137527,0.1043582467665522
11528,Tyson,Etienne,Guard,PBB,11.1,6,True,CZV,away,2,0.9891896493697208,0.43253443159822247,8.387576882837957,0.1043582467665522
3808,Codi,Miller-Mcintyre,Guard,OLY,11.0,6,True,BAR,away,2,0.9713488831066465,0.5176679679464211,11.971885484833486,0.1043582467665522
4164,Johnathan,Motley,Center,CZV,11.0,6,True,PBB,home,2,1.0676155355869732,0.5674655684017775,7.5358459543717515,0.1043582467665522
7269,Austin,Wiley,Center,BAY,11.0,6,True,BJK,away,2,1.0,0.351242528040995,7.014469381032592,0.1043582467665522
11543,Rasheed,Bello,Guard,VIR,11.0,6,True,KBA,home,2,1.0255635195978292,0.6246620231453015,13.057003026208,0.1043582467665522
3821,Donta,Hall,Center,OLY,10.9,6,True,BAR,away,2,0.9713488831066465,0.5176679679464211,7.892728213670846,0.1043582467665522
11522,Keaton,Wallace,Guard,MTA,10.8,6,True,VBC,away,1,1.0147146376788245,0.3583240642280091,6.493040371152404,0.1043582467665522
3779,Kostas,Sloukas,Guard,PAO,10.7,6,True,HTA,home,2,1.034263777814163,0.5538465615140141,11.164203471128403,0.1043582467665522
7258,Daron,Russell,Guard,EFS,10.7,6,True,ZAL,away,2,0.9744801011921955,0.4549888571551442,7.0598546252283665,0.1043582467665522
3815,Trent,Forrest,Guard,FBT,10.6,6,True,PAR,home,1,1.0144890730469769,0.70785279255733,10.622417849153305,0.1043582467665522
3888,Sterling,Brown,Guard,ZAL,10.6,6,True,EFS,home,2,0.9921276802747302,0.5450111428448559,10.410200241693534,0.1043582467665522
11494,Patrick,Baldwin Jr,Center,CZV,10.6,6,True,PBB,home,2,1.0676155355869732,0.5674655684017775,8.324365444257587,0.1043582467665522
11504,Johannes,Thiemann,Center,BAY,10.6,6,True,BJK,away,2,1.0,0.351242528040995,6.20571451771678,0.1043582467665522
7204,TJ,Leaf,Forward,MTA,10.5,6,True,VBC,away,1,1.0147146376788245,0.3583240642280091,0.0,0.1043582467665522
8808,Eugene,Omoruyi,Forward,BJK,10.5,6,True,BAY,home,2,0.9974756531960829,0.648757471959005,9.16095044539792,0.1043582467665522
11544,Trent,Frazier,Guard,VIR,10.5,6,True,KBA,home,2,1.0255635195978292,0.6246620231453015,11.815723856509903,0.1043582467665522
3804,Tadas,Sedekerskis,Forward,KBA,10.4,6,True,VIR,away,2,1.0200115787022004,0.37533797685469855,6.476404241716047,0.1043582467665522
3822,Joel,Bolomboy,Center,ASV,10.4,6,True,RMB,away,1,0.9778469133118989,0.16832537844024098,3.9044906672070554,0.1043582467665522
3833,Armoni,Brooks,Guard,VBC,10.3,6,True,MTA,home,1,1.0330138352168343,0.6416759357719909,10.962425388419145,0.1043582467665522
3993,Matthew,Strazel,Guard,EFS,10.3,6,True,ZAL,away,2,0.9744801011921955,0.4549888571551442,7.610811393200959,0.1043582467665522
4808,Bruno,Fernando,Center,EFS,10.3,6,True,ZAL,away,2,0.9744801011921955,0.4549888571551442,9.005247953792654,0.1043582467665522
7237,Nathan,Reuvers,Forward,VBC,10.3,6,True,MTA,home,1,1.0330138352168343,0.6416759357719909,10.748039560882251,0.1043582467665522
3792,Jordan,Loyd,Guard,EFS,10.2,6,True,ZAL,away,2,0.9744801011921955,0.4549888571551442,8.350610142512966,0.1043582467665522
3946,Andreas,Obst,Guard,BAY,10.2,6,True,BJK,away,2,1.0,0.351242528040995,9.078064155190084,0.1043582467665522
7197,Oshae,Brissett,Forward,MTA,10.2,6,True,VBC,away,1,1.0147146376788245,0.3583240642280091,10.129472721237875,0.1043582467665522
7362,Umoja,Gibson,Guard,BAR,10.2,6,True,OLY,home,2,0.9642251320798811,0.4823320320535789,7.977809583262967,0.1043582467665522
3806,Duane,Washington,Guard,BAY,10.1,6,True,BJK,away,2,1.0,0.351242528040995,6.606768944159334,0.1043582467665522
4340,Kyle,Allman,Guard,PAR,10.1,6,True,FBT,away,1,0.9720856249749656,0.29214720744267,5.875438902459878,0.1043582467665522
8368,Mamadi,Diakite,Center,DUB,10.1,6,True,MIL,away,1,0.9928592717031777,0.4879631641864304,7.637461665689453,0.1043582467665522
8721,Jared,Butler,Guard,CZV,10.1,6,True,PBB,home,2,1.0676155355869732,0.5674655684017775,10.000643255657609,0.1043582467665522
11532,Ethan,Thompson,Guard,PAR,10.1,6,True,FBT,away,1,0.9720856249749656,0.29214720744267,9.191083763374936,0.1043582467665522
3940,Nick,Weiler-Babb,Guard,CZV,10.0,6,True,PBB,home,2,1.0676155355869732,0.5674655684017775,10.855738463581753,0.1043582467665522
9064,Kessler,Edwards,Forward,VIR,10.0,6,True,KBA,home,2,1.0255635195978292,0.6246620231453015,4.236515651852088,0.1043582467665522
11505,Johnny,Juzang,Forward,FBT,10.0,6,True,PAR,home,1,1.0144890730469769,0.70785279255733,6.103861413208102,0.1043582467665522
11511,Chris,Duarte,Guard,KBA,10.0,6,True,VIR,away,2,1.0200115787022004,0.37533797685469855,10.036654473191632,0.1043582467665522
4180,Devon,Dotson,Guard,BJK,9.9,6,True,BAY,home,2,0.9974756531960829,0.648757471959005,6.902024272410503,0.1043582467665522
11491,David,Dejulius,Guard,BJK,9.9,6,True,BAY,home,2,0.9974756531960829,0.648757471959005,5.324015986528655,0.1043582467665522
11515,Tremont,Waters,Guard,ASV,9.9,6,True,RMB,away,1,0.9778469133118989,0.16832537844024098,9.031354239628476,0.1043582467665522
11545,Marcus,Carr,Guard,VIR,9.9,6,True,KBA,home,2,1.0255635195978292,0.6246620231453015,7.78553787532512,0.1043582467665522
11546,Bobi,Klintman,Center,VIR,9.9,6,True,KBA,home,2,1.0255635195978292,0.6246620231453015,10.25052072040237,0.1043582467665522
3850,Theo,Maledon,Guard,RMB,9.8,6,True,ASV,home,1,1.0169927670426289,0.831674621559759,11.847143731886318,0.1043582467665522
11508,Jacob,Toppin,Forward,HTA,9.8,6,True,PAO,away,2,1.001926866949797,0.4461534384859859,4.397031851181255,0.1043582467665522
11529,Alize,Johnson,Forward,PBB,9.8,6,True,CZV,away,2,0.9891896493697208,0.43253443159822247,7.107701990995795,0.1043582467665522
3860,Devin,Booker,Center,MIL,9.7,6,True,DUB,home,1,1.0622923492427345,0.5120368358135696,9.979235970093718,0.1043582467665522
3914,Nigel,Williams-Goss,Guard,ZAL,9.7,6,True,EFS,home,2,0.9921276802747302,0.5450111428448559,7.886860665983804,0.1043582467665522
4210,Anthony,Brown,Forward,BJK,9.7,6,True,BAY,home,2,0.9974756531960829,0.648757471959005,6.652923646391444,0.1043582467665522
11492,Jaylen,Nowell,Guard,BJK,9.7,6,True,BAY,home,2,0.9974756531960829,0.648757471959005,8.112067587634941,0.1043582467665522
3841,Tomas,Satoransky,Guard,HTA,9.6,6,True,PAO,away,2,1.001926866949797,0.4461534384859859,8.454934948540714,0.1043582467665522
3875,Marko,Guduric,Guard,MIL,9.6,6,True,DUB,home,1,1.0622923492427345,0.5120368358135696,11.064918149856648,0.1043582467665522
4675,Antonio,Blakeney,Guard,HTA,9.6,6,True,PAO,away,2,1.001926866949797,0.4461534384859859,8.408987513622575,0.1043582467665522
7422,Ercan,Osmani,Forward,EFS,9.6,6,True,ZAL,away,2,0.9744801011921955,0.4549888571551442,7.931555989337112,0.1043582467665522
8714,Kobi,Simmons,Guard,KBA,9.6,6,True,VIR,away,2,1.0200115787022004,0.37533797685469855,9.56259478232742,0.1043582467665522
4280,Marek,Blazevic,Center,ZAL,9.5,6,True,EFS,home,2,0.9921276802747302,0.5450111428448559,2.488990365194147,0.1043582467665522
4884,Jimmy,Clark III,Guard,MTA,9.5,6,True,VBC,away,1,1.0147146376788245,0.3583240642280091,7.619097504234464,0.1043582467665522
8730,Kenneth,Faried,Center,KBA,9.5,6,True,VIR,away,2,1.0200115787022004,0.37533797685469855,4.745378433396029,0.1043582467665522
11516,Jae,Crowder,Forward,ASV,9.5,6,True,RMB,away,1,0.9778469133118989,0.16832537844024098,8.2349522099567,0.1043582467665522
3907,Jaron,Blossomgame,Forward,DUB,9.4,6,True,MIL,away,1,0.9928592717031777,0.4879631641864304,7.947124638146043,0.1043582467665522
4360,Evan,Fournier,Guard,OLY,9.4,6,True,BAR,away,2,0.9713488831066465,0.5176679679464211,6.841928403676726,0.1043582467665522
7220,Ebuka,Izundu,Center,CZV,9.4,6,True,PBB,home,2,1.0676155355869732,0.5674655684017775,8.013299781455698,0.1043582467665522
11499,Tosan,Evbuomwan,Forward,BAR,9.4,6,True,OLY,home,2,0.9642251320798811,0.4823320320535789,7.314866439373512,0.1043582467665522
11518,Mathis,Dossou-yovo,Forward,ASV,9.4,6,True,RMB,away,1,0.9778469133118989,0.16832537844024098,4.556166473551958,0.1043582467665522
3981,Mouhamet,Diouf,Center,VIR,9.3,6,True,KBA,home,2,1.0255635195978292,0.6246620231453015,9.945775067757612,0.1043582467665522
11517,Tyty,Washington,Guard,ASV,9.3,6,True,RMB,away,1,0.9778469133118989,0.16832537844024098,7.588364740010169,0.1043582467665522
11530,Maozinha,Pereira,Forward,PBB,9.3,6,True,CZV,away,2,0.9891896493697208,0.43253443159822247,5.817731735287031,0.1043582467665522
11489,Jason,Burnell,Forward,MIL,9.2,6,True,DUB,home,1,1.0622923492427345,0.5120368358135696,6.712490728954462,0.1043582467665522
3845,Joffrey,Lauvergne,Center,PAR,9.1,6,True,FBT,away,1,0.9720856249749656,0.29214720744267,5.4180899220867245,0.1043582467665522
3856,Isaia,Cordinier,Guard,EFS,9.1,6,True,ZAL,away,2,0.9744801011921955,0.4549888571551442,6.258431980834075,0.1043582467665522
11500,Stanley,Umude,Guard,BAR,9.1,6,True,OLY,home,2,0.9642251320798811,0.4823320320535789,6.550634726955934,0.1043582467665522
11534,Olivier,Sarr,Center,RMB,9.1,6,True,ASV,home,1,1.0169927670426289,0.831674621559759,6.3524939773839995,0.1043582467665522
11536,Damian,Jones,Center,RMB,9.1,6,True,ASV,home,1,1.0169927670426289,0.831674621559759,4.6581970111345905,0.1043582467665522
3803,Gabriel,Deck,Forward,RMB,9.0,6,True,ASV,home,1,1.0169927670426289,0.831674621559759,8.60540849158348,0.1043582467665522
3859,Vladimir,Lucic,Forward,BAY,9.0,6,True,BJK,away,2,1.0,0.351242528040995,8.425222615342545,0.1043582467665522
7194,Chuma,Okeke,Forward,RMB,9.0,6,True,ASV,home,1,1.0169927670426289,0.831674621559759,7.563895281811009,0.1043582467665522
8762,Jared,Rhoden,Guard,PBB,9.0,6,True,CZV,away,2,0.9891896493697208,0.43253443159822247,5.883413673033425,0.1043582467665522
11490,Garrison,Mathews,Guard,MIL,9.0,6,True,DUB,home,1,1.0622923492427345,0.5120368358135696,5.94934793826317,0.1043582467665522
11537,Gonzalo,Corbalan,Guard,VBC,9.0,6,True,MTA,home,1,1.0330138352168343,0.6416759357719909,9.008192176301451,0.1043582467665522
4124,Kevin,Kokila,Center,VIR,8.9,6,True,KBA,home,2,1.0255635195978292,0.6246620231453015,4.0057129735048775,0.1043582467665522
7203,Miles,Norris,Forward,BAY,8.9,6,True,BJK,away,2,1.0,0.351242528040995,3.46929095987933,0.1043582467665522
3853,Jerian,Grant,Guard,PAO,8.8,6,True,HTA,home,2,1.034263777814163,0.5538465615140141,7.720684593139411,0.1043582467665522
3884,Neal,Sako,Center,VBC,8.8,6,True,MTA,home,1,1.0330138352168343,0.6416759357719909,6.411407885998317,0.1043582467665522
3930,Yam,Madar,Guard,MTA,8.8,6,True,VBC,away,1,1.0147146376788245,0.3583240642280091,2.166929592317887,0.1043582467665522
4108,Dj,Stewart,Guard,KBA,8.8,6,True,VIR,away,2,1.0200115787022004,0.37533797685469855,6.568261745993255,0.1043582467665522
8463,Kai,Jones,Center,EFS,8.8,6,True,ZAL,away,2,0.9744801011921955,0.4549888571551442,6.998073129953688,0.1043582467665522
11501,Tyrese,Martin,Forward,BAR,8.8,6,True,OLY,home,2,0.9642251320798811,0.4823320320535789,5.826117521037505,0.1043582467665522
11512,Aj,Lawson,Guard,KBA,8.8,6,True,VIR,away,2,1.0200115787022004,0.37533797685469855,5.737400874937478,0.1043582467665522
11519,Hugo,Besson,Guard,ASV,8.8,6,True,RMB,away,1,0.9778469133118989,0.16832537844024098,5.575954473065444,0.1043582467665522
3831,Darius,Thompson,Guard,MIL,8.7,6,True,DUB,home,1,1.0622923492427345,0.5120368358135696,10.63756556676135,0.1043582467665522
3881,Leandro,Bolmaro,Guard,MIL,8.7,6,True,DUB,home,1,1.0622923492427345,0.5120368358135696,7.061265683210463,0.1043582467665522
4257,Jaime,Pradilla,Forward,RMB,8.7,6,True,ASV,home,1,1.0169927670426289,0.831674621559759,8.11264390176519,0.1043582467665522
7338,Both,Gach,Forward,ASV,8.7,6,True,RMB,away,1,0.9778469133118989,0.16832537844024098,5.933161263390444,0.1043582467665522
11488,Santi,Yusta,Forward,EFS,8.7,6,True,ZAL,away,2,0.9744801011921955,0.4549888571551442,1.9070024730063138,0.1043582467665522
11538,Mo,Gueye,Forward,VBC,8.7,6,True,MTA,home,1,1.0330138352168343,0.6416759357719909,7.391072962608788,0.1043582467665522
11547,Wendell,Moore Jr,Guard,VIR,8.7,6,True,KBA,home,2,1.0255635195978292,0.6246620231453015,6.060144336187289,0.1043582467665522
3892,Rokas,Jokubaitis,Guard,BAY,8.6,6,True,BJK,away,2,1.0,0.351242528040995,5.174783369884711,0.1043582467665522
4670,Saben,Lee,Guard,ZAL,8.6,6,True,EFS,home,2,0.9921276802747302,0.5450111428448559,4.931448227138695,0.1043582467665522
11493,Mady,Sissoko,Center,BJK,8.6,6,True,BAY,home,2,0.9974756531960829,0.648757471959005,5.62357207275102,0.1043582467665522
4081,Conor,Morgan,Forward,BJK,8.5,6,True,BAY,home,2,0.9974756531960829,0.648757471959005,2.517630647343533,0.1043582467665522
7210,Omari,Moore,Guard,VBC,8.5,6,True,MTA,home,1,1.0330138352168343,0.6416759357719909,7.998106950973762,0.1043582467665522
7268,Rj,Cole,Guard,MIL,8.5,6,True,DUB,home,1,1.0622923492427345,0.5120368358135696,4.200495453245922,0.1043582467665522
3776,Wenyen,Gabriel,Center,BJK,8.4,6,True,BAY,home,2,0.9974756531960829,0.648757471959005,4.954079860156206,0.1043582467665522
7212,Derrick,Alston Jr.,Forward,VIR,8.4,6,True,KBA,home,2,1.0255635195978292,0.6246620231453015,9.096105730203838,0.1043582467665522
11513,Damion,Baugh,Guard,KBA,8.4,6,True,VIR,away,2,1.0200115787022004,0.37533797685469855,3.945072360408107,0.1043582467665522
3780,Furkan,Korkmaz,Forward,BJK,8.3,6,True,BAY,home,2,0.9974756531960829,0.648757471959005,2.2973812764919455,0.1043582467665522
3816,Markus,Howard,Guard,KBA,8.3,6,True,VIR,away,2,1.0200115787022004,0.37533797685469855,5.800516821557833,0.1043582467665522
3905,Iffe,Lundberg,Guard,MTA,8.3,6,True,VBC,away,1,1.0147146376788245,0.3583240642280091,5.098844059996603,0.1043582467665522
4251,Brancou,Badio,Guard,PAO,8.3,6,True,HTA,home,2,1.034263777814163,0.5538465615140141,8.423486483166792,0.1043582467665522
8846,Tonye,Jekiri,Center,PAR,8.3,6,True,FBT,away,1,0.9720856249749656,0.29214720744267,4.423414506182873,0.1043582467665522
3797,Moustapha,Fall,Center,PAO,8.2,6,True,HTA,home,2,1.034263777814163,0.5538465615140141,1.7312395549347832,0.1043582467665522
3801,Nicolo,Melli,Forward,FBT,8.2,6,True,PAR,home,1,1.0144890730469769,0.70785279255733,7.582153985837207,0.1043582467665522
3861,Thomas,Walkup,Guard,OLY,8.2,6,True,BAR,away,2,0.9713488831066465,0.5176679679464211,6.294145824218655,0.1043582467665522
3925,Devon,Hall,Guard,MIL,8.2,6,True,DUB,home,1,1.0622923492427345,0.5120368358135696,7.927288940320639,0.1043582467665522
3838,Collin,Malcolm,Forward,EFS,8.1,6,True,ZAL,away,2,0.9744801011921955,0.4549888571551442,6.540980819047774,0.1043582467665522
3880,Derek ,Willis,Forward,PAR,8.1,6,True,FBT,away,1,0.9720856249749656,0.29214720744267,4.505420265992761,0.1043582467665522
3980,Aleksander,Balcerowski,Center,BAR,8.0,6,True,OLY,home,2,0.9642251320798811,0.4823320320535789,1.7546309799824396,0.1043582467665522
7209,Lamar,Stevens,Forward,PAR,8.0,6,True,FBT,away,1,0.9720856249749656,0.29214720744267,4.704536217295537,0.1043582467665522
7215,Dylan,Osetkowski,Forward,VBC,8.0,6,True,MTA,home,1,1.0330138352168343,0.6416759357719909,6.769197170650627,0.1043582467665522
7226,Allan,Dokossi,Center,PBB,8.0,6,True,CZV,away,2,0.9891896493697208,0.43253443159822247,6.752664114019797,0.1043582467665522
8727,Braxton,Key,Forward,FBT,8.0,6,True,PAR,home,1,1.0144890730469769,0.70785279255733,4.520893986034667,0.1043582467665522
11509,Eugene,German,Guard,HTA,8.0,6,True,PAO,away,2,1.001926866949797,0.4461534384859859,1.657775357638989,0.1043582467665522
11535,Max,Shulga,Guard,RMB,8.0,6,True,ASV,home,1,1.0169927670426289,0.831674621559759,4.1842834909760205,0.1043582467665522
7243,Nathan,Sestina,Forward,ASV,7.9,6,True,RMB,away,1,0.9778469133118989,0.16832537844024098,0.7646939634430004,0.1043582467665522
8834,Chris,Silva,Center,FBT,7.9,6,True,PAR,home,1,1.0144890730469769,0.70785279255733,1.8766118083989167,0.1043582467665522
3826,Frank,Ntilikina,Guard,PBB,7.8,6,True,CZV,away,2,0.9891896493697208,0.43253443159822247,2.2591272251895673,0.1043582467665522
4097,Nikola,Tanaskovic,Center,PAR,7.8,6,True,FBT,away,1,0.9720856249749656,0.29214720744267,1.338606711209143,0.1043582467665522
11502,Olivier,Nkamboua,Forward,BAR,7.8,6,True,OLY,home,2,0.9642251320798811,0.4823320320535789,4.873676611850162,0.1043582467665522
3824,Luca,Vildoza,Guard,PAR,7.7,6,True,FBT,away,1,0.9720856249749656,0.29214720744267,6.5460529109563295,0.1043582467665522
3960,Tamir,Blatt,Guard,HTA,7.7,6,True,PAO,away,2,1.001926866949797,0.4461534384859859,6.706829095127988,0.1043582467665522
4195,Justinian,Jessup,Guard,BAY,7.7,6,True,BJK,away,2,1.0,0.351242528040995,6.561362876306206,0.1043582467665522
4758,Perry,Dozier,Guard,EFS,7.7,6,True,ZAL,away,2,0.9744801011921955,0.4549888571551442,0.8209728753455063,0.1043582467665522
3828,Georgios,Papagiannis,Center,EFS,7.5,6,True,ZAL,away,2,0.9744801011921955,0.4549888571551442,0.0,0.1043582467665522
3842,Scottie,Wilbekin,Guard,BJK,7.5,6,True,BAY,home,2,0.9974756531960829,0.648757471959005,4.130862751162174,0.1043582467665522
3846,Tyson,Ward,Forward,OLY,7.5,6,True,BAR,away,2,0.9713488831066465,0.5176679679464211,5.3140211593037785,0.1043582467665522
3883,Johannes,Voigtmann,Center,BAY,7.5,6,True,BJK,away,2,1.0,0.351242528040995,3.4583528310774394,0.1043582467665522
3948,Mbaye,Ndiaye,Forward,OLY,7.5,6,True,BAR,away,2,0.9713488831066465,0.5176679679464211,6.219699019000905,0.1043582467665522
4159,Khadeen,Carrington,Guard,HTA,7.5,6,True,PAO,away,2,1.001926866949797,0.4461534384859859,0.8689343000421357,0.1043582467665522
4246,Semi,Ojeleye,Forward,CZV,7.5,6,True,PBB,home,2,1.0676155355869732,0.5674655684017775,7.903433115811789,0.1043582467665522
11520,Yves,Pons,Forward,ASV,7.5,6,True,RMB,away,1,0.9778469133118989,0.16832537844024098,3.082750419489662,0.1043582467665522
11558,Justin,Minaya,Forward,BAR,7.5,6,True,OLY,home,2,0.9642251320798811,0.4823320320535789,4.12233550507809,0.1043582467665522
3911,Kevarrius,Hayes,Center,PAR,7.3,6,True,FBT,away,1,0.9720856249749656,0.29214720744267,5.2179271345976375,0.1043582467665522
3957,Oscar,Da Silva,Forward,BAY,7.3,6,True,BJK,away,2,1.0,0.351242528040995,5.16023455185672,0.1043582467665522
3963,Alessandro,Pajola,Guard,PAR,7.3,6,True,FBT,away,1,0.9720856249749656,0.29214720744267,3.8685472203231557,0.1043582467665522
3942,Maodo,Lo,Guard,ZAL,7.2,6,True,EFS,home,2,0.9921276802747302,0.5450111428448559,6.127085394213707,0.1043582467665522
7867,Armando,Bacot,Center,MTA,7.2,6,True,VBC,away,1,1.0147146376788245,0.3583240642280091,0.788890026520569,0.1043582467665522
11539,Elias,Valtonen,Forward,VBC,7.2,6,True,MTA,home,1,1.0330138352168343,0.6416759357719909,2.9046450901622225,0.1043582467665522
3917,Kamar,Baldwin,Guard,BAY,7.1,6,True,BJK,away,2,1.0,0.351242528040995,1.7662027826810216,0.1043582467665522
4129,Myles,Cale,Guard,ASV,7.1,6,True,RMB,away,1,0.9778469133118989,0.16832537844024098,2.3235722339593265,0.1043582467665522
3891,Vitto,Brown,Forward,BJK,7.0,6,True,BAY,home,2,0.9974756531960829,0.648757471959005,1.0439551449448858,0.1043582467665522
3973,Joel,Parra,Forward,BAR,7.0,6,True,OLY,home,2,0.9642251320798811,0.4823320320535789,5.482795590279067,0.1043582467665522
3992,Terry,Tarpey,Guard,PBB,7.0,6,True,CZV,away,2,0.9891896493697208,0.43253443159822247,1.7571561739329509,0.1043582467665522
4212,Yoan,Makoundou,Center,BAR,7.0,6,True,OLY,home,2,0.9642251320798811,0.4823320320535789,1.093402435010824,0.1043582467665522
4375,Arnas,Butkevicius,Forward,ZAL,7.0,6,True,EFS,home,2,0.9921276802747302,0.5450111428448559,5.742689983067299,0.1043582467665522
7229,Mouhamed,Faye,Center,PBB,7.0,6,True,CZV,away,2,0.9891896493697208,0.43253443159822247,6.013560323031557,0.1043582467665522
8993,Cory,Joseph,Guard,OLY,7.0,6,True,BAR,away,2,0.9713488831066465,0.5176679679464211,1.6914777004041945,0.1043582467665522
3952,Mam,Jaiteh,Center,DUB,6.8,6,True,MIL,away,1,0.9928592717031777,0.4879631641864304,1.210704093068196,0.1043582467665522
7217,Tyson,Carter,Guard,CZV,6.8,6,True,PBB,home,2,1.0676155355869732,0.5674655684017775,1.3236805318622733,0.1043582467665522
7390,Tobias,Jensen,Guard,BAY,6.8,6,True,BJK,away,2,1.0,0.351242528040995,0.660290293322685,0.1043582467665522
7328,Kaodirichi,Akobundu-Ehiogu,Center,ZAL,6.7,6,True,EFS,home,2,0.9921276802747302,0.5450111428448559,1.1166063236633765,0.1043582467665522
11498,Davion,Mintz,Guard,DUB,6.6,6,True,MIL,away,1,0.9928592717031777,0.4879631641864304,1.9054682503192566,0.1043582467665522
3904,Justin,Anderson,Forward,DUB,6.5,6,True,MIL,away,1,0.9928592717031777,0.4879631641864304,3.9803943519124374,0.1043582467665522
4167,Ish,Wainright,Forward,HTA,6.5,6,True,PAO,away,2,1.001926866949797,0.4461534384859859,2.98479705557773,0.1043582467665522
7225,David,Kramer,Guard,CZV,6.5,6,True,PBB,home,2,1.0676155355869732,0.5674655684017775,0.4904778929504678,0.1043582467665522
7234,Yankuba,Sima,Center,VBC,6.5,6,True,MTA,home,1,1.0330138352168343,0.6416759357719909,0.5391319186221779,0.1043582467665522
7238,Rodions,Kurucs,Forward,KBA,6.5,6,True,VIR,away,2,1.0200115787022004,0.37533797685469855,4.263733104163516,0.1043582467665522
7424,Aliou,Diarra,Center,VIR,6.5,6,True,KBA,home,2,1.0255635195978292,0.6246620231453015,4.042806302171515,0.1043582467665522
11525,Antonis,Karagiannidis,Center,OLY,6.5,6,True,BAR,away,2,0.9713488831066465,0.5176679679464211,0.6150614748678014,0.1043582467665522
3852,Edgaras,Ulanovas,Forward,ZAL,6.4,6,True,EFS,home,2,0.9921276802747302,0.5450111428448559,6.483802624336633,0.1043582467665522
3915,Matteo,Spagnolo,Guard,KBA,6.4,6,True,VIR,away,2,1.0200115787022004,0.37533797685469855,4.96447218892696,0.1043582467665522
3967,Dario,Brizuela,Guard,BAR,6.4,6,True,OLY,home,2,0.9642251320798811,0.4823320320535789,4.217368733980587,0.1043582467665522
7219,Amath,M'baye,Forward,PBB,6.4,6,True,CZV,away,2,0.9891896493697208,0.43253443159822247,3.882105007657536,0.1043582467665522
3918,Marius,Grigonis,Forward,ZAL,6.3,6,True,EFS,home,2,0.9921276802747302,0.5450111428448559,1.2768621829124533,0.1043582467665522
4073,Tai,Odiase,Center,HTA,6.3,6,True,PAO,away,2,1.001926866949797,0.4461534384859859,2.14379527257845,0.1043582467665522
4084,Dustin,Sleva,Forward,ZAL,6.3,6,True,EFS,home,2,0.9921276802747302,0.5450111428448559,4.5128225468736645,0.1043582467665522
4156,Jeremy,Morgan,Forward,PBB,6.3,6,True,CZV,away,2,0.9891896493697208,0.43253443159822247,3.439470236237469,0.1043582467665522
7232,Bodian,Massa,Forward,ASV,6.3,6,True,RMB,away,1,0.9778469133118989,0.16832537844024098,2.4574941531647854,0.1043582467665522
11506,Ignas,Sargiunas,Guard,FBT,6.3,6,True,PAR,home,1,1.0144890730469769,0.70785279255733,1.2737308964370175,0.1043582467665522
3851,Andres,Feliz,Guard,RMB,6.2,6,True,ASV,home,1,1.0169927670426289,0.831674621559759,5.047873328025441,0.1043582467665522
3927,Daulton,Hommes,Forward,PBB,6.2,6,True,CZV,away,2,0.9891896493697208,0.43253443159822247,1.7396667914059767,0.1043582467665522
3835,Usman,Garuba,Center,RMB,6.1,6,True,ASV,home,1,1.0169927670426289,0.831674621559759,4.482079322584558,0.1043582467665522
7378,Agustin,Ubal,Guard,BAR,6.1,6,True,OLY,home,2,0.9642251320798811,0.4823320320535789,1.0808733779542403,0.1043582467665522
3869,Mikael,Jantunen,Forward,RMB,6.0,6,True,ASV,home,1,1.0169927670426289,0.831674621559759,3.912626126046601,0.1043582467665522
4094,Kenan,Kamenjas,Center,DUB,5.9,6,True,MIL,away,1,0.9928592717031777,0.4879631641864304,2.8828864817743365,0.1043582467665522
11523,Shane,Hunter,Center,MTA,5.9,6,True,VBC,away,1,1.0147146376788245,0.3583240642280091,1.9788669644381893,0.1043582467665522
3954,Khalifa,Diop,Center,KBA,5.8,6,True,VIR,away,2,1.0200115787022004,0.37533797685469855,3.911799224830731,0.1043582467665522
4234,Tyler,Ennis,Guard,HTA,5.7,6,True,PAO,away,2,1.001926866949797,0.4461534384859859,0.0,0.1043582467665522
11531,Nobel,Boungou-colo,Forward,PBB,5.7,6,True,CZV,away,2,0.9891896493697208,0.43253443159822247,0.14879036172788668,0.1043582467665522
3836,Konstantinos,Mitoglou,Forward,PAO,5.5,6,True,HTA,home,2,1.034263777814163,0.5538465615140141,4.167085703859065,0.1043582467665522
3962,Mario,Nakic,Forward,PAR,5.5,6,True,FBT,away,1,0.9720856249749656,0.29214720744267,0.430007149964582,0.1043582467665522
4008,Metecan,Birsen,Forward,BJK,5.5,6,True,BAY,home,2,0.9974756531960829,0.648757471959005,1.1113541135638692,0.1043582467665522
4242,Davide,Casarin,Guard,VIR,5.5,6,True,KBA,home,2,1.0255635195978292,0.6246620231453015,0.5853402862747322,0.1043582467665522
4258,Josep,Puerto,Guard,VBC,5.5,6,True,MTA,home,1,1.0330138352168343,0.6416759357719909,3.8397513364248925,0.1043582467665522
7216,Davis,Bertans,Forward,DUB,5.5,6,True,MIL,away,1,0.9928592717031777,0.4879631641864304,2.731820640993769,0.1043582467665522
7231,Brice,Dessert,Center,EFS,5.5,6,True,ZAL,away,2,0.9744801011921955,0.4549888571551442,2.076575739365956,0.1043582467665522
8830,Francesco,Ferrari,Forward,VIR,5.2,6,True,KBA,home,2,1.0255635195978292,0.6246620231453015,1.3683124628159573,0.1043582467665522
3972,Justus,Hollatz,Guard,BAY,5.1,6,True,BJK,away,2,1.0,0.351242528040995,2.073003370941301,0.1043582467665522
7223,Clement,Frisch,Forward,KBA,5.1,6,True,VIR,away,2,1.0200115787022004,0.37533797685469855,3.73855971223877,0.1043582467665522
3830,Deividas,Sirvydis,Guard,ZAL,5.0,6,True,EFS,home,2,0.9921276802747302,0.5450111428448559,1.7396342181515911,0.1043582467665522
3950,Ognjen,Dobric,Forward,CZV,5.0,6,True,PBB,home,2,1.0676155355869732,0.5674655684017775,2.8289323079805184,0.1043582467665522
3971,Vanja,Marinkovic,Guard,PAR,5.0,6,True,FBT,away,1,0.9720856249749656,0.29214720744267,1.5606079813913298,0.1043582467665522
3975,Sebastian,Herrera,Guard,PBB,5.0,6,True,CZV,away,2,0.9891896493697208,0.43253443159822247,2.945174994302083,0.1043582467665522
3978,Eli,Ndiaye,Forward,RMB,5.0,6,True,ASV,home,1,1.0169927670426289,0.831674621559759,0.41548375597814313,0.1043582467665522
4546,Joel,Ayayi,Guard,PBB,5.0,6,True,CZV,away,2,0.9891896493697208,0.43253443159822247,0.7095854638903846,0.1043582467665522
4698,Onuralp,Bitim,Forward,FBT,5.0,6,True,PAR,home,1,1.0144890730469769,0.70785279255733,1.3493669422335206,0.1043582467665522
11510,Frederic,Bourdillon,Guard,HTA,5.0,6,True,PAO,away,2,1.001926866949797,0.4461534384859859,0.20144769888674968,0.1043582467665522
3886,Daniel,Hackett,Guard,VIR,4.8,6,True,KBA,home,2,1.0255635195978292,0.6246620231453015,3.3324266851879623,0.1043582467665522
3933,Leopold,Cavaliere,Forward,PBB,4.8,6,True,CZV,away,2,0.9891896493697208,0.43253443159822247,2.706941938614795,0.1043582467665522
3985,David,Lighty,Forward,ASV,4.8,6,True,RMB,away,1,0.9778469133118989,0.16832537844024098,2.128019635277554,0.1043582467665522
3994,Yakuba,Ouattara,Guard,PBB,4.8,6,True,CZV,away,2,0.9891896493697208,0.43253443159822247,2.4472637082695905,0.1043582467665522
11495,Nikola,Djurisic,Guard,CZV,4.8,6,True,PBB,home,2,1.0676155355869732,0.5674655684017775,0.5856594738394894,0.1043582467665522
11521,Marc-owen,Fodzo Dada,Guard,ASV,4.8,6,True,RMB,away,1,0.9778469133118989,0.16832537844024098,0.5244965689092344,0.1043582467665522
11540,Mario,Saint-supery,Guard,VBC,4.7,6,True,MTA,home,1,1.0330138352168343,0.6416759357719909,0.6203178122934375,0.1043582467665522
3896,Juan,Nunez,Guard,BAR,4.6,6,True,OLY,home,2,0.9642251320798811,0.4823320320535789,0.2565751196822717,0.1043582467665522
3979,Giannoulis,Larentzakis,Guard,OLY,4.6,6,True,BAR,away,2,0.9713488831066465,0.5176679679464211,0.09314181510508306,0.1043582467665522
4005,Edwin,Jackson,Forward,ASV,4.6,6,True,RMB,away,1,0.9778469133118989,0.16832537844024098,1.440869068785117,0.1043582467665522
3936,Nikos,Rogkavopoulos,Forward,PAO,4.5,6,True,HTA,home,2,1.034263777814163,0.5538465615140141,1.4383111700508495,0.1043582467665522
3977,Sergio,Llull,Guard,RMB,4.5,6,True,ASV,home,1,1.0169927670426289,0.831674621559759,1.4268043057883997,0.1043582467665522
3984,Sertac,Sanli,Center,FBT,4.5,6,True,PAR,home,1,1.0144890730469769,0.70785279255733,0.4505771285444428,0.1043582467665522
3988,John,Dibartolomeo,Guard,MTA,4.5,6,True,VBC,away,1,1.0147146376788245,0.3583240642280091,2.1923905419057017,0.1043582467665522
3991,Alberto,Abalde,Forward,RMB,4.5,6,True,ASV,home,1,1.0169927670426289,0.831674621559759,2.786861886003203,0.1043582467665522
3998,Dovydas,Giedraitis,Guard,ZAL,4.5,6,True,EFS,home,2,0.9921276802747302,0.5450111428448559,0.81062215714,0.1043582467665522
4012,Giampaolo,Ricci,Forward,MIL,4.5,6,True,DUB,home,1,1.0622923492427345,0.5120368358135696,3.5250257303396193,0.1043582467665522
4061,Eleftherios,Mantzoukas,Forward,PAO,4.5,6,True,HTA,home,2,1.034263777814163,0.5538465615140141,0.2795805526132556,0.1043582467665522
4165,Tomer,Ginat,Forward,HTA,4.5,6,True,PAO,away,2,1.001926866949797,0.4461534384859859,0.9735050858815545,0.1043582467665522
7228,Klemen,Prepelic,Guard,DUB,4.5,6,True,MIL,away,1,0.9928592717031777,0.4879631641864304,1.7339622045810854,0.1043582467665522
7239,Izan,Almansa,Forward,RMB,4.5,6,True,ASV,home,1,1.0169927670426289,0.831674621559759,0.09482435140094801,0.1043582467665522
7241,Gur,Lavy,Forward,MTA,4.5,6,True,VBC,away,1,1.0147146376788245,0.3583240642280091,0.0,0.1043582467665522
9063,Amit,Ebo,Guard,MTA,4.5,6,True,VBC,away,1,1.0147146376788245,0.3583240642280091,0.163430722789793,0.1043582467665522
11541,Alvaro,Cardenas,Guard,VBC,4.5,6,True,MTA,home,1,1.0330138352168343,0.6416759357719909,0.39811730378375204,0.1043582467665522
3983,Dejan,Davidovac,Forward,CZV,4.4,6,True,PBB,home,2,1.0676155355869732,0.5674655684017775,1.7989781464066437,0.1043582467665522
3986,Niels,Giffey,Forward,BAY,4.4,6,True,BJK,away,2,1.0,0.351242528040995,2.135283624330844,0.1043582467665522
4007,Erkan,Yilmaz,Forward,EFS,4.4,6,True,ZAL,away,2,0.9744801011921955,0.4549888571551442,0.7896735167786212,0.1043582467665522
4088,Berk,Ugurlu,Guard,BJK,4.4,6,True,BAY,home,2,0.9974756531960829,0.648757471959005,0.971931972182641,0.1043582467665522
11524,Nikolaos,Plotas,Guard,OLY,4.4,6,True,BAR,away,2,0.9713488831066465,0.5176679679464211,0.23171828470583558,0.1043582467665522
11548,Tommaso,Baldasso,Guard,VIR,4.4,6,True,KBA,home,2,1.0255635195978292,0.6246620231453015,0.2769304069896978,0.1043582467665522
3867,Kostas,Papanikolaou,Forward,OLY,4.3,6,True,BAR,away,2,0.9713488831066465,0.5176679679464211,1.5716192224479502,0.1043582467665522
4378,William,Rayman,Forward,MTA,4.3,6,True,VBC,away,1,1.0147146376788245,0.3583240642280091,2.2682862059361972,0.1043582467665522
3997,Stefano,Tonut,Guard,MIL,4.2,6,True,DUB,home,1,1.0622923492427345,0.5120368358135696,0.46257926778727043,0.1043582467665522
4038,Dimitris,Moraitis,Guard,PAO,4.2,6,True,HTA,home,2,1.034263777814163,0.5538465615140141,0.3263880196229846,0.1043582467665522
7230,Awudu,Abass,Forward,DUB,4.2,6,True,MIL,away,1,0.9928592717031777,0.4879631641864304,1.24003520532683,0.1043582467665522
8623,Kosta,Kondic,Guard,DUB,4.2,6,True,MIL,away,1,0.9928592717031777,0.4879631641864304,1.137793097788217,0.1043582467665522
11542,Lucas,Mari,Guard,VBC,4.2,6,True,MTA,home,1,1.0330138352168343,0.6416759357719909,0.3178295989876531,0.1043582467665522
3916,Gabriele,Procida,Forward,RMB,4.1,6,True,ASV,home,1,1.0169927670426289,0.831674621559759,0.41697951293885466,0.1043582467665522
3976,Arijan,Lakic,Forward,PAR,4.0,6,True,FBT,away,1,0.9720856249749656,0.29214720744267,1.3471566828199166,0.1043582467665522
4000,Melih,Mahmutoglu,Guard,FBT,4.0,6,True,PAR,home,1,1.0144890730469769,0.70785279255733,0.06074978226737859,0.1043582467665522
4003,Enzo,Shahrvin,Center,PBB,4.0,6,True,CZV,away,2,0.9891896493697208,0.43253443159822247,0.6572371715511032,0.1043582467665522
4009,Ousmane,Diop,Center,MIL,4.0,6,True,DUB,home,1,1.0622923492427345,0.5120368358135696,0.39695189789991486,0.1043582467665522
4013,Diego,Flaccadori,Guard,MIL,4.0,6,True,DUB,home,1,1.0622923492427345,0.5120368358135696,0.21813962909233936,0.1043582467665522
4016,Nicola,Akele,Forward,MIL,4.0,6,True,DUB,home,1,1.0622923492427345,0.5120368358135696,1.9666325618089449,0.1043582467665522
4019,Panagiotis,Kalaitzakis,Guard,PAO,4.0,6,True,HTA,home,2,1.034263777814163,0.5538465615140141,0.6596119985999854,0.1043582467665522
4023,Mitar,Bosnjakovic,Guard,PAR,4.0,6,True,FBT,away,1,0.9720856249749656,0.29214720744267,0.05794961060495373,0.1043582467665522
4026,Burakcan,Yildizli,Forward,EFS,4.0,6,True,ZAL,away,2,0.9744801011921955,0.4549888571551442,0.08351985916636592,0.1043582467665522
4036,Mert,Eksioglu,Guard,FBT,4.0,6,True,PAR,home,1,1.0144890730469769,0.70785279255733,0.4152641837048839,0.1043582467665522
4174,Guy,Palatin,Guard,HTA,4.0,6,True,PAO,away,2,1.001926866949797,0.4461534384859859,0.07788928782658114,0.1043582467665522
4175,Oz,Blayzer,Forward,HTA,4.0,6,True,PAO,away,2,1.001926866949797,0.4461534384859859,0.06726222371911875,0.1043582467665522
4551,Bar,Timor,Guard,HTA,4.0,6,True,PAO,away,2,1.001926866949797,0.4461534384859859,0.3347701268829051,0.1043582467665522
7245,David,Mutaf,Guard,EFS,4.0,6,True,ZAL,away,2,0.9744801011921955,0.4549888571551442,0.23954091415338877,0.1043582467665522
7246,Stefan,Miljenovic,Guard,CZV,4.0,6,True,PBB,home,2,1.0676155355869732,0.5674655684017775,0.609868824992618,0.1043582467665522
7248,Nemanja,Dangubic,Forward,DUB,4.0,6,True,MIL,away,1,0.9928592717031777,0.4879631641864304,0.18502968186412544,0.1043582467665522
7250,Ioannis,Kouzeloglou,Forward,PAO,4.0,6,True,HTA,home,2,1.034263777814163,0.5538465615140141,0.17765058186714502,0.1043582467665522
7254,Itay,Segev,Center,HTA,4.0,6,True,PAO,away,2,1.001926866949797,0.4461534384859859,0.1331627360305961,0.1043582467665522
7255,Omiros,Netzipoglou,Guard,OLY,4.0,6,True,BAR,away,2,0.9713488831066465,0.5176679679464211,0.022815413542474846,0.1043582467665522
8644,Stefan,Joksimovic,Forward,KBA,4.0,6,True,VIR,away,2,1.0200115787022004,0.37533797685469855,0.2505066864047523,0.1043582467665522
8681,Aleksej,Nedeljkovic,Forward,CZV,4.0,6,True,PBB,home,2,1.0676155355869732,0.5674655684017775,0.17707748452853125,0.1043582467665522
8770,Ruzgar,Fenemen,Guard,EFS,4.0,6,True,ZAL,away,2,0.9744801011921955,0.4549888571551442,0.11154969321423022,0.1043582467665522
9061,Matteo,Baiocchi,Guard,VIR,4.0,6,True,KBA,home,2,1.0255635195978292,0.6246620231453015,0.017681923166844554,0.1043582467665522
9062,Kilian,Fischer,Forward,BAY,4.0,6,True,BJK,away,2,1.0,0.351242528040995,0.1733616641735794,0.1043582467665522
11496,Andrej,Bjelic,Guard,CZV,4.0,6,True,PBB,home,2,1.0676155355869732,0.5674655684017775,0.33266015067199745,0.1043582467665522
11497,Vojin,Medarevic,Center,CZV,4.0,6,True,PBB,home,2,1.0676155355869732,0.5674655684017775,0.4941335074122092,0.1043582467665522
11533,Uros,Mijailovic,Forward,PAR,4.0,6,True,FBT,away,1,0.9720856249749656,0.29214720744267,0.09432795275812703,0.1043582467665522
3868,Zeljko,Obradovic,Head Coach,PAO,10.0,6,True,HTA,home,2,1.034263777814163,0.5538465615140141,4.865,0.1043582467665522
3885,Georgios,Bartzokas,Head Coach,OLY,10.0,6,True,BAR,away,2,0.9713488831066465,0.5176679679464211,3.779625,0.1043582467665522
3872,Pedro,Martinez,Head Coach,RMB,9.0,6,True,ASV,home,1,1.0169927670426289,0.831674621559759,13.91425,0.1043582467665522
3897,Saras,Jasikevicius,Head Coach,FBT,9.0,6,True,PAR,home,1,1.0144890730469769,0.70785279255733,9.590625,0.1043582467665522
4172,Dimitris,Itoudis,Head Coach,HTA,8.5,6,True,PAO,away,2,1.001926866949797,0.4461534384859859,1.754625,0.1043582467665522
3909,Aleksander,Sekulic,Head Coach,BAR,8.0,6,True,OLY,home,2,0.9642251320798811,0.4823320320535789,2.774875,0.1043582467665522
7235,Xavi,Pascual,Head Coach,DUB,8.0,6,True,MIL,away,1,0.9928592717031777,0.4879631641864304,2.937625,0.1043582467665522
3921,Pablo,Laso,Head Coach,EFS,7.5,6,True,ZAL,away,2,0.9744801011921955,0.4549888571551442,2.0095,0.1043582467665522
4006,Tomas,Masiulis,Head Coach,ZAL,7.5,6,True,EFS,home,2,0.9921276802747302,0.5450111428448559,4.596625,0.1043582467665522
3924,Giuseppe,Poeta,Head Coach,MIL,7.0,6,True,DUB,home,1,1.0622923492427345,0.5120368358135696,3.613625,0.1043582467665522
3938,Ibon,Navarro,Head Coach,CZV,7.0,6,True,PBB,home,2,1.0676155355869732,0.5674655684017775,5.259625,0.1043582467665522
4255,Xavier,Albert,Head Coach,VBC,7.0,6,True,MTA,home,1,1.0330138352168343,0.6416759357719909,7.51225,0.1043582467665522
3943,Joan,Penarroya,Head Coach,PAR,6.5,6,True,FBT,away,1,0.9720856249749656,0.29214720744267,-2.885875,0.1043582467665522
3961,Oded,Kattash,Head Coach,MTA,6.5,6,True,VBC,away,1,1.0147146376788245,0.3583240642280091,-0.850375,0.1043582467665522
4014,Tony,Parker,Head Coach,ASV,6.0,6,True,RMB,away,1,0.9778469133118989,0.16832537844024098,-7.1645,0.1043582467665522
4086,Dusan,Alimpijevic,Head Coach,BJK,6.0,6,True,BAY,home,2,0.9974756531960829,0.648757471959005,7.7295,0.1043582467665522
3955,Paolo,Galbiati,Head Coach,KBA,5.0,6,True,VIR,away,2,1.0200115787022004,0.37533797685469855,-0.332125,0.1043582467665522
3964,Alex,Mumbru,Head Coach,VIR,5.0,6,True,KBA,home,2,1.0255635195978292,0.6246620231453015,6.998375,0.1043582467665522
3974,Anton,Gavel,Head Coach,BAY,5.0,6,True,BJK,away,2,1.0,0.351242528040995,-1.060375,0.1043582467665522
3995,Maxime,Lefevre,Head Coach,PBB,5.0,6,True,CZV,away,2,0.9891896493697208,0.43253443159822247,1.359375,0.1043582467665522
