player_id,first_name,last_name,position,team,team_abbr,opponent,opponent_abbr,home_away,price,popularity,is_injured,appearances,confidence,prior_minutes,raw_minutes,avail_minutes,minutes_pg,prior_rate,pir_per_min,start_rate,opp_pa,opp_factor,home_factor,prob_playing,exp_margin,p_win,model_pir,last_pir_pg,last_games,last_fpts,age,age_factor,proj_pir,proj,value
3766,Sasha,Vezenkov,Forward,Olympiacos Piraeus,OLY,Kosner Baskonia Vitoria-Gasteiz,KBA,away,17.0,0.4,False,240.0,0.893213215264178,25.049408880875088,26.192025805916412,26.192025805916412,24.012572168555607,0.47283073593348224,0.6911671440442024,0.7592273628031453,84.59918244028657,1.0255635195978292,0.955,1,4.217236513868823,0.6384765448775318,13.532615957004282,20.069767441860463,39.0,21.073255813953487,31.15400410677618,0.8153798767967145,17.095565494648888,18.187077253623983,1.0698280737425871
3765,Mike,James,Guard,Anadolu Efes Istanbul,EFS,FC Barcelona,BAR,away,16.0,0.019,False,280.0,0.920001694068206,24.771616623580602,29.841341930644806,29.841341930644806,25.354984098564458,0.48902641129189856,0.5982003024721801,0.8783479847525433,79.57930869110298,0.9713488831066465,0.955,1,-3.2383906405487153,0.3927596216582184,10.107316359756213,17.27906976744186,39.0,18.143023255813954,36.120465434633815,0.6663860369609855,13.367607968274577,13.892633633084067,0.8682896020677542
3770,Chima,Moneke,Forward,Crvena Zvezda Meridianbet Belgrade,CZV,Zalgiris Kaunas,ZAL,home,15.5,0.035,False,118.0,0.839668595635184,24.578208209432876,24.55447942452809,24.55447942452809,24.085290654591763,0.47370805605115235,0.6433804888382836,0.593578353125131,79.86923629161679,0.9744801011921955,1.045,1,4.182288691281983,0.6373756732862847,12.813319684615085,16.615384615384617,36.0,17.446153846153848,30.770704996577688,0.8268788501026694,15.371267650485077,16.35099485728424,1.054902894018338
3903,Elijah,Bryant,Guard,Hapoel IBI Tel Aviv,HTA,FC Bayern Munich,BAY,home,15.5,0.057,False,231.0,0.8885050429212389,24.578208209432876,24.577897359874548,26.124345062807073,22.125964319767647,0.4500695494715827,0.5059944121025041,0.6648308160400647,81.9984540697545,0.9974756531960829,1.045,1,8.766135192749648,0.7693323947529245,9.02844683214013,17.714285714285715,38.0,18.6,31.45242984257358,0.8064271047227927,14.84318375024327,15.985117960276504,1.0312979329210648
11549,Jonas,Valanciunas,Center,Zalgiris Kaunas,ZAL,Crvena Zvezda Meridianbet Belgrade,CZV,away,15.5,0.27,False,,0.0,24.578208209432876,24.578208209432876,24.578208209432876,24.16591253950676,0.47468072758786783,0.47468072758786783,0.35,81.23123149323949,0.9891896493697208,0.955,1,-4.182288691281983,0.3626243267137152,10.782827370253177,,,,,0.94,10.186279470443194,10.555658743911914,0.6810102415427042
3782,Nikola,Milutinov,Center,Olympiacos Piraeus,OLY,Kosner Baskonia Vitoria-Gasteiz,KBA,away,15.3,0.078,False,184.0,0.8431678667810828,24.49066921714703,21.36885297426301,21.36885297426301,19.961128984155092,0.4239516571046861,0.7458555564569103,0.6037939699290719,84.59918244028657,1.0255635195978292,0.955,1,4.217236513868823,0.6384765448775318,11.871669893349107,18.093023255813954,40.0,18.997674418604653,31.753593429158112,0.7973921971252567,15.283234957420815,16.259033662437368,1.0626819387213966
3795,TJ,Shorts,Guard,Valencia Basket,VBC,Besiktas Istanbul,BJK,away,14.9,0.065,False,103.0,0.7986044052563721,24.298147301215185,21.08853109485984,21.08853109485984,24.678747797826787,0.48086788457778373,0.63607231355172,0.6341241560747984,,1.0,0.955,1,-1.8206091954137986,0.43920214640793864,13.832144829175691,7.75,44.0,8.137500000000001,28.960985626283367,0.881170431211499,9.724629324745115,10.151737131990076,0.6813246397308776
3812,Jaylen,Hoard,Forward,Maccabi Rapyd Tel Aviv,MTA,LDLC ASVEL Villeurbanne,ASV,away,14.8,0.02,False,90.0,0.8051533322969715,24.246382669865522,24.41013531656823,33.703338537190035,28.00213144879659,0.5209632096410974,0.5545465291958885,0.6351212047188347,83.80559424073098,1.0169927670426289,0.955,1,0.7783277526979853,0.5260745044859986,14.36050041403612,14.868421052631579,36.0,15.611842105263158,27.50718685831622,0.9247843942505134,14.243305500625482,14.992609488973907,1.013014154660399
3834,Nadir,Hifi,Guard,Paris Basketball,PBB,Panathinaikos AKTOR Athens,PAO,away,14.8,0.021,False,98.0,0.7865715367500786,24.246382669865522,21.058739714363913,21.058739714363913,22.815826504242334,0.4583924671483693,0.5971652634160659,0.2488447931376883,82.41060349139468,1.001926866949797,0.955,1,-3.381689824450132,0.38813790073628573,13.624819044461132,17.105263157894736,37.0,17.960526315789473,24.210814510609172,1.0,15.034911223479343,15.61847311148311,1.0553022372623724
3887,Sylvain,Francisco,Guard,Panathinaikos AKTOR Athens,PAO,Paris Basketball,PBB,home,14.8,0.145,False,109.0,0.8339375414979922,24.246382669865522,24.804854293274616,31.729695484797944,24.921627564798232,0.4837981340556555,0.6136929503331922,0.49492134898520235,88.49288762446658,1.0676155355869732,1.045,1,3.381689824450132,0.6118620992637143,13.470539733698427,19.19047619047619,42.0,20.15,28.974674880219027,0.8807597535934292,18.857415105536816,20.011228864852917,1.352110058436008
3769,Walter,Tavares,Center,Real Madrid,RMB,Dubai Basketball,DUB,away,14.7,0.013,False,286.0,0.8980162205805368,24.19316437756918,23.405544395870674,23.405544395870674,20.973231110243976,0.4361622737546665,0.663263957914109,0.8785333763636421,88.00000000000001,1.0622923492427345,0.955,1,-2.445666286151155,0.418583649662316,9.934930740091032,13.704545454545455,39.0,14.389772727272728,34.52703627652293,0.7141889117043121,12.37341990920388,12.891351035643773,0.876962655485971
3805,Kendrick,Nunn,Guard,Panathinaikos AKTOR Athens,PAO,Paris Basketball,PBB,home,14.6,0.006,True,112.0,0.8579526221064822,24.13849242432616,28.462364458713175,0.0,0.0,0.1831284361633178,0.4825914951267318,0.7836355714294482,88.49288762446658,1.0676155355869732,1.045,0,3.381689824450132,0.6118620992637143,0.0,13.159090909090908,37.0,13.817045454545454,31.16221765913758,0.8151334702258727,0.0,0.0,0.0
4233,Mfiondu,Kabengele,Center,Dubai Basketball,DUB,Real Madrid,RMB,home,14.6,0.036,False,56.0,0.7030707439277554,24.13849242432616,21.81184828369782,21.81184828369782,17.833426474268048,0.3982817577696951,0.6372169802907967,0.7589723250820867,80.18097815455228,0.9778469133118989,1.045,1,2.445666286151155,0.581416350337684,9.955542357693782,16.44736842105263,36.0,17.269736842105264,29.130732375085557,0.8760780287474332,14.153274774022346,14.976169310466195,1.025765021264808
11487,Dario,Saric,Forward,Anadolu Efes Istanbul,EFS,FC Barcelona,BAR,away,14.5,0.027,False,,0.0,24.082366810136463,24.082366810136463,24.082366810136463,21.85899783072736,0.44684870310436947,0.44684870310436947,0.35,79.57930869110298,0.9713488831066465,0.955,1,-3.2383906405487153,0.3927596216582184,9.181604941912441,,,,,0.94,8.517207328707725,8.85172884150851,0.6104640580350696
3768,Mathias,Lessort,Center,Panathinaikos AKTOR Athens,PAO,Paris Basketball,PBB,home,14.4,0.058,False,191.0,0.8562666316105403,24.024787535000083,23.890836609064706,23.890836609064706,17.211943664184144,0.39078381052418093,0.5999300036018549,0.6109315616317326,88.49288762446658,1.0676155355869732,1.045,1,3.381689824450132,0.6118620992637143,8.46538007948918,3.8636363636363638,14.0,4.0568181818181825,31.006160164271048,0.8198151950718686,6.364087033139096,6.753481398338443,0.468991763773503
3771,Wade,Baldwin,Guard,Fenerbahce Tarfin Istanbul,FBT,Virtus Bologna,VIR,home,14.3,0.026,False,226.0,0.8920348404120072,23.965754598917027,25.53827039392499,25.53827039392499,21.602700945970728,0.44375658134345475,0.5609717516326279,0.5824202631551014,84.08511383883945,1.0200115787022004,1.045,1,6.715750981453553,0.7137416193840752,10.11609000707448,16.023255813953487,42.0,16.82441860465116,30.507871321013006,0.8347638603696098,14.56077444588513,15.600037519134363,1.0909117146247806
11526,Guerschon,Yabusele,Forward,Panathinaikos AKTOR Athens,PAO,Paris Basketball,PBB,home,14.3,0.107,False,124.0,0.7885021750212114,23.965754598917027,24.55171827408862,30.337150080723273,23.345372787113764,0.46478123611929556,0.49534440361724563,0.6048658065732526,88.49288762446658,1.0676155355869732,1.045,1,3.381689824450132,0.6118620992637143,9.555378118284915,,,,30.78986995208761,0.8263039014373716,10.660536283225788,11.31281409417894,0.7911058807118139
3857,Dan,Oturu,Center,Hapoel IBI Tel Aviv,HTA,FC Bayern Munich,BAY,home,14.2,0.083,False,102.0,0.7913808085738245,23.905268001887286,20.64303542572641,20.64303542572641,16.254649630460037,0.3792344320911077,0.6123646184353605,0.49068439442098166,81.9984540697545,0.9974756531960829,1.045,1,8.766135192749648,0.7693323947529245,9.347348448741684,16.761904761904763,42.0,17.6,27.030800821355236,0.939075975359343,14.380512666863142,15.486852091640399,1.0906233867352395
3843,Moses,Wright,Center,Armani Olimpia Milan,MIL,Partizan Mozzart Bet Belgrade,PAR,away,14.0,0.083,False,77.0,0.7428782997259759,23.779933824987772,20.268970649657703,20.268970649657703,23.649561340263244,0.4684511521446417,0.6350835840198773,0.44442684211016775,83.57377072261507,1.0144890730469769,0.955,1,-2.133590616966191,0.4288536922730516,13.770089150540295,17.142857142857142,42.0,18.0,27.772758384668034,0.916817248459959,15.301570339166457,15.957783832919192,1.139841702351371
3774,Tornike,Shengelia,Forward,Dubai Basketball,DUB,Real Madrid,RMB,home,13.8,0.022,False,226.0,0.8851367387811917,23.64878500430154,25.348388911103182,25.348388911103182,21.944947705069918,0.4478856547514988,0.571613021435736,0.8007860059312801,80.18097815455228,0.9778469133118989,1.045,1,2.445666286151155,0.581416350337684,8.784676164593698,13.05,34.0,13.7025,34.98973305954826,0.7003080082135522,11.591734312430505,12.26569669823225,0.8888186013211775
3772,Facundo,Campazzo,Guard,Real Madrid,RMB,Dubai Basketball,DUB,away,13.7,0.017,False,201.0,0.8779244708578856,23.581030102538403,24.800147093537213,24.800147093537213,23.58455497967252,0.46766687580678723,0.6096922087169642,0.7669231566924665,88.00000000000001,1.0622923492427345,0.955,1,-2.445666286151155,0.418583649662316,9.83846616630997,14.431818181818182,44.0,15.153409090909092,35.526351813826146,0.6842094455852157,12.77696119567923,13.31178390056735,0.9716630584355731
3791,Carlik,Jones,Guard,Partizan Mozzart Bet Belgrade,PAR,Armani Olimpia Milan,MIL,home,13.6,0.271,False,49.0,0.7183490572306794,23.511821539828592,26.004258148766848,26.004258148766848,26.434463087166918,0.5020499034591066,0.5907628252678163,0.6048591119253249,81.57101133892995,0.9928592717031777,1.045,1,2.133590616966191,0.5711463077269484,13.84930054099436,6.605263157894737,15.0,6.935526315789474,28.772073921971252,0.8868377823408624,9.859596569327886,10.422723786952776,0.7663767490406453
3794,Kevin,Punter,Guard,FC Barcelona,BAR,Anadolu Efes Istanbul,EFS,home,13.6,0.026,False,217.0,0.891827401641891,23.511821539828592,25.94947027312669,25.94947027312669,25.991939118523305,0.4967110247034458,0.5128002062074345,0.7666525262100071,81.50327139185147,0.9921276802747302,1.045,1,3.2383906405487153,0.6072403783417816,10.022777983160447,12.925,39.0,13.571250000000001,33.267624914442166,0.751971252566735,12.196717864357199,12.937351821405223,0.9512758692209723
3767,Shane,Larkin,Guard,Fenerbahce Tarfin Istanbul,FBT,Virtus Bologna,VIR,home,13.5,0.018,False,226.0,0.8874419795230156,23.441159316172094,28.0540655656393,28.0540655656393,24.65412670044193,0.4805708406590736,0.5913874816350521,0.5793004557656882,84.08511383883945,1.0200115787022004,1.045,1,6.715750981453553,0.7137416193840752,10.645299909322812,4.7631578947368425,12.0,5.001315789473685,33.9958932238193,0.730123203285421,7.585046171293623,8.126422485033833,0.6019572211136173
4096,Mckinley,Wright,Guard,Dubai Basketball,DUB,Real Madrid,RMB,home,13.5,0.024,False,74.0,0.7722398038493273,23.441159316172094,23.900919754626212,23.900919754626212,19.61932814207768,0.41982796351125784,0.46743211847505683,0.6963399981010814,80.18097815455228,0.9778469133118989,1.045,1,2.445666286151155,0.581416350337684,8.363418520051328,15.710526315789474,38.0,16.496052631578948,27.93429158110883,0.9119712525667351,13.050744787128181,13.809536427460245,1.0229286242563145
3787,Nigel,Hayes-davis,Forward,Panathinaikos AKTOR Athens,PAO,Paris Basketball,PBB,home,13.4,0.005,True,239.0,0.8976797878178746,23.36904343156892,27.345685269854116,0.0,0.0,0.1831284361633178,0.4255421625240973,0.7677198347492514,88.49288762446658,1.0676155355869732,1.045,0,3.381689824450132,0.6118620992637143,0.0,4.681818181818182,16.0,4.915909090909091,31.79192334017796,0.7962422997946612,0.0,0.0,0.0
3910,Roman,Sorkin,Center,Maccabi Rapyd Tel Aviv,MTA,LDLC ASVEL Villeurbanne,ASV,away,13.4,0.018,False,161.0,0.8329135356205972,23.36904343156892,18.756297417265788,18.756297417265788,17.546515177200884,0.3948202850875123,0.5114834937703145,0.4587292024359126,83.80559424073098,1.0169927670426289,0.955,1,0.7783277526979853,0.5260745044859986,6.669021540754686,14.105263157894736,38.0,14.810526315789474,30.138261464750173,0.7430869267624913,10.81051312686519,11.379226660510689,0.8491960194410961
3790,Dzanan,Musa,Guard,Dubai Basketball,DUB,Real Madrid,RMB,home,13.3,0.014,False,136.0,0.8307709549671767,23.295473886019067,22.431236534218506,22.431236534218506,17.096567185474804,0.3893918383944626,0.5866569165531973,0.6103606040435698,80.18097815455228,0.9778469133118989,1.045,1,2.445666286151155,0.581416350337684,9.307548822020522,7.394736842105263,18.0,7.764473684210526,27.40041067761807,0.9279876796714579,8.33815480996567,8.822948763781756,0.6633796062993801
3799,Zach,Leday,Forward,Hapoel IBI Tel Aviv,HTA,FC Bayern Munich,BAY,home,13.3,0.049,False,244.0,0.8920372762215651,23.295473886019067,25.66143497117049,25.66143497117049,21.042813837016094,0.4370017621621832,0.5386902633292978,0.6902869186654508,81.9984540697545,0.9974756531960829,1.045,1,8.766135192749648,0.7693323947529245,8.839641095947398,11.894736842105264,30.0,12.489473684210527,32.33949349760438,0.7798151950718686,11.124816013987596,11.98068414851027,0.9008033194368624
3793,Jordan,Nwora,Forward,Crvena Zvezda Meridianbet Belgrade,CZV,Zalgiris Kaunas,ZAL,home,13.0,0.139,False,71.0,0.7551606024028539,23.066043283689424,21.991435447099203,21.991435447099203,21.848266919741054,0.44671923885666037,0.5027349757625303,0.5512309039602997,79.86923629161679,0.9744801011921955,1.045,1,4.182288691281983,0.6373756732862847,9.975490343197325,13.871794871794872,34.0,14.565384615384616,28.060232717316907,0.9081930184804928,12.53899635886653,13.338201483523212,1.0260154987325547
3864,Timothé,Luwawu-Cabarrot,Forward,Real Madrid,RMB,Dubai Basketball,DUB,away,12.8,0.06,False,114.0,0.8333107913019583,22.905821244069603,24.798964202692957,24.798964202692957,22.50108046060582,0.4545951791258699,0.452628178026976,0.4397608710238713,88.00000000000001,1.0622923492427345,0.955,1,-2.445666286151155,0.418583649662316,8.229886467883246,15.526315789473685,36.0,16.30263157894737,31.397672826830938,0.8080698151950718,12.790420104471492,13.325806177275886,1.0410786075996785
4252,Jean,Montero,Guard,Olympiacos Piraeus,OLY,Kosner Baskonia Vitoria-Gasteiz,KBA,away,12.8,0.179,False,59.0,0.7031035564446012,22.905821244069603,20.56042998050523,20.56042998050523,18.76475603035428,0.40951788492626107,0.6258420217529495,0.4568130937865878,84.59918244028657,1.0255635195978292,0.955,1,4.217236513868823,0.6384765448775318,11.743772851737774,15.431818181818182,38.0,16.20340909090909,23.247091033538673,1.0,13.669277774587286,14.542029099036258,1.1360960233622075
3926,Filip,Petrusev,Forward,Dubai Basketball,DUB,Real Madrid,RMB,home,12.7,0.029,False,148.0,0.8282396033407146,22.82352973283967,18.890509575633715,18.890509575633715,14.647345922932692,0.3598429409492492,0.5840131580473613,0.39044262848802425,80.18097815455228,0.9778469133118989,1.045,1,2.445666286151155,0.581416350337684,7.929215087927247,15.368421052631579,38.0,16.13684210526316,26.46132785763176,0.9269336071184121,12.66352030913666,13.399798085193197,1.0551022114325352
7201,Dwayne,Bacon,Forward,Dubai Basketball,DUB,Real Madrid,RMB,home,12.7,0.014,False,85.0,0.7877294633274309,22.82352973283967,27.1025606344451,27.1025606344451,23.715391249104698,0.46924536427032154,0.4494638247612125,0.6217605877202379,80.18097815455228,0.9778469133118989,1.045,1,2.445666286151155,0.581416350337684,8.712317704768457,10.631578947368421,29.0,11.163157894736843,31.08829568788501,0.8173511293634497,10.079400347854502,10.665433164238697,0.839797886947929
8567,Talen,Horton-Tucker,Guard,Fenerbahce Tarfin Istanbul,FBT,Virtus Bologna,VIR,home,12.7,0.09,False,41.0,0.6749830381773049,22.82352973283967,23.467194068492127,23.467194068492127,18.93665090388011,0.411591729403628,0.5454082755505594,0.6390154968094803,84.08511383883945,1.0200115787022004,1.045,1,6.715750981453553,0.7137416193840752,10.065441281016136,13.86046511627907,41.0,14.553488372093023,25.848049281314168,0.974558521560575,13.155972745589555,14.094969274790541,1.109840100377208
3874,Tyler,Dorsey,Guard,Olympiacos Piraeus,OLY,Kosner Baskonia Vitoria-Gasteiz,KBA,away,12.6,0.042,False,214.0,0.8611011306696995,22.739784560663065,19.879074589855517,19.879074589855517,17.5260558625782,0.3945734514515191,0.4402336307293188,0.5204984823338824,84.59918244028657,1.0255635195978292,0.955,1,4.217236513868823,0.6384765448775318,5.548495741593521,13.674418604651162,43.0,14.35813953488372,30.61738535249829,0.7191307323750855,10.209451233729654,10.86130074861039,0.8620079959214595
3785,Josh,Nebo,Center,FC Barcelona,BAR,Anadolu Efes Istanbul,EFS,home,12.5,0.039,False,136.0,0.81995039591757,22.65458572753977,22.361753707052845,22.361753707052845,23.163949898031877,0.4625924398575275,0.5917073628122202,0.686055881805534,81.50327139185147,0.9921276802747302,1.045,1,3.2383906405487153,0.6072403783417816,11.976248877819181,9.394736842105264,26.0,9.864473684210527,29.207392197125255,0.8737782340862423,10.810790731991515,11.46726559741835,0.9173812477934681
11507,Amir,Coffey,Forward,Hapoel IBI Tel Aviv,HTA,FC Bayern Munich,BAY,home,12.5,0.007,False,,0.0,22.65458572753977,22.65458572753977,22.65458572753977,18.984176583562217,0.4121651081572826,0.4121651081572826,0.35,81.9984540697545,0.9974756531960829,1.045,1,8.766135192749648,0.7693323947529245,7.355138283150419,,,,,0.94,7.666717074682963,8.256542455378861,0.6605233964303089
3775,Shavon,Shields,Forward,Fenerbahce Tarfin Istanbul,FBT,Virtus Bologna,VIR,home,12.4,0.015,False,221.0,0.8865703662540081,22.5679332334698,26.31970321781035,26.31970321781035,21.085697305282256,0.4375191344491512,0.47511072985500097,0.8082906579662675,84.08511383883945,1.0200115787022004,1.045,1,6.715750981453553,0.7137416193840752,7.8171576471699975,11.789473684210526,36.0,12.378947368421052,32.323066392881586,0.7803080082135524,10.872886758455973,11.648929938691978,0.9394298337654821
3777,Will,Clyburn,Forward,Fenerbahce Tarfin Istanbul,FBT,Virtus Bologna,VIR,home,12.4,0.038,False,206.0,0.8842144731005122,22.5679332334698,26.995032797775526,26.995032797775526,23.137503496939495,0.4622733743628638,0.55148586985903,0.567144217493128,84.08511383883945,1.0200115787022004,1.045,1,6.715750981453553,0.7137416193840752,8.405621360609144,12.125,33.0,12.731250000000001,36.375085557837096,0.6587474332648872,11.33837193129143,12.147638725633321,0.9796482843252678
7218,Kameron,Taylor,Forward,Valencia Basket,VBC,Besiktas Istanbul,BJK,away,12.4,0.049,False,59.0,0.7005842535262177,22.5679332334698,22.06462771435055,22.06462771435055,23.932717173944585,0.4718673166286049,0.49477199407429007,0.5933434192951252,,1.0,0.955,1,-1.8206091954137986,0.43920214640793864,9.358468523016274,12.318181818181818,40.0,12.93409090909091,31.98904859685147,0.7903285420944559,10.633253157610397,11.100267918622544,0.8951828966631084
11514,Patty,Mills,Guard,LDLC ASVEL Villeurbanne,ASV,Maccabi Rapyd Tel Aviv,MTA,home,12.3,0.043,False,,0.0,22.47982707845315,22.47982707845315,22.47982707845315,25.411431146586636,0.48970742286835417,0.48970742286835417,0.35,85.28902647908335,1.0330138352168343,1.045,1,-0.7783277526979853,0.47392549551400137,11.697516470700073,,,,,0.94,12.627462687745918,13.225910338883372,1.0752772633238512
3807,Elie,Okobo,Guard,Dubai Basketball,DUB,Real Madrid,RMB,home,12.2,0.012,False,182.0,0.8823523861457379,22.390267262489825,25.149378696864375,25.149378696864375,20.964051375182283,0.4360515238383316,0.46534566215446305,0.32082104308649123,80.18097815455228,0.9778469133118989,1.045,1,2.445666286151155,0.581416350337684,8.602695106377292,11.465116279069768,42.0,12.038372093023257,28.93908281998631,0.8818275154004107,10.54564329156557,11.158784235020084,0.9146544454934495
4882,Daniel,Theis,Center,Maccabi Rapyd Tel Aviv,MTA,LDLC ASVEL Villeurbanne,ASV,away,12.2,0.033,False,53.0,0.6946761539690907,22.390267262489825,21.506865495938175,21.506865495938175,19.72720859374311,0.4211294990039297,0.5325644003666343,0.7557315383092457,83.80559424073098,1.0169927670426289,0.955,1,0.7783277526979853,0.5260745044859986,7.514493060402261,10.744186046511627,38.0,11.28139534883721,34.49144421629021,0.7152566735112936,9.180347896357775,9.663302593416324,0.7920739830669118
7202,Justin,Robinson,Guard,FC Barcelona,BAR,Anadolu Efes Istanbul,EFS,home,12.2,0.032,False,36.0,0.5920715710428606,22.390267262489825,20.323508140641565,20.323508140641565,21.216419335267958,0.43909624465840535,0.6272802115075203,0.4575098814229249,81.50327139185147,0.9921276802747302,1.045,1,3.2383906405487153,0.6072403783417816,11.723900718393114,13.605263157894736,36.0,14.285526315789474,28.969199178644764,0.8809240246406571,13.325356661611016,14.134526123684603,1.158567715056115
4247,Chris,Jones,Guard,Crvena Zvezda Meridianbet Belgrade,CZV,Zalgiris Kaunas,ZAL,home,12.1,0.041,False,183.0,0.8542728150822085,22.299253785579815,21.803822085667917,21.803822085667917,19.93012205385095,0.42357757060721013,0.5268240139442688,0.49869680080453505,79.86923629161679,0.9744801011921955,1.045,1,4.182288691281983,0.6373756732862847,7.829905600904411,11.80952380952381,42.0,12.4,33.4757015742642,0.7457289527720741,10.404983965558298,11.068172331616369,0.9147249860839974
3870,Tyrique,Jones,Center,Olympiacos Piraeus,OLY,Kosner Baskonia Vitoria-Gasteiz,KBA,away,12.0,0.018,False,119.0,0.8040279653754672,22.206786647723128,19.851826363956516,19.851826363956516,16.49289531259166,0.38210877314625813,0.5846322836323878,0.34944771236774425,84.59918244028657,1.0255635195978292,0.955,1,4.217236513868823,0.6384765448775318,7.5148398635427105,10.093023255813954,36.0,10.597674418604651,29.412731006160165,0.7793634496919918,8.8751971146351,9.441857633521025,0.7868214694600854
3898,Ante,Zizic,Center,Besiktas Istanbul,BJK,Valencia Basket,VBC,home,12.0,0.022,False,173.0,0.8076246556882766,22.206786647723128,17.481878897574852,17.481878897574852,20.40780606326313,0.4293406415151805,0.5725966208909411,0.6205220169041361,83.59465633667503,1.0147146376788245,1.045,1,1.8206091954137986,0.5607978535920614,8.916847136577637,,,,29.738535249828885,0.7630732375085557,9.455217800444183,9.985464385217638,0.8321220321014698
7193,Vasilije,Micic,Guard,Hapoel IBI Tel Aviv,HTA,FC Bayern Munich,BAY,home,12.0,0.018,False,206.0,0.873148282380108,22.206786647723128,26.865141600384735,28.55550330661834,24.163403898355323,0.4746504618126827,0.5218897323500026,0.7963472744155436,81.9984540697545,0.9974756531960829,1.045,1,8.766135192749648,0.7693323947529245,9.69206077708926,10.714285714285714,40.0,11.25,32.714579055441476,0.7685626283367557,10.741953507206674,11.568366788809062,0.9640305657340885
3820,Alec,Peters,Forward,Armani Olimpia Milan,MIL,Partizan Mozzart Bet Belgrade,PAR,away,11.7,0.207,False,268.0,0.867018122531654,21.920663268472985,18.168457998013217,18.168457998013217,17.359674102682554,0.3925661205357293,0.4861886318738595,0.3104981532761569,83.57377072261507,1.0144890730469769,0.955,1,-2.133590616966191,0.4288536922730516,5.710193923086227,8.488372093023257,43.0,8.91279069767442,31.468856947296374,0.6765571526351812,7.147208709777497,7.453719394240917,0.6370700336958048
3934,Isaac,Bonga,Forward,Panathinaikos AKTOR Athens,PAO,Paris Basketball,PBB,home,11.5,0.119,False,129.0,0.8422759668866727,21.722646044239493,23.497553339490253,29.034578933819148,21.142124165336533,0.4381999024656629,0.4306644811149762,0.6365044514488419,88.49288762446658,1.0676155355869732,1.045,1,3.381689824450132,0.6118620992637143,8.587083828255729,14.31578947368421,38.0,15.031578947368422,26.89664613278576,0.9431006160164271,13.415017361409864,14.235831429851006,1.2378983852044352
11527,Tj,Warren,Forward,Paris Basketball,PBB,Panathinaikos AKTOR Athens,PAO,away,11.5,0.029,False,,0.0,21.722646044239493,21.722646044239493,21.722646044239493,21.98692551312549,0.44839210060193274,0.44839210060193274,0.35,82.41060349139468,1.001926866949797,0.955,1,-3.381689824450132,0.38813790073628573,9.267237893612053,,,,,0.94,8.867265369764027,9.211437546353205,0.8009945692481047
3825,Juancho,Hernangomez,Forward,Panathinaikos AKTOR Athens,PAO,Paris Basketball,PBB,home,11.4,0.025,False,115.0,0.8344927797975156,21.621456940702732,23.251296178897867,28.730293084823053,20.12294948392667,0.4259039581994922,0.48950894726196775,0.5022540562926677,88.49288762446658,1.0676155355869732,1.045,1,3.381689824450132,0.6118620992637143,8.074668869932466,12.318181818181818,44.0,12.93409090909091,31.00889801505818,0.8197330595482546,11.849156915954836,12.574161918464965,1.1029966595144705
3899,Carsen,Edwards,Guard,Zalgiris Kaunas,ZAL,Crvena Zvezda Meridianbet Belgrade,CZV,away,11.4,0.066,False,139.0,0.849396281332465,21.621456940702732,22.953112004559234,22.953112004559234,21.377826278290105,0.4410435563526361,0.44865293626675307,0.6712025228814761,81.23123149323949,0.9891896493697208,0.955,1,-4.182288691281983,0.3626243267137152,8.568094932454088,10.394736842105264,36.0,10.914473684210527,28.555783709787818,0.8933264887063654,9.129425624796276,9.460480806843744,0.8298667374424337
3810,Bonzie,Colson,Forward,Maccabi Rapyd Tel Aviv,MTA,LDLC ASVEL Villeurbanne,ASV,away,11.3,0.018,False,174.0,0.8575132922778709,21.518814176219287,21.46000285936422,29.63005866203867,24.160609527646493,0.47461674882204286,0.4695947636948613,0.6641450708004559,83.80559424073098,1.0169927670426289,0.955,1,0.7783277526979853,0.5260745044859986,9.399221640624233,8.069767441860465,40.0,8.47325581395349,30.718685831622178,0.8284394250513347,8.354066145910476,8.793552266725786,0.778190466081928
4712,Marcus,Bingham,Center,Fenerbahce Tarfin Istanbul,FBT,Virtus Bologna,VIR,home,11.3,0.013,False,9.0,0.10150457826011675,21.518814176219287,17.46795128647881,17.46795128647881,12.1242878817773,0.3294032316234202,0.3332418032139533,0.25711662075298436,84.08511383883945,1.0200115787022004,1.045,1,6.715750981453553,0.7137416193840752,3.7948860446828423,,,,26.21492128678987,0.9392539356605065,4.04501495217633,4.333724504416243,0.38351544286869405
11503,Marjon,Beauchamp,Forward,FC Bayern Munich,BAY,Hapoel IBI Tel Aviv,HTA,away,11.3,0.014,False,,0.0,21.518814176219287,21.518814176219287,21.518814176219287,22.25356133139481,0.4516089575555111,0.4516089575555111,0.35,85.40476190476191,1.034263777814163,0.955,1,-8.766135192749648,0.23066760524707547,9.44691317668271,,,,,0.94,9.330923105812332,9.546157274568564,0.8447926791653596
7221,Azuolas,Tubelis,Forward,Zalgiris Kaunas,ZAL,Crvena Zvezda Meridianbet Belgrade,CZV,away,11.1,0.085,False,43.0,0.6702851619910835,21.309167664412357,21.997293388471256,21.997293388471256,20.073434815077448,0.4253065830687779,0.5153503188803947,0.6673629702751336,81.23123149323949,0.9891896493697208,0.955,1,-4.182288691281983,0.3626243267137152,10.34485103297498,12.738095238095237,42.0,13.375,24.528405201916495,1.0,11.12903806859264,11.53260406225211,1.0389733389416316
11528,Tyson,Etienne,Guard,Paris Basketball,PBB,Panathinaikos AKTOR Athens,PAO,away,11.1,0.004,False,,0.0,21.309167664412357,21.309167664412357,21.309167664412357,20.836764045659237,0.4345158519479742,0.43451585194797426,0.35,82.41060349139468,1.001926866949797,0.955,1,-3.381689824450132,0.38813790073628573,8.51067002427023,,,,,0.94,8.143350850172896,8.459425160567411,0.7621103748258929
3808,Codi,Miller-Mcintyre,Guard,Olympiacos Piraeus,OLY,Kosner Baskonia Vitoria-Gasteiz,KBA,away,11.0,0.099,False,164.0,0.8728936981176371,21.202163917088875,26.073639943103082,26.073639943103082,22.886781389968494,0.4592485101174651,0.4580307171595009,0.835714048130844,84.59918244028657,1.0255635195978292,0.955,1,4.217236513868823,0.6384765448775318,8.17640688337488,15.0,39.0,15.75,32.33401779603012,0.7799794661190965,12.017950656156884,12.785268617302055,1.1622971470274595
4164,Johnathan,Motley,Center,Crvena Zvezda Meridianbet Belgrade,CZV,Zalgiris Kaunas,ZAL,home,11.0,0.042,False,136.0,0.8034733475878891,21.202163917088875,18.169371994303148,18.169371994303148,15.250423134153094,0.3671188318368699,0.5667652156264864,0.4875586141493013,79.86923629161679,0.9744801011921955,1.045,1,4.182288691281983,0.6373756732862847,5.87260800633584,6.738095238095238,40.0,7.075,31.411362080766597,0.6794318959616701,6.5090747816799555,6.923947373824359,0.6294497612567599
7269,Austin,Wiley,Center,FC Bayern Munich,BAY,Hapoel IBI Tel Aviv,HTA,away,11.0,0.006,False,24.0,0.40784890342199404,21.202163917088875,17.70667708262425,17.70667708262425,17.635533620288125,0.39589425781743515,0.46593108611114914,0.6128583180408783,85.40476190476191,1.034263777814163,0.955,1,-8.766135192749648,0.23066760524707547,7.095760819406245,,,,27.72895277207392,0.863552361396304,7.008638413925307,7.170304997823587,0.6518459088930534
11543,Rasheed,Bello,Guard,Virtus Bologna,VIR,Fenerbahce Tarfin Istanbul,FBT,away,11.0,0.003,False,,0.0,21.202163917088875,21.202163917088875,21.202163917088875,25.102002960168445,0.48597429271512355,0.48597429271512355,0.35,79.64752553076217,0.9720856249749656,0.955,1,-6.715750981453553,0.2862583806159248,11.466992446242749,,,,,0.94,10.645288085348083,10.950018378198257,0.9954562161998415
3821,Donta,Hall,Center,Olympiacos Piraeus,OLY,Kosner Baskonia Vitoria-Gasteiz,KBA,away,10.9,0.013,False,186.0,0.835033415779705,21.093706508818713,17.33365531182862,17.33365531182862,10.298009903532398,0.3073699014743919,0.6144655525169278,0.18221423079702914,84.59918244028657,1.0255635195978292,0.955,1,4.217236513868823,0.6384765448775318,5.014792067001002,10.13953488372093,42.0,10.646511627906978,29.149897330595483,0.7925051334702259,7.9230976887073705,8.428968892408674,0.7732998983861169
11522,Keaton,Wallace,Guard,Maccabi Rapyd Tel Aviv,MTA,LDLC ASVEL Villeurbanne,ASV,away,10.8,0.031,False,,0.0,20.98379543960187,20.98379543960187,20.98379543960187,17.470201902891723,0.39389959525407137,0.39389959525407137,0.35,83.80559424073098,1.0169927670426289,0.955,1,0.7783277526979853,0.5260745044859986,6.4686151310426,,,,,0.94,6.282500735005453,6.613007081115544,0.6123154704736614
3779,Kostas,Sloukas,Guard,Panathinaikos AKTOR Athens,PAO,Paris Basketball,PBB,home,10.7,0.011,False,276.0,0.8978402230655901,20.872430709438348,23.40920344231234,29.944416846167165,22.31364470641403,0.45233383999621085,0.5669767675016838,0.26789159954241293,88.49288762446658,1.0676155355869732,1.045,1,3.381689824450132,0.6118620992637143,8.207250394509256,10.840909090909092,38.0,11.382954545454547,36.709103353867214,0.6487268993839836,10.919444293982057,11.587563704832961,1.0829498789563516
7258,Daron,Russell,Guard,Anadolu Efes Istanbul,EFS,FC Barcelona,BAR,away,10.7,0.005,False,19.0,0.4472217902682774,20.872430709438348,20.499754887656074,20.499754887656074,17.644085607531043,0.39599743420164285,0.45803200341320804,0.5698478561549102,79.57930869110298,0.9713488831066465,0.955,1,-3.2383906405487153,0.3927596216582184,7.255975992166879,,,,28.40520191649555,0.8978439425051336,6.730920387927141,6.995283762424527,0.6537648376097689
3815,Trent,Forrest,Guard,Fenerbahce Tarfin Istanbul,FBT,Virtus Bologna,VIR,home,10.6,0.023,False,61.0,0.7430289715829391,20.75961231832815,22.708776344721464,22.708776344721464,17.60065304531513,0.3954734373107418,0.4994870349197963,0.663584483132269,84.08511383883945,1.0200115787022004,1.045,1,6.715750981453553,0.7137416193840752,7.919930539075997,10.31578947368421,29.0,10.831578947368422,28.303901437371664,0.9008829568788501,9.974214807338447,10.686116030205884,1.008124153793008
3888,Sterling,Brown,Guard,Zalgiris Kaunas,ZAL,Crvena Zvezda Meridianbet Belgrade,CZV,away,10.6,0.037,False,100.0,0.8295870969292944,20.75961231832815,25.179235711838935,25.179235711838935,23.31659744132478,0.46443407281695404,0.41234805006429603,0.7420400028244184,81.23123149323949,0.9891896493697208,0.955,1,-4.182288691281983,0.3626243267137152,7.699737179199214,10.736842105263158,37.0,11.273684210526316,31.638603696098563,0.8008418891170431,8.99520609581789,9.321394151232596,0.8793768067200562
11494,Patrick,Baldwin Jr,Center,Crvena Zvezda Meridianbet Belgrade,CZV,Zalgiris Kaunas,ZAL,home,10.6,0.044,False,,0.0,20.75961231832815,20.75961231832815,20.75961231832815,18.491131329413246,0.4062167098343088,0.4062167098343088,0.35,79.86923629161679,0.9744801011921955,1.045,1,4.182288691281983,0.6373756732862847,7.060722137963455,,,,,0.94,7.1901572185497695,7.648440348370509,0.7215509762613688
11504,Johannes,Thiemann,Center,FC Bayern Munich,BAY,Hapoel IBI Tel Aviv,HTA,away,10.6,0.025,False,147.0,0.7560093510069861,20.75961231832815,19.387093070484287,19.387093070484287,19.402724855524408,0.4172147295015156,0.5235616473305904,0.37701442967002363,85.40476190476191,1.034263777814163,0.955,1,-8.766135192749648,0.23066760524707547,6.277633209192655,,,,32.64065708418891,0.6179671457905545,6.200555849931037,6.34358258684147,0.5984511874378745
7204,TJ,Leaf,Forward,Maccabi Rapyd Tel Aviv,MTA,LDLC ASVEL Villeurbanne,ASV,away,10.5,0.002,True,24.0,0.48144827176431826,20.645340266271266,19.413019108715147,0.0,0.0,0.1831284361633178,0.4266402162343342,0.1943069306930693,83.80559424073098,1.0169927670426289,0.955,0,0.7783277526979853,0.5260745044859986,0.0,7.921052631578948,24.0,8.317105263157895,29.420944558521562,0.7789527720739219,0.0,0.0,0.0
8808,Eugene,Omoruyi,Forward,Besiktas Istanbul,BJK,Valencia Basket,VBC,home,10.5,0.033,False,23.0,0.4971210178270599,20.645340266271266,20.4380987440057,20.4380987440057,24.038799266393003,0.4731471556200721,0.5104333085012055,0.34892541087231355,83.59465633667503,1.0147146376788245,1.045,1,1.8206091954137986,0.5607978535920614,10.567240643426311,6.7105263157894735,23.0,7.046052631578948,29.626283367556468,0.861211498973306,8.75151455003103,9.24229760756474,0.8802188197680705
11544,Trent,Frazier,Guard,Virtus Bologna,VIR,Fenerbahce Tarfin Istanbul,FBT,away,10.5,0.006,False,,0.0,20.645340266271266,20.645340266271266,20.645340266271266,23.597192194616454,0.46781933886681465,0.46781933886681465,0.35,79.64752553076217,0.9720856249749656,0.955,1,-6.715750981453553,0.2862583806159248,10.37686948050271,,,,,0.94,9.633281399797408,9.909042153149759,0.943718300299977
3804,Tadas,Sedekerskis,Forward,Kosner Baskonia Vitoria-Gasteiz,KBA,Olympiacos Piraeus,OLY,home,10.4,0.009,False,157.0,0.8289319973338312,20.529614553267706,20.77012854305554,20.77012854305554,25.68811752296752,0.4930455358780708,0.4768536303654177,0.5798941299895316,78.91970211455063,0.9642251320798811,1.045,1,-4.217236513868823,0.3615234551224682,10.8884475904273,3.4210526315789473,13.0,3.5921052631578947,28.70362765229295,0.8888911704312115,6.456809301409638,6.6902381021808885,0.6432921252097008
3822,Joel,Bolomboy,Center,LDLC ASVEL Villeurbanne,ASV,Maccabi Rapyd Tel Aviv,MTA,home,10.4,0.09,False,204.0,0.8148600539,20.529614553267706,17.510120654920737,17.510120654920737,18.711074682289826,0.40887024043903697,0.5111900777636207,0.4106874289768536,85.28902647908335,1.0330138352168343,1.045,1,-0.7783277526979853,0.47392549551400137,5.895091281154984,2.923076923076923,15.0,3.069230769230769,32.6735112936345,0.6163244353182751,4.438775108823409,4.649139978115843,0.44703269020344644
3833,Armoni,Brooks,Guard,Valencia Basket,VBC,Besiktas Istanbul,BJK,away,10.3,0.069,False,70.0,0.7288531360408497,20.412435179317466,19.482732971113585,19.482732971113585,21.64728322431679,0.4442944491101891,0.4469366494291021,0.2655218833108974,,1.0,0.955,1,-1.8206091954137986,0.43920214640793864,8.067436808682045,10.526315789473685,38.0,11.05263157894737,28.32306639288159,0.8338466803559206,9.113339808284962,9.513599648759328,0.923650451335857
3993,Matthew,Strazel,Guard,Anadolu Efes Istanbul,EFS,FC Barcelona,BAR,away,10.3,0.028,False,192.0,0.8403292545267392,20.412435179317466,16.62811166755378,16.62811166755378,8.47831876521225,0.2854160389751024,0.35217219552956586,0.27713609784170024,79.57930869110298,0.9713488831066465,0.955,1,-3.2383906405487153,0.3927596216582184,2.9858281339443162,11.046511627906977,43.0,11.598837209302326,24.15605749486653,1.0,7.256206861838522,7.5412013680114685,0.7321554726224726
4808,Bruno,Fernando,Center,Anadolu Efes Istanbul,EFS,FC Barcelona,BAR,away,10.3,0.032,False,49.0,0.6244010223334674,20.412435179317466,17.639221409152306,24.574315020712856,21.149546514683838,0.4382894502100911,0.49820695394185754,0.44615194970620864,79.57930869110298,0.9713488831066465,0.955,1,-3.2383906405487153,0.3927596216582184,8.888529907800958,9.5,37.0,9.975,28.128678986995208,0.8435660506502396,8.58567353978078,8.922884128897307,0.8662994299900297
7237,Nathan,Reuvers,Forward,Valencia Basket,VBC,Besiktas Istanbul,BJK,away,10.3,0.023,False,90.0,0.7344926380849663,20.412435179317466,16.840705084000444,16.840705084000444,18.34219977101053,0.4044199087804792,0.44639314028249466,0.39673063373675804,,1.0,0.955,1,-1.8206091954137986,0.43920214640793864,6.95853647901412,10.954545454545455,44.0,11.502272727272729,28.00273785078713,0.8498631074606434,8.935115480437942,9.327547670179055,0.9055871524445683
3792,Jordan,Loyd,Guard,Anadolu Efes Istanbul,EFS,FC Barcelona,BAR,away,10.2,0.009,False,193.0,0.8685900717863838,20.293802144420546,23.25752418601504,23.25752418601504,19.748539171048023,0.4213868440837188,0.47033888182851413,0.6204850924818995,79.57930869110298,0.9713488831066465,0.955,1,-3.2383906405487153,0.3927596216582184,7.009102685836258,9.631578947368421,34.0,10.113157894736842,33.18001368925393,0.754599589322382,7.961536751623063,8.274233767861611,0.8111993890060404
3946,Andreas,Obst,Guard,FC Bayern Munich,BAY,Hapoel IBI Tel Aviv,HTA,away,10.2,0.036,False,169.0,0.8427133309097788,20.293802144420546,20.640246497204423,20.640246497204423,20.874503572555835,0.4349711645924272,0.36006974358668065,0.42482651372301855,85.40476190476191,1.034263777814163,0.955,1,-8.766135192749648,0.23066760524707547,6.339755984478635,11.078947368421053,35.0,11.632894736842106,30.217659137577,0.8434702258726899,9.070517769196886,9.279745230414054,0.9097789441582407
7197,Oshae,Brissett,Forward,Maccabi Rapyd Tel Aviv,MTA,LDLC ASVEL Villeurbanne,ASV,away,10.2,0.014,False,36.0,0.6529000561868035,20.293802144420546,22.890946170390208,31.60577760884444,25.97706012218281,0.4965315154268945,0.44967891621290057,0.47430830039525695,83.80559424073098,1.0169927670426289,0.955,1,0.7783277526979853,0.5260745044859986,10.386315002483098,9.894736842105264,36.0,10.389473684210527,28.695414099931554,0.8891375770020534,9.801020196814191,10.31662688116382,1.0114340079572373
7362,Umoja,Gibson,Guard,FC Barcelona,BAR,Anadolu Efes Istanbul,EFS,home,10.2,0.003,False,20.0,0.4341855526806209,20.293802144420546,19.265448186173266,19.265448186173266,19.800414545104932,0.42201270020026604,0.45531063196198457,0.6027027027027027,81.50327139185147,0.9921276802747302,1.045,1,3.2383906405487153,0.6072403783417816,7.553200561782042,,,,28.243668720054757,0.8378165639972621,7.830957622851083,8.306484989818939,0.8143612735116608
3806,Duane,Washington,Guard,FC Bayern Munich,BAY,Hapoel IBI Tel Aviv,HTA,away,10.1,0.037,False,42.0,0.6110929103493402,20.173715448576946,17.873183246245336,17.873183246245336,16.6255993152338,0.38370979508111264,0.43500611182799254,0.2367942500865951,85.40476190476191,1.034263777814163,0.955,1,-8.766135192749648,0.23066760524707547,6.682022956576486,6.684210526315789,24.0,7.018421052631579,26.521560574948666,0.9239219712525667,6.601276889050646,6.753546962207663,0.6686680160601647
4340,Kyle,Allman,Guard,Partizan Mozzart Bet Belgrade,PAR,Armani Olimpia Milan,MIL,home,10.1,0.01,False,60.0,0.6351280518379235,20.173715448576946,17.4338715921195,17.4338715921195,19.257457565390716,0.4154621364124579,0.40112461521317316,0.40220687823925316,81.57101133892995,0.9928592717031777,1.045,1,2.133590616966191,0.5711463077269484,6.149310643139,,,,29.078713210130047,0.7960643394934976,6.3801430905216465,6.7445426074137504,0.6677764957835397
8368,Mamadi,Diakite,Center,Dubai Basketball,DUB,Real Madrid,RMB,home,10.1,0.006,False,37.0,0.6024950063435172,20.173715448576946,19.625869302977755,19.625869302977755,12.748164144015732,0.3369300549338844,0.4506931711691819,0.36734693877551017,80.18097815455228,0.9778469133118989,1.045,1,2.445666286151155,0.581416350337684,4.397616115120996,9.868421052631579,37.0,10.361842105263158,29.691991786447637,0.7654004106776181,7.847909429951896,8.304199715806229,0.8221979916639831
8721,Jared,Butler,Guard,Crvena Zvezda Meridianbet Belgrade,CZV,Zalgiris Kaunas,ZAL,home,10.1,0.172,False,32.0,0.5763284090337375,20.173715448576946,20.07630951210887,20.07630951210887,17.135639854688034,0.3898632348800109,0.4766785142388124,0.22033898305084745,79.86923629161679,0.9744801011921955,1.045,1,4.182288691281983,0.6373756732862847,7.898657804497588,8.871794871794872,32.0,9.315384615384616,26.099931553730322,0.9670020533880903,8.638039472955963,9.188607095450845,0.9097630787575094
11532,Ethan,Thompson,Guard,Partizan Mozzart Bet Belgrade,PAR,Armani Olimpia Milan,MIL,home,10.1,0.031,False,,0.0,20.173715448576946,20.173715448576946,20.173715448576946,22.50746495050806,0.4546722055016598,0.4546722055016598,0.35,81.57101133892995,0.9928592717031777,1.045,1,2.133590616966191,0.5711463077269484,9.619507605540877,,,,,0.94,9.980604094572616,10.550642612322576,1.0446180804279779
3940,Nick,Weiler-Babb,Guard,Crvena Zvezda Meridianbet Belgrade,CZV,Zalgiris Kaunas,ZAL,home,10.0,0.052,False,198.0,0.8840738382032065,20.05217509178667,24.69551822183941,24.69551822183941,22.08127737302978,0.4495304189216027,0.3834703020852324,0.6416146536964201,79.86923629161679,0.9744801011921955,1.045,1,4.182288691281983,0.6373756732862847,6.993262521635978,10.68421052631579,38.0,11.21842105263158,30.803559206023273,0.8258932238193017,9.376626578840938,9.974269946725219,0.9974269946725218
9064,Kessler,Edwards,Forward,Virtus Bologna,VIR,Fenerbahce Tarfin Istanbul,FBT,away,10.0,0.011,False,13.0,0.2660685125043577,20.05217509178667,17.117664634349012,17.117664634349012,17.57921242872573,0.3952147646499856,0.4039116820975656,0.219435736677116,79.64752553076217,0.9720856249749656,0.955,1,-6.715750981453553,0.2862583806159248,6.694396876107408,1.7380952380952381,14.0,1.8250000000000002,26.143737166324435,0.9428131416837783,3.4540031507635547,3.5528768856215422,0.3552876885621542
11505,Johnny,Juzang,Forward,Fenerbahce Tarfin Istanbul,FBT,Virtus Bologna,VIR,home,10.0,0.01,False,,0.0,20.05217509178667,20.05217509178667,20.05217509178667,15.469791356624773,0.3697654237180078,0.3697654237180078,0.35,84.08511383883945,1.0200115787022004,1.045,1,6.715750981453553,0.7137416193840752,5.376982318462842,,,,,0.94,5.73139051335801,6.140463707990677,0.6140463707990678
11511,Chris,Duarte,Guard,Kosner Baskonia Vitoria-Gasteiz,KBA,Olympiacos Piraeus,OLY,home,10.0,0.006,False,,0.0,20.05217509178667,20.05217509178667,20.05217509178667,22.95987462040585,0.460130351379896,0.460130351379896,0.35,78.91970211455063,0.9642251320798811,1.045,1,-4.217236513868823,0.3615234551224682,9.930663066122158,,,,,0.94,10.006287677368194,10.368038446775346,1.0368038446775345
4180,Devon,Dotson,Guard,Besiktas Istanbul,BJK,Valencia Basket,VBC,home,9.9,0.006,False,38.0,0.5498775282725504,19.929181074049712,16.881945708895334,16.881945708895334,16.976572695339556,0.3879441517614808,0.4107378570299375,0.466368566263914,83.59465633667503,1.0147146376788245,1.045,1,1.8206091954137986,0.5607978535920614,6.218117892045336,,,,27.16495550992471,0.8917522245037646,6.593547929845194,6.96331268250655,0.703364917424904
11491,David,Dejulius,Guard,Besiktas Istanbul,BJK,Valencia Basket,VBC,home,9.9,0.022,False,21.0,0.3380698071890239,19.929181074049712,16.79556904344136,16.79556904344136,15.805393024932178,0.37381432670236514,0.3399428344386568,0.3157821423596601,83.59465633667503,1.0147146376788245,1.045,1,1.8206091954137986,0.5607978535920614,4.796470970944199,,,,27.145790554414784,0.8927104722792608,5.086066522072481,5.37129204095295,0.5425547516114091
11515,Tremont,Waters,Guard,LDLC ASVEL Villeurbanne,ASV,Maccabi Rapyd Tel Aviv,MTA,home,9.9,0.003,False,,0.0,19.929181074049712,19.929181074049712,19.929181074049712,22.964372914827685,0.46018462154428746,0.46018462154428746,0.35,85.28902647908335,1.0330138352168343,1.045,1,-0.7783277526979853,0.47392549551400137,9.511066132930678,,,,,0.9,10.267190733613749,10.753779079210213,1.0862403110313346
11545,Marcus,Carr,Guard,Virtus Bologna,VIR,Fenerbahce Tarfin Istanbul,FBT,away,9.9,0.003,False,11.0,0.21694100848987885,19.929181074049712,19.039195660441845,19.039195660441845,20.775993154827148,0.4337826748976542,0.3723106584014752,0.353442999771074,79.64752553076217,0.9720856249749656,0.955,1,-6.715750981453553,0.2862583806159248,6.837457556461761,,,,27.32101300479124,0.883949349760438,6.34749746292235,6.529199897392334,0.6595151411507408
11546,Bobi,Klintman,Center,Virtus Bologna,VIR,Fenerbahce Tarfin Istanbul,FBT,away,9.9,0.003,False,,0.0,19.929181074049712,19.929181074049712,19.929181074049712,22.18768100548861,0.4508141371676467,0.4508141371676466,0.35,79.64752553076217,0.9720856249749656,0.955,1,-6.715750981453553,0.2862583806159248,9.002268241416298,,,,,0.9,8.357181649915221,8.596412978477007,0.8683245432805057
3850,Theo,Maledon,Guard,Real Madrid,RMB,Dubai Basketball,DUB,away,9.8,0.077,False,111.0,0.7772102692732737,19.804733395366075,20.334949399052448,20.334949399052448,18.799572303966865,0.40993792966216824,0.6015672072506764,0.45981043909111874,88.00000000000001,1.0622923492427345,0.955,1,-2.445666286151155,0.418583649662316,11.206331909629908,9.681818181818182,38.0,10.165909090909091,25.30321697467488,0.9909034907597536,10.440741000045255,10.877773347343048,1.109976872177862
11508,Jacob,Toppin,Forward,Hapoel IBI Tel Aviv,HTA,FC Bayern Munich,BAY,home,9.8,0.003,False,,0.0,19.804733395366075,19.804733395366075,19.804733395366075,13.921974759903074,0.35109162132211574,0.35109162132211574,0.35,81.9984540697545,0.9974756531960829,1.045,1,8.766135192749648,0.7693323947529245,4.39909982141395,,,,,0.9,4.585454741392435,4.938228629115094,0.5039008805219484
11529,Alize,Johnson,Forward,Paris Basketball,PBB,Panathinaikos AKTOR Athens,PAO,away,9.8,0.002,False,,0.0,19.804733395366075,19.804733395366075,19.804733395366075,19.276904732335385,0.4156967588822349,0.41569675888223484,0.35,82.41060349139468,1.001926866949797,0.955,1,-3.381689824450132,0.38813790073628573,7.212012136662092,,,,,0.9,6.900742831887721,7.168586815516707,0.7314884505629292
3860,Devin,Booker,Center,Armani Olimpia Milan,MIL,Partizan Mozzart Bet Belgrade,PAR,away,9.7,0.016,False,211.0,0.8708851514029393,19.678832055735754,22.65807673661027,22.65807673661027,23.584337566181713,0.46766425279797974,0.4822692299121729,0.727777881702503,83.57377072261507,1.0144890730469769,0.955,1,-2.133590616966191,0.4288536922730516,7.760711632472284,9.078947368421053,36.0,9.532894736842106,35.58932238193019,0.6823203285420943,8.28515846309907,8.640470542895805,0.8907701590614233
3914,Nigel,Williams-Goss,Guard,Zalgiris Kaunas,ZAL,Crvena Zvezda Meridianbet Belgrade,CZV,away,9.7,0.036,False,189.0,0.853776569153141,19.678832055735754,21.293485077560433,21.293485077560433,18.78024746257242,0.40970478300235325,0.3977534074143201,0.5744934685428484,81.23123149323949,0.9891896493697208,0.955,1,-4.182288691281983,0.3626243267137152,5.892023690694892,8.095238095238095,31.0,8.5,32.04106776180698,0.7887679671457907,6.814848465199424,7.061971448834317,0.7280382936942595
4210,Anthony,Brown,Forward,Besiktas Istanbul,BJK,Valencia Basket,VBC,home,9.7,0.008,False,75.0,0.7001416012499486,19.678832055735754,20.13884046920385,20.13884046920385,22.69812483159889,0.45697244246245694,0.36134180086271755,0.6919730796216738,83.59465633667503,1.0147146376788245,1.045,1,1.8206091954137986,0.5607978535920614,5.993700098303234,,,,33.973990417522245,0.7307802874743327,6.355580508667539,6.712000099426769,0.6919587731367803
11492,Jaylen,Nowell,Guard,Besiktas Istanbul,BJK,Valencia Basket,VBC,home,9.7,0.014,False,,0.0,19.678832055735754,19.678832055735754,19.678832055735754,19.441369084973502,0.4176809570287319,0.41768095702873187,0.35,83.59465633667503,1.0147146376788245,1.045,1,1.8206091954137986,0.5607978535920614,7.308260680824479,,,,,0.9,7.749510047801445,8.184100907921161,0.8437217430846559
3841,Tomas,Satoransky,Guard,Hapoel IBI Tel Aviv,HTA,FC Bayern Munich,BAY,home,9.6,0.004,False,151.0,0.8625602875536055,19.55147705515876,23.709914922026545,25.20174894391298,19.114071947653848,0.41373224496556277,0.4439318124116966,0.8283503145363346,81.9984540697545,0.9974756531960829,1.045,1,8.766135192749648,0.7693323947529245,5.959778482983856,10.125,37.0,10.63125,34.92128678986995,0.7023613963039015,8.817248284779925,9.49558775858601,0.9891237248527095
3875,Marko,Guduric,Guard,Armani Olimpia Milan,MIL,Partizan Mozzart Bet Belgrade,PAR,away,9.6,0.039,False,231.0,0.8775328070678684,19.55147705515876,21.758156503999906,21.758156503999906,21.207806757075,0.4389923372680627,0.48799867955764437,0.3938638524498825,83.57377072261507,1.0144890730469769,0.955,1,-2.133590616966191,0.4288536922730516,8.310319735826093,10.263157894736842,35.0,10.776315789473685,31.567419575633128,0.8029774127310062,9.186534973971797,9.580502918250131,0.9979690539843887
4675,Antonio,Blakeney,Guard,Hapoel IBI Tel Aviv,HTA,FC Bayern Munich,BAY,home,9.6,0.011,False,58.0,0.7077498170514311,19.55147705515876,20.038609879200877,21.299444431640776,15.545005296001046,0.37067285050507287,0.43206588414333347,0.20462751455309117,81.9984540697545,0.9974756531960829,1.045,1,8.766135192749648,0.7693323947529245,5.7109273003576195,10.214285714285714,41.0,10.725,29.99041752224504,0.8502874743326488,8.769331896991284,9.443985007860835,0.9837484383188371
7422,Ercan,Osmani,Forward,Anadolu Efes Istanbul,EFS,FC Barcelona,BAR,away,9.6,0.027,False,98.0,0.7783340379905695,19.55147705515876,18.01712918148873,18.01712918148873,12.329845719457253,0.3318832066087592,0.4078985688109244,0.7125737837749698,79.57930869110298,0.9713488831066465,0.955,1,-3.2383906405487153,0.3927596216582184,4.234995777847899,10.763157894736842,36.0,11.301315789473685,28.15879534565366,0.8420602327173169,7.562007258030173,7.859012368994236,0.8186471217702329
8714,Kobi,Simmons,Guard,Kosner Baskonia Vitoria-Gasteiz,KBA,Olympiacos Piraeus,OLY,home,9.6,0.006,False,31.0,0.5936507936507937,19.55147705515876,21.044326668892673,21.044326668892673,24.553428611046563,0.4793559575605232,0.4849192462468157,0.46278317152103565,78.91970211455063,0.9642251320798811,1.045,1,-4.217236513868823,0.3615234551224682,10.390866231231048,8.842105263157896,31.0,9.28421052631579,29.242984257357975,0.8727104722792608,9.53366229650031,9.87832654984047,1.0289923489417157
4280,Marek,Blazevic,Center,Zalgiris Kaunas,ZAL,Crvena Zvezda Meridianbet Belgrade,CZV,away,9.5,0.002,False,66.0,0.47466649909851844,19.42266839363508,11.685914319454367,11.685914319454367,6.733344090328367,0.26436360141006154,0.33949533073504284,0.3527697511242321,81.23123149323949,0.9891896493697208,0.955,1,-4.182288691281983,0.3626243267137152,2.276629271554968,,,,25.08145106091718,0.995927446954141,2.1506772958849583,2.2286660865248336,0.2345964301605088
4884,Jimmy,Clark III,Guard,Maccabi Rapyd Tel Aviv,MTA,LDLC ASVEL Villeurbanne,ASV,away,9.5,0.024,False,45.0,0.6459555063433708,19.42266839363508,19.539662202912837,19.539662202912837,15.79447777553016,0.37368263848370475,0.4169498406520808,0.5040188712213874,83.80559424073098,1.0169927670426289,0.955,1,0.7783277526979853,0.5260745044859986,6.423459198088996,8.368421052631579,37.0,8.786842105263158,25.492128678986994,0.9753935660506503,7.372044979590302,7.759869470558948,0.8168283653219945
8730,Kenneth,Faried,Center,Kosner Baskonia Vitoria-Gasteiz,KBA,Olympiacos Piraeus,OLY,home,9.5,0.019,False,42.0,0.5091772903467732,19.42266839363508,15.073489174274512,15.073489174274512,14.676816897903644,0.3601984967458387,0.4586785616143352,0.3386514271648257,78.91970211455063,0.9642251320798811,1.045,1,-4.217236513868823,0.3615234551224682,2.7381629678422685,6.0,35.0,6.300000000000001,36.865160848733744,0.4067419575633128,4.731020866501923,4.902058367493349,0.5160061439466683
11516,Jae,Crowder,Forward,LDLC ASVEL Villeurbanne,ASV,Maccabi Rapyd Tel Aviv,MTA,home,9.5,0.023,False,,0.0,19.42266839363508,19.42266839363508,19.42266839363508,21.673056751634242,0.44460539664569854,0.4446053966456985,0.35,85.28902647908335,1.0330138352168343,1.045,1,-0.7783277526979853,0.47392549551400137,8.672362194226567,,,,,0.9,9.361810286526602,9.80549034442162,1.0321568783601707
3907,Jaron,Blossomgame,Forward,Dubai Basketball,DUB,Real Madrid,RMB,home,9.4,0.034,False,179.0,0.8657766344769113,19.292406071164727,21.302017845080695,21.302017845080695,14.628892650555388,0.3596203094290412,0.3762443957031376,0.5841185015544804,80.18097815455228,0.9778469133118989,1.045,1,2.445666286151155,0.581416350337684,4.176401407640618,10.534883720930232,43.0,11.061627906976744,33.040383299110196,0.7587885010266942,8.166105064578316,8.640895764890436,0.9192442303074931
4360,Evan,Fournier,Guard,Olympiacos Piraeus,OLY,Kosner Baskonia Vitoria-Gasteiz,KBA,away,9.4,0.057,False,76.0,0.7798087010105611,19.292406071164727,22.56376965864398,22.56376965864398,16.632439877303373,0.38379232378938116,0.434080684201755,0.5089975902106219,84.59918244028657,1.0255635195978292,0.955,1,4.217236513868823,0.6384765448775318,5.287369851178792,8.162790697674419,39.0,8.57093023255814,33.921971252566735,0.7323408624229979,6.868254633116281,7.306776581865399,0.7773166576452551
7220,Ebuka,Izundu,Center,Crvena Zvezda Meridianbet Belgrade,CZV,Zalgiris Kaunas,ZAL,home,9.4,0.023,False,33.0,0.5022626311226881,19.292406071164727,16.144883192023745,16.144883192023745,10.246023415909795,0.3067427048160946,0.513350247740195,0.1605316973415133,79.86923629161679,0.9744801011921955,1.045,1,4.182288691281983,0.6373756732862847,3.876806424261669,8.743589743589743,34.0,9.180769230769231,30.258726899383984,0.7370636550308007,6.9214747543049,7.362632717470811,0.7832587997309374
11499,Tosan,Evbuomwan,Forward,FC Barcelona,BAR,Anadolu Efes Istanbul,EFS,home,9.4,0.006,False,,0.0,19.292406071164727,19.292406071164727,19.292406071164727,18.781330564526687,0.4097178502041855,0.4097178502041855,0.35,81.50327139185147,0.9921276802747302,1.045,1,3.2383906405487153,0.6072403783417816,6.925541744584833,,,,,0.9,7.180217640657292,7.6162294483262,0.810237175353851
11518,Mathis,Dossou-yovo,Forward,LDLC ASVEL Villeurbanne,ASV,Maccabi Rapyd Tel Aviv,MTA,home,9.4,0.002,False,4.0,0.05075156744647425,19.292406071164727,15.796513631625078,15.796513631625078,14.39645248617413,0.35681600967691446,0.34899451778361357,0.27152831652443754,85.28902647908335,1.0330138352168343,1.045,1,-0.7783277526979853,0.47392549551400137,4.798173063841293,,,,25.900068446269678,0.9549965776865161,5.179625220854878,5.425100865791924,0.5771383899778643
3981,Mouhamet,Diouf,Center,Virtus Bologna,VIR,Fenerbahce Tarfin Istanbul,FBT,away,9.3,0.006,False,64.0,0.6862683889617062,19.160690087747692,17.859951407146514,17.859951407146514,16.778558455487566,0.38555518733610855,0.4898013794068675,0.43117214947301186,79.64752553076217,0.9720856249749656,0.955,1,-6.715750981453553,0.2862583806159248,8.218161075956571,9.078947368421053,33.0,9.532894736842106,24.97741273100616,1.0,8.108724537770168,8.340843573274439,0.8968649003520901
11517,Tyty,Washington,Guard,LDLC ASVEL Villeurbanne,ASV,Maccabi Rapyd Tel Aviv,MTA,home,9.3,0.008,False,,0.0,19.160690087747692,19.160690087747692,19.160690087747692,20.581151563118965,0.43143198723235465,0.43143198723235465,0.35,85.28902647908335,1.0330138352168343,1.045,1,-0.7783277526979853,0.47392549551400137,7.991430406566028,,,,,0.9,8.626744790947182,9.03558822091943,0.9715686259053149
11530,Maozinha,Pereira,Forward,Paris Basketball,PBB,Panathinaikos AKTOR Athens,PAO,away,9.3,0.002,False,,0.0,19.160690087747692,19.160690087747692,19.160690087747692,16.931064961848854,0.38739511874006843,0.38739511874006843,0.35,82.41060349139468,1.001926866949797,0.955,1,-3.381689824450132,0.38813790073628573,5.903110729162124,,,,,0.9,5.648333402411417,5.867566629358477,0.6309211429417717
11489,Jason,Burnell,Forward,Armani Olimpia Milan,MIL,Partizan Mozzart Bet Belgrade,PAR,away,9.2,0.003,False,,0.0,19.027520443383978,19.027520443383978,19.027520443383978,16.646068232894475,0.3839567445740065,0.3839567445740065,0.35,83.57377072261507,1.0144890730469769,0.955,1,-2.133590616966191,0.4288536922730516,5.752233151793054,,,,,0.9,5.572976682597557,5.811975845325915,0.63173650492673
3845,Joffrey,Lauvergne,Center,Partizan Mozzart Bet Belgrade,PAR,Armani Olimpia Milan,MIL,home,9.1,0.012,False,139.0,0.7659380565498441,18.892897138073582,19.39876075141636,19.39876075141636,21.122189278460525,0.4379593958455017,0.5371208943794705,0.537416696763965,81.57101133892995,0.9928592717031777,1.045,1,2.133590616966191,0.5711463077269484,5.670643261973665,,,,35.00342231348392,0.4998288843258042,5.883507522434431,6.219541882226646,0.683466140904027
3856,Isaia,Cordinier,Guard,Anadolu Efes Istanbul,EFS,FC Barcelona,BAR,away,9.1,0.008,False,153.0,0.8448717434490481,18.892897138073582,22.22983028353663,22.22983028353663,16.355103787372787,0.38044637223957734,0.41612238311175836,0.6629784693435218,79.57930869110298,0.9713488831066465,0.955,1,-3.2383906405487153,0.3927596216582184,5.817567067808877,6.842105263157895,30.0,7.184210526315789,29.83983572895277,0.8548049281314168,5.966837796591129,6.201191092139638,0.6814495705647954
11500,Stanley,Umude,Guard,FC Barcelona,BAR,Anadolu Efes Istanbul,EFS,home,9.1,0.002,False,,0.0,18.892897138073582,18.892897138073582,18.892897138073582,17.48605566470079,0.3940908646950898,0.3940908646950898,0.35,81.50327139185147,0.9921276802747302,1.045,1,3.2383906405487153,0.6072403783417816,6.2019853173075665,,,,,0.9,6.430053564726415,6.8205123806666546,0.7495068550183137
11534,Olivier,Sarr,Center,Real Madrid,RMB,Dubai Basketball,DUB,away,9.1,0.003,False,,0.0,18.892897138073582,18.892897138073582,18.892897138073582,16.197661207061753,0.3785468890322938,0.37854688903229383,0.35,88.00000000000001,1.0622923492427345,0.955,1,-2.445666286151155,0.418583649662316,5.518416833579066,,,,,0.9,5.598374243042407,5.832713035325227,0.6409574764093656
11536,Damian,Jones,Center,Real Madrid,RMB,Dubai Basketball,DUB,away,9.1,0.002,False,,0.0,18.892897138073582,18.892897138073582,18.892897138073582,13.153633127402367,0.3418218797724746,0.3418218797724746,0.35,88.00000000000001,1.0622923492427345,0.955,1,-2.445666286151155,0.418583649662316,4.046579641301554,,,,,0.9,4.1052113168460265,4.277048750410072,0.47000535718791997
3803,Gabriel,Deck,Forward,Real Madrid,RMB,Dubai Basketball,DUB,away,9.0,0.008,False,226.0,0.8694421689336137,18.75682017181651,21.361007330917676,21.361007330917676,18.28349932202712,0.40371171080199253,0.4429390574154458,0.4680954656218431,88.00000000000001,1.0622923492427345,0.955,1,-2.445666286151155,0.418583649662316,6.484268438409427,8.136363636363637,41.0,8.54318181818182,31.644079397672826,0.8006776180698152,7.583839893694588,7.901287031810323,0.8779207813122581
3859,Vladimir,Lucic,Forward,FC Bayern Munich,BAY,Hapoel IBI Tel Aviv,HTA,away,9.0,0.012,False,204.0,0.8710251043955599,18.75682017181651,25.03388390968829,25.03388390968829,24.984078589230606,0.4845515812613136,0.46994955899830665,0.8380070285276351,85.40476190476191,1.034263777814163,0.955,1,-8.766135192749648,0.23066760524707547,7.412421718733158,9.263157894736842,33.0,9.726315789473684,37.28952772073922,0.6313141683778234,8.418218921510126,8.612399961417161,0.9569333290463512
7194,Chuma,Okeke,Forward,Real Madrid,RMB,Dubai Basketball,DUB,away,9.0,0.016,False,43.0,0.6206580160888419,18.75682017181651,18.206788743348017,18.206788743348017,13.830776822542838,0.34999135384547475,0.40845320132692864,0.6047745358090186,88.00000000000001,1.0622923492427345,0.955,1,-2.445666286151155,0.418583649662316,4.767814491834898,7.7727272727272725,43.0,8.161363636363637,28.12046543463381,0.8439767282683095,6.665967204930578,6.9449936930474925,0.7716659658941658
8762,Jared,Rhoden,Guard,Paris Basketball,PBB,Panathinaikos AKTOR Athens,PAO,away,9.0,0.008,False,26.0,0.5409962103499617,18.75682017181651,20.109000081623048,20.109000081623048,18.42038243481356,0.4053631520676584,0.38894289800885684,0.6104513064133017,82.41060349139468,1.001926866949797,0.955,1,-3.381689824450132,0.38813790073628573,6.713865164281606,5.473684210526316,26.0,5.747368421052632,27.096509240246405,0.9371047227926078,5.712102840362266,5.933811200887064,0.6593123556541182
11490,Garrison,Mathews,Guard,Armani Olimpia Milan,MIL,Partizan Mozzart Bet Belgrade,PAR,away,9.0,0.006,False,,0.0,18.75682017181651,18.75682017181651,18.75682017181651,15.369901828278993,0.36856029559255765,0.36856029559255765,0.35,83.57377072261507,1.0144890730469769,0.955,1,-2.133590616966191,0.4288536922730516,5.098262004953188,,,,,0.9,4.93938519625558,5.151212554152886,0.5723569504614319
11537,Gonzalo,Corbalan,Guard,Valencia Basket,VBC,Besiktas Istanbul,BJK,away,9.0,0.002,False,,0.0,18.75682017181651,18.75682017181651,18.75682017181651,20.335176244953118,0.4284643911389774,0.4284643911389774,0.35,,1.0,0.955,1,-1.8206091954137986,0.43920214640793864,7.841609017647871,,,,,0.9,7.488736611853716,7.817643531234702,0.868627059026078
4124,Kevin,Kokila,Center,Virtus Bologna,VIR,Fenerbahce Tarfin Istanbul,FBT,away,8.9,0.002,False,83.0,0.6585219587515173,18.619289544612755,14.651974665085298,14.651974665085298,10.827987586400008,0.313763875117693,0.32613020612796495,0.7532212126896697,79.64752553076217,0.9720856249749656,0.955,1,-6.715750981453553,0.2862583806159248,3.517919105693656,,,,25.075975359342916,0.9962012320328542,3.2658312558084583,3.3593184124737183,0.3774515070195189
7203,Miles,Norris,Forward,FC Bayern Munich,BAY,Hapoel IBI Tel Aviv,HTA,away,8.9,0.003,False,36.0,0.4864563562794619,18.619289544612755,14.13522968125911,14.13522968125911,8.010564701389397,0.27977276898032155,0.3281018882470769,0.2916274694261524,85.40476190476191,1.034263777814163,0.955,1,-8.766135192749648,0.23066760524707547,2.436242362750237,4.225,39.0,4.43625,26.46132785763176,0.9269336071184121,3.4664070180764956,3.5463657986436314,0.39846806726332934
3853,Jerian,Grant,Guard,Panathinaikos AKTOR Athens,PAO,Paris Basketball,PBB,home,8.8,0.015,False,172.0,0.8732831231013599,18.48030525646232,22.88146422500272,29.269347181873272,18.415797913343845,0.40530784160762934,0.3733332332810613,0.6599341166067073,88.49288762446658,1.0676155355869732,1.045,1,3.381689824450132,0.6118620992637143,5.02371740106287,7.931818181818182,42.0,8.32840909090909,33.97672826830938,0.7306981519507186,7.551419637255166,8.013462384422384,0.9106207255025436
3884,Neal,Sako,Center,Valencia Basket,VBC,Besiktas Istanbul,BJK,away,8.8,0.012,False,89.0,0.7196463443852581,18.48030525646232,16.180594185569696,16.180594185569696,13.163919346054092,0.34194597898094026,0.46151039107478115,0.5665039726496451,,1.0,0.955,1,-1.8206091954137986,0.43920214640793864,5.123241328502814,5.886363636363637,42.0,6.180681818181819,28.134154688569474,0.8432922655715263,5.329964551124438,5.564057738237645,0.632279288436096
3930,Yam,Madar,Guard,Maccabi Rapyd Tel Aviv,MTA,LDLC ASVEL Villeurbanne,ASV,away,8.8,0.045,False,121.0,0.7135189054440545,18.48030525646232,11.946767452132818,11.946767452132818,10.137665508103014,0.3054354090016539,0.36694978961678015,0.3397830962491333,83.80559424073098,1.0169927670426289,0.955,1,0.7783277526979853,0.5260745044859986,3.5755167529247993,1.2142857142857142,28.0,1.275,25.776865160848732,0.9611567419575634,2.0966659651349104,2.206966216003011,0.2507916154548876
4108,Dj,Stewart,Guard,Kosner Baskonia Vitoria-Gasteiz,KBA,Olympiacos Piraeus,OLY,home,8.8,0.004,False,55.0,0.6606953972721471,18.48030525646232,19.00651778690872,19.00651778690872,20.301681227946943,0.42806028684771635,0.3592501757713065,0.7525775328500977,78.91970211455063,0.9642251320798811,1.045,1,-4.217236513868823,0.3615234551224682,6.498898064467907,,,,27.17864476386037,0.8910677618069816,6.5483888825915875,6.785128500023594,0.7710373295481356
8463,Kai,Jones,Center,Anadolu Efes Istanbul,EFS,FC Barcelona,BAR,away,8.8,0.024,False,36.0,0.5418378411399074,18.48030525646232,16.37822037828143,22.81753472665827,17.608631232142134,0.39556969101715667,0.4402112239117075,0.18561710398445092,79.57930869110298,0.9713488831066465,0.955,1,-3.2383906405487153,0.3927596216582184,7.481195547893297,7.0,37.0,7.3500000000000005,25.697467488021903,0.9651266255989048,6.672017429124713,6.934067333240719,0.7879621969591726
11501,Tyrese,Martin,Forward,FC Barcelona,BAR,Anadolu Efes Istanbul,EFS,home,8.8,0.012,False,,0.0,18.48030525646232,18.48030525646232,18.48030525646232,16.193039510393607,0.3784911300680227,0.3784911300680227,0.35,81.50327139185147,0.9921276802747302,1.045,1,3.2383906405487153,0.6072403783417816,5.516029641172516,,,,,0.9,5.718872948373181,6.066146005659053,0.6893347733703469
11512,Aj,Lawson,Guard,Kosner Baskonia Vitoria-Gasteiz,KBA,Olympiacos Piraeus,OLY,home,8.8,0.005,False,,0.0,18.48030525646232,18.48030525646232,18.48030525646232,16.502338271930135,0.38222269876063175,0.38222269876063175,0.35,78.91970211455063,0.9642251320798811,1.045,1,-4.217236513868823,0.3615234551224682,5.6768114431421965,,,,,0.9,5.720041855416401,5.9268347849179275,0.6735039528315826
11519,Hugo,Besson,Guard,LDLC ASVEL Villeurbanne,ASV,Maccabi Rapyd Tel Aviv,MTA,home,8.8,0.002,False,,0.0,18.48030525646232,18.48030525646232,18.48030525646232,16.87281251721605,0.38669232575900425,0.38669232575900425,0.35,85.28902647908335,1.0330138352168343,1.045,1,-0.7783277526979853,0.47392549551400137,5.872128402940122,,,,,0.9,6.3389594271151894,6.639378875869061,0.7544748722578477
3831,Darius,Thompson,Guard,Armani Olimpia Milan,MIL,Partizan Mozzart Bet Belgrade,PAR,away,8.7,0.016,False,164.0,0.8665979219452177,18.339867307365207,22.784291455219023,22.784291455219023,20.643944898694816,0.4321895642881931,0.47740886927437315,0.6566336752419359,83.57377072261507,1.0144890730469769,0.955,1,-2.133590616966191,0.4288536922730516,7.959967327779019,9.886363636363637,44.0,10.380681818181818,31.411362080766597,0.8076591375770021,8.831729868533849,9.210481864861743,1.05867607642089
3881,Leandro,Bolmaro,Guard,Armani Olimpia Milan,MIL,Partizan Mozzart Bet Belgrade,PAR,away,8.7,0.007,False,120.0,0.784369816372273,18.339867307365207,18.10564618361155,18.10564618361155,7.806305223977945,0.27730845820425903,0.39626185400205577,0.5249459305491864,83.57377072261507,1.0144890730469769,0.955,1,-2.133590616966191,0.4288536922730516,2.9304165535228637,8.131578947368421,29.0,8.538157894736843,26.053388090349078,0.9473305954825462,5.862543516434433,6.113960859747868,0.7027541218100999
4257,Jaime,Pradilla,Forward,Real Madrid,RMB,Dubai Basketball,DUB,away,8.7,0.014,False,163.0,0.7977527629747129,18.339867307365207,15.022783423959698,15.022783423959698,9.701230410936478,0.3001699901010028,0.39344898580841065,0.4455111780455114,88.00000000000001,1.0622923492427345,0.955,1,-2.445666286151155,0.418583649662316,3.675469546037872,9.295454545454545,44.0,9.760227272727272,25.741273100616016,0.9629363449691992,7.149572565406916,7.448841983202276,0.8561887337014111
7338,Both,Gach,Forward,LDLC ASVEL Villeurbanne,ASV,Maccabi Rapyd Tel Aviv,MTA,home,8.7,0.019,False,24.0,0.505287888097555,18.339867307365207,19.19179210760654,19.19179210760654,18.364112620164644,0.4046842787425933,0.3922658000823922,0.6782178217821782,85.28902647908335,1.0330138352168343,1.045,1,-0.7783277526979853,0.47392549551400137,6.248308687288345,,,,27.652292950034223,0.8673853524982889,6.745045840104744,7.064710759308373,0.8120357194607326
11488,Santi,Yusta,Forward,Anadolu Efes Istanbul,EFS,FC Barcelona,BAR,away,8.7,0.006,False,6.0,0.030448317808997424,18.339867307365207,17.103717574754384,17.103717574754384,8.731491371112984,0.2884704675325017,0.28827332058387584,0.34017163367816294,79.57930869110298,0.9713488831066465,0.955,1,-3.2383906405487153,0.3927596216582184,1.9599786250115716,,,,29.426420260095824,0.7786789869952088,1.8181510111435857,1.8895606414690118,0.2171908783297715
11538,Mo,Gueye,Forward,Valencia Basket,VBC,Besiktas Istanbul,BJK,away,8.7,0.003,False,,0.0,18.339867307365207,18.339867307365207,18.339867307365207,17.908403351465626,0.3991863244942115,0.3991863244942115,0.35,,1.0,0.955,1,-1.8206091954137986,0.43920214640793864,6.433910740288244,,,,,0.9,6.144384756975273,6.414247454337248,0.7372698223376148
11547,Wendell,Moore Jr,Guard,Virtus Bologna,VIR,Fenerbahce Tarfin Istanbul,FBT,away,8.7,0.006,False,,0.0,18.339867307365207,18.339867307365207,18.339867307365207,15.814679458585964,0.3739263638955188,0.3739263638955188,0.35,79.64752553076217,0.9720856249749656,0.955,1,-6.715750981453553,0.2862583806159248,5.322173027509981,,,,,0.9,4.940795538456707,5.082229951436007,0.5841643622340239
3892,Rokas,Jokubaitis,Guard,FC Bayern Munich,BAY,Hapoel IBI Tel Aviv,HTA,away,8.6,0.049,False,193.0,0.8093897328470706,18.197975697321418,16.437491056022715,16.437491056022715,12.492027603668049,0.3338398676656056,0.437978738106165,0.22587424419214044,85.40476190476191,1.034263777814163,0.955,1,-8.766135192749648,0.23066760524707547,5.234754489659998,,,,25.864476386036962,0.9567761806981518,5.170481691457157,5.289747954431384,0.6150869714455098
4670,Saben,Lee,Guard,Zalgiris Kaunas,ZAL,Crvena Zvezda Meridianbet Belgrade,CZV,away,8.6,0.024,False,48.0,0.6190766417796739,18.197975697321418,15.857995370184195,15.857995370184195,10.181061118298024,0.3059589600808626,0.41855723757460866,0.17194463992493547,81.23123149323949,0.9891896493697208,0.955,1,-4.182288691281983,0.3626243267137152,3.7767405029569794,5.0,33.0,5.25,27.274469541409992,0.8862765229295004,4.261146963946577,4.415666518829508,0.5134495952127335
11493,Mady,Sissoko,Center,Besiktas Istanbul,BJK,Valencia Basket,VBC,home,8.6,0.004,False,,0.0,18.197975697321418,18.197975697321418,18.197975697321418,15.305797590334764,0.36778690301190875,0.36778690301190875,0.35,83.59465633667503,1.0147146376788245,1.045,1,1.8206091954137986,0.5607978535920614,5.066344704488723,,,,,0.9,5.3722343670740145,5.6735081172788755,0.6597102461952181
4081,Conor,Morgan,Forward,Besiktas Istanbul,BJK,Valencia Basket,VBC,home,8.5,0.004,False,118.0,0.720401525000184,18.054630426330945,15.823139756241835,15.823139756241835,11.11823758616633,0.31726562794326924,0.31780108024031295,0.5104219620071978,83.59465633667503,1.0147146376788245,1.045,1,1.8206091954137986,0.5607978535920614,2.2681641727030737,,,,32.16153319644079,0.6419233401779603,2.4051086591020123,2.539986636470021,0.2988219572317672
7210,Omari,Moore,Guard,Valencia Basket,VBC,Besiktas Istanbul,BJK,away,8.5,0.018,False,43.0,0.6118555488079519,18.054630426330945,17.535575158148287,17.535575158148287,15.195904827857975,0.3664610897756528,0.4177253628077669,0.3642793987621574,,1.0,0.955,1,-1.8206091954137986,0.43920214640793864,6.019467179464525,7.590909090909091,43.0,7.970454545454546,26.034223134839152,0.9482888432580424,6.649027371646357,6.941054080961577,0.8165945977601856
7268,Rj,Cole,Guard,Armani Olimpia Milan,MIL,Partizan Mozzart Bet Belgrade,PAR,away,8.5,0.003,False,18.0,0.4235344288802103,18.054630426330945,18.55456653049912,18.55456653049912,11.759665184176512,0.32500420126124707,0.34209750702491587,0.631728045325779,83.57377072261507,1.0144890730469769,0.955,1,-2.133590616966191,0.4288536922730516,3.5995921895121477,,,,27.104722792607802,0.8947638603696099,3.4874183312194775,3.6369775540038973,0.4278797122357526
3776,Wenyen,Gabriel,Center,Besiktas Istanbul,BJK,Valencia Basket,VBC,home,8.4,0.009,False,68.0,0.6924425542761201,17.909831494393796,16.74671285245184,16.74671285245184,11.270489843397595,0.31910249193082885,0.3559062426035544,0.3837557373777689,83.59465633667503,1.0147146376788245,1.045,1,1.8206091954137986,0.5607978535920614,3.1053459220141817,5.368421052631579,36.0,5.636842105263158,29.516769336071185,0.7741615331964408,4.73266417459477,4.998070965683249,0.5950084482956248
7212,Derrick,Alston Jr.,Forward,Virtus Bologna,VIR,Fenerbahce Tarfin Istanbul,FBT,away,8.4,0.016,False,37.0,0.6381542247001958,17.909831494393796,20.67327430945013,20.67327430945013,20.484869681581326,0.43027038395587686,0.4032844924199499,0.5986394557823129,79.64752553076217,0.9720856249749656,0.955,1,-6.715750981453553,0.2862583806159248,7.260552707687816,8.473684210526315,37.0,8.897368421052631,29.037645448323065,0.8788706365503081,7.415994754573234,7.628283819483266,0.9081290261289602
11513,Damion,Baugh,Guard,Kosner Baskonia Vitoria-Gasteiz,KBA,Olympiacos Piraeus,OLY,home,8.4,0.002,False,,0.0,17.909831494393796,17.909831494393796,17.909831494393796,12.833334576876096,0.3379576029241151,0.3379576029241151,0.35,78.91970211455063,0.9642251320798811,1.045,1,-4.217236513868823,0.3615234551224682,3.9034106920117875,,,,,0.9,3.933136191120105,4.075328289648201,0.4851581297200239
3780,Furkan,Korkmaz,Forward,Besiktas Istanbul,BJK,Valencia Basket,VBC,home,8.3,0.01,False,13.0,0.22398025749513636,17.763578901509966,16.01505083882621,16.01505083882621,9.297363325083197,0.2952974915301757,0.28158218557646447,0.2627370927957813,83.59465633667503,1.0147146376788245,1.045,1,1.8206091954137986,0.5607978535920614,2.06973882681166,,,,29.188227241615333,0.7905886379192333,2.1947030265061986,2.317781501159866,0.279250783272273
3816,Markus,Howard,Guard,Kosner Baskonia Vitoria-Gasteiz,KBA,Olympiacos Piraeus,OLY,home,8.3,0.012,False,127.0,0.8202536420909408,17.763578901509966,20.998467906596712,20.998467906596712,22.427285435438346,0.45370487098426193,0.39011966893506034,0.5022899957527693,78.91970211455063,0.9642251320798811,1.045,1,-4.217236513868823,0.3615234551224682,8.07183635577673,4.184210526315789,23.0,4.393421052631579,27.581108829568787,0.9225667351129364,5.782966839094938,5.992034654347763,0.7219318860659955
3905,Iffe,Lundberg,Guard,Maccabi Rapyd Tel Aviv,MTA,LDLC ASVEL Villeurbanne,ASV,away,8.3,0.068,False,145.0,0.8234212313699432,17.763578901509966,20.717491440265288,20.717491440265288,15.234887640666214,0.3669314021787882,0.40306304084902855,0.4172034229930793,83.80559424073098,1.0169927670426289,0.955,1,0.7783277526979853,0.5260745044859986,4.883369145387675,5.2105263157894735,16.0,5.471052631578948,31.824777549623544,0.7952566735112937,4.9335118409130505,5.193051320621464,0.6256688338098149
4251,Brancou,Badio,Guard,Panathinaikos AKTOR Athens,PAO,Paris Basketball,PBB,home,8.3,0.126,False,61.0,0.6942651083853176,17.763578901509966,18.070248120531968,23.114970296547106,14.954355739584553,0.3635468944162805,0.41590190953768863,0.4933373252875941,88.49288762446658,1.0676155355869732,1.045,1,3.381689824450132,0.6118620992637143,5.404959237762539,8.704545454545455,40.0,9.139772727272728,27.619438740588638,0.8690280629705681,8.23881360205574,8.742915380655367,1.0533632988741404
8846,Tonye,Jekiri,Center,Partizan Mozzart Bet Belgrade,PAR,Armani Olimpia Milan,MIL,home,8.3,0.017,False,126.0,0.7399633825693925,17.763578901509966,18.685694214661336,18.685694214661336,18.79746398395236,0.4099124936050659,0.47614180921616056,0.3764079364194755,81.57101133892995,0.9928592717031777,1.045,1,2.133590616966191,0.5711463077269484,5.7319023784233645,3.8947368421052633,15.0,4.089473684210526,32.19164955509925,0.6404175222450377,4.8033888134416864,5.077732591979101,0.6117750110818194
3797,Moustapha,Fall,Center,Panathinaikos AKTOR Athens,PAO,Paris Basketball,PBB,home,8.2,0.018,False,191.0,0.8378909703055961,17.615872647679453,19.804837918576155,19.804837918576155,12.468618719298732,0.3335574486232289,0.5262216802052823,0.8159820321054234,88.49288762446658,1.0676155355869732,1.045,1,3.381689824450132,0.6118620992637143,3.410641343281057,0.2558139534883721,3.0,0.2686046511627907,34.60369609856263,0.5198151950718686,1.693284606334566,1.7968902737228458,0.21913296021010317
3801,Nicolo,Melli,Forward,Fenerbahce Tarfin Istanbul,FBT,Virtus Bologna,VIR,home,8.2,0.037,False,207.0,0.8719202662071374,17.615872647679453,22.157229597287497,22.157229597287497,15.321366865313196,0.3679747402304851,0.4176923591531462,0.6509344559393258,84.08511383883945,1.0200115787022004,1.045,1,6.715750981453553,0.7137416193840752,4.349243381735196,8.232558139534884,35.0,8.64418604651163,35.67967145790554,0.6796098562628338,7.1194744577935944,7.627620980660511,0.9301976805683552
3861,Thomas,Walkup,Guard,Olympiacos Piraeus,OLY,Kosner Baskonia Vitoria-Gasteiz,KBA,away,8.2,0.007,False,277.0,0.8943258970080453,17.615872647679453,22.83397664772966,22.83397664772966,13.274693548490317,0.3432824264458647,0.38961102240985723,0.8537487207547328,84.59918244028657,1.0255635195978292,0.955,1,4.217236513868823,0.6384765448775318,3.813980455836692,8.209302325581396,37.0,8.619767441860466,33.752224503764545,0.7374332648870636,6.318364307271671,6.721777048490104,0.8197289083524517
3925,Devon,Hall,Guard,Armani Olimpia Milan,MIL,Partizan Mozzart Bet Belgrade,PAR,away,8.2,0.022,False,160.0,0.8662674888610036,17.615872647679453,24.216129851920375,24.216129851920375,23.296192924977067,0.46418790030073476,0.3533888276114368,0.6243624715047666,83.57377072261507,1.0144890730469769,0.955,1,-2.133590616966191,0.4288536922730516,6.692422335587506,6.8604651162790695,35.0,7.203488372093023,31.236139630390145,0.8129158110882957,6.581550456383525,6.863802677793672,0.8370491070480088
3838,Collin,Malcolm,Forward,Anadolu Efes Istanbul,EFS,FC Barcelona,BAR,away,8.1,0.008,False,95.0,0.7920597072744785,17.466712732902263,20.5024272651279,20.5024272651279,14.590310768907866,0.3591548341036871,0.3663471277329322,0.5194984852755649,79.57930869110298,0.9713488831066465,0.955,1,-3.2383906405487153,0.3927596216582184,4.663862792505356,8.095238095238095,40.0,8.5,29.248459958932237,0.8725462012320329,6.236222059678019,6.481155681351596,0.8001426767100736
3880,Derek ,Willis,Forward,Partizan Mozzart Bet Belgrade,PAR,Armani Olimpia Milan,MIL,home,8.1,0.011,False,126.0,0.7692401885241714,17.466712732902263,15.539033889163465,15.539033889163465,10.883350505683913,0.3144318071045686,0.39993885588952793,0.35506461675307466,81.57101133892995,0.9928592717031777,1.045,1,2.133590616966191,0.5711463077269484,2.9859467951227154,5.868421052631579,28.0,6.161842105263158,31.279945242984258,0.6860027378507871,4.892438923658132,5.171868766360826,0.63850231683467
3980,Aleksander,Balcerowski,Center,FC Barcelona,BAR,Anadolu Efes Istanbul,EFS,home,8.0,0.007,False,74.0,0.4764951688429496,17.316099157178396,10.413046646368613,10.413046646368613,5.349215677958066,0.2476646329935921,0.3245881644125858,0.3511065887771162,81.50327139185147,0.9921276802747302,1.045,1,3.2383906405487153,0.6072403783417816,1.661242922058182,,,,25.864476386036962,0.9567761806981518,1.7223325155329463,1.8269195003692043,0.22836493754615053
7209,Lamar,Stevens,Forward,Partizan Mozzart Bet Belgrade,PAR,Armani Olimpia Milan,MIL,home,8.0,0.095,False,23.0,0.49380330883903784,17.316099157178396,18.62272186625119,18.62272186625119,16.519603767174342,0.3824310002138791,0.3904325451808619,0.3274336283185841,81.57101133892995,0.9928592717031777,1.045,1,2.133590616966191,0.5711463077269484,5.085887513526641,4.815789473684211,23.0,5.056578947368421,29.229295003422312,0.7885352498288845,5.108659070273081,5.400438246815306,0.6750547808519133
7215,Dylan,Osetkowski,Forward,Valencia Basket,VBC,Besiktas Istanbul,BJK,away,8.0,0.013,False,71.0,0.6905020878597474,17.316099157178396,18.312267624059483,18.312267624059483,16.749520829946537,0.38520485973105023,0.3750669071232359,0.5089356302929844,,1.0,0.955,1,-1.8206091954137986,0.43920214640793864,4.665634028596235,6.7105263157894735,37.0,7.046052631578948,30.146475017111566,0.7426762491444217,5.627403777871129,5.874560559665643,0.7343200699582054
7226,Allan,Dokossi,Center,Paris Basketball,PBB,Panathinaikos AKTOR Athens,PAO,away,8.0,0.003,False,34.0,0.538874777603148,17.316099157178396,16.641417514865058,16.641417514865058,13.659466936709423,0.3479245670160199,0.44754488493743055,0.38650306748466257,82.41060349139468,1.001926866949797,0.955,1,-3.381689824450132,0.38813790073628573,5.563620146615023,7.7105263157894735,34.0,8.096052631578948,26.798083504449007,0.9100958247775497,6.556042802582257,6.810507671635408,0.851313458954426
8727,Braxton,Key,Forward,Fenerbahce Tarfin Istanbul,FBT,Virtus Bologna,VIR,home,8.0,0.03,False,34.0,0.5515452070459722,17.316099157178396,17.14261042556717,17.14261042556717,8.659743870503826,0.28760486197457436,0.343395226710524,0.1605316973415133,84.08511383883945,1.0200115787022004,1.045,1,6.715750981453553,0.7137416193840752,2.2858523646072717,5.113636363636363,34.0,5.369318181818182,29.626283367556468,0.7686858316221766,4.245019201679075,4.548003889611367,0.5685004862014209
11509,Eugene,German,Guard,Hapoel IBI Tel Aviv,HTA,FC Bayern Munich,BAY,home,8.0,0.002,False,,0.0,17.316099157178396,17.316099157178396,18.405632625939983,6.9138846099789415,0.26654175222944615,0.26654175222944615,0.35,81.9984540697545,0.9974756531960829,1.045,1,8.766135192749648,0.7693323947529245,1.6585550267903892,,,,,0.9,1.7288148303513127,1.8618181557031672,0.2327272694628959
11535,Max,Shulga,Guard,Real Madrid,RMB,Dubai Basketball,DUB,away,8.0,0.003,False,,0.0,17.316099157178396,17.316099157178396,17.316099157178396,12.218638028882921,0.3305415292788436,0.3305415292788436,0.35,88.00000000000001,1.0622923492427345,0.955,1,-2.445666286151155,0.418583649662316,3.6348905697944365,,,,,0.9,3.68755720270897,3.841912317933818,0.48023903974172727
7243,Nathan,Sestina,Forward,LDLC ASVEL Villeurbanne,ASV,Maccabi Rapyd Tel Aviv,MTA,home,7.9,0.003,False,91.0,0.6566404068944778,17.164031920507846,13.220205539092907,13.220205539092907,6.508939547538698,0.2616562482923405,0.24086634095517495,0.2464955181968826,85.28902647908335,1.0330138352168343,1.045,1,-0.7783277526979853,0.47392549551400137,1.2238054610825395,0.5263157894736842,17.0,0.5526315789473684,29.388090349075977,0.7805954825462011,0.8693334982988468,0.9105334291936668,0.11525739610046414
8834,Chris,Silva,Center,Fenerbahce Tarfin Istanbul,FBT,Virtus Bologna,VIR,home,7.9,0.014,False,16.0,0.2283181515647457,17.164031920507846,13.738957492365783,13.738957492365783,7.327876808869407,0.2715364063324551,0.32104774305498945,0.20833333333333331,84.08511383883945,1.0200115787022004,1.045,1,6.715750981453553,0.7137416193840752,1.7607451218504853,1.5813953488372092,16.0,1.6604651162790698,30.031485284052017,0.7484257357973991,1.7620968740606096,1.8878650617009733,0.23897026097480675
3826,Frank,Ntilikina,Guard,Paris Basketball,PBB,Panathinaikos AKTOR Athens,PAO,away,7.8,0.008,False,45.0,0.6142197320820335,17.01051102289062,17.35624632959373,17.35624632959373,15.06913733888378,0.36493168955837807,0.28149920881934,0.30477839950262015,82.41060349139468,1.001926866949797,0.955,1,-3.381689824450132,0.38813790073628573,3.5679127656148006,1.441860465116279,24.0,1.5139534883720929,28.177960301163587,0.8411019849418206,2.1933468827616363,2.278478988227794,0.29211269079843516
4097,Nikola,Tanaskovic,Center,Partizan Mozzart Bet Belgrade,PAR,Armani Olimpia Milan,MIL,home,7.8,0.03,False,44.0,0.5622808206838388,17.01051102289062,15.94477685418018,15.94477685418018,5.434178259301571,0.24868967333649444,0.3211537366378771,0.6355338881395012,81.57101133892995,0.9928592717031777,1.045,1,2.133590616966191,0.5711463077269484,1.4010031646775154,,,,28.944558521560573,0.8027720739219714,1.4535939359136654,1.5366154168568027,0.1970019765201029
11502,Olivier,Nkamboua,Forward,FC Barcelona,BAR,Anadolu Efes Istanbul,EFS,home,7.8,0.011,False,,0.0,17.01051102289062,17.01051102289062,17.01051102289062,14.377772483936226,0.356590642749538,0.356590642749538,0.35,81.50327139185147,0.9921276802747302,1.045,1,3.2383906405487153,0.6072403783417816,4.614281218218097,,,,,0.9,4.783964146618445,5.074465766455055,0.6505725341609045
3824,Luca,Vildoza,Guard,Partizan Mozzart Bet Belgrade,PAR,Armani Olimpia Milan,MIL,home,7.7,0.05,False,203.0,0.8483321840984434,16.85553646432671,19.42323638939667,19.42323638939667,18.015596580553375,0.400479568915031,0.40125987574496,0.4499515854080751,81.57101133892995,0.9928592717031777,1.045,1,2.133590616966191,0.5711463077269484,5.00953887689884,8.078947368421053,31.0,8.482894736842105,31.140314852840522,0.6929842573579739,7.108363297343018,7.514354842468941,0.9758902392816806
3960,Tamir,Blatt,Guard,Hapoel IBI Tel Aviv,HTA,FC Bayern Munich,BAY,home,7.7,0.01,False,162.0,0.8356204594164376,16.85553646432671,19.142157622484643,20.3465871654606,10.874599180478803,0.31432622578574276,0.4142860183702263,0.36343560752930154,81.9984540697545,0.9974756531960829,1.045,1,8.766135192749648,0.7693323947529245,3.511800573385924,8.842105263157896,38.0,9.28421052631579,29.409993155373034,0.7795003422313483,6.99423208992707,7.532321022247204,0.9782235093827537
4195,Justinian,Jessup,Guard,FC Bayern Munich,BAY,Hapoel IBI Tel Aviv,HTA,away,7.7,0.008,False,55.0,0.6911860776077057,16.85553646432671,19.120147678533357,19.120147678533357,16.1119421307707,0.3775127218734664,0.3809177551270131,0.34993406252424175,85.40476190476191,1.034263777814163,0.955,1,-8.766135192749648,0.23066760524707547,5.106665931672101,7.657894736842105,37.0,8.04078947368421,28.358658453114305,0.8320670773442848,6.555908566217669,6.70713213913649,0.871056121965778
4758,Perry,Dozier,Guard,Anadolu Efes Istanbul,EFS,FC Barcelona,BAR,away,7.7,0.01,False,,0.0,16.85553646432671,16.85553646432671,16.85553646432671,4.04277929160927,0.2319029885111953,0.2319029885111953,0.35,79.57930869110298,0.9713488831066465,0.955,1,-3.2383906405487153,0.3927596216582184,0.8437793396538267,,,,,0.9,0.7827219337989538,0.8134640908572005,0.10564468712431176
3828,Georgios,Papagiannis,Center,Anadolu Efes Istanbul,EFS,FC Barcelona,BAR,away,7.5,0.002,True,219.0,0.8372910301812653,16.541226364358852,18.25019126734765,0.0,0.0,0.1831284361633178,0.46570865691265495,0.4370021597668601,79.57930869110298,0.9713488831066465,0.955,0,-3.2383906405487153,0.3927596216582184,0.0,0.6842105263157895,5.0,0.718421052631579,29.245722108145106,0.7877138945927447,0.0,0.0,0.0
3842,Scottie,Wilbekin,Guard,Besiktas Istanbul,BJK,Valencia Basket,VBC,home,7.5,0.04,False,197.0,0.8472143676245775,16.541226364358852,23.059243376912455,23.059243376912455,22.101816446224095,0.4497782148135952,0.49068090319454055,0.6955196479443843,83.59465633667503,1.0147146376788245,1.045,1,1.8206091954137986,0.5607978535920614,8.082931420486416,0.813953488372093,7.0,0.8546511627906977,33.489390828199866,0.745318275154004,3.9462396054263005,4.167543875474606,0.5556725167299474
3846,Tyson,Ward,Forward,Olympiacos Piraeus,OLY,Kosner Baskonia Vitoria-Gasteiz,KBA,away,7.5,0.044,False,96.0,0.7945765164425691,16.541226364358852,20.56305859966059,20.56305859966059,11.990224459050424,0.32778580881646685,0.3936918653652624,0.6622134870982797,84.59918244028657,1.0255635195978292,0.955,1,4.217236513868823,0.6384765448775318,4.1281192671873725,6.325581395348837,35.0,6.641860465116279,29.182751540041068,0.874517453798768,5.334468339109298,5.675061630500607,0.7566748840667475
3883,Johannes,Voigtmann,Center,FC Bayern Munich,BAY,Hapoel IBI Tel Aviv,HTA,away,7.5,0.008,False,241.0,0.8580712884629883,16.541226364358852,18.283975366912273,18.283975366912273,12.559239473524432,0.3346507526108987,0.43760207642657367,0.5062593564803568,85.40476190476191,1.034263777814163,0.955,1,-8.766135192749648,0.23066760524707547,3.0223959223480774,3.8157894736842106,29.0,4.006578947368421,34.001368925393564,0.5499315537303218,3.4554779818895693,3.5351846649962155,0.47135795533282876
3948,Mbaye,Ndiaye,Forward,Olympiacos Piraeus,OLY,Kosner Baskonia Vitoria-Gasteiz,KBA,away,7.5,0.008,False,68.0,0.7249424289819796,16.541226364358852,17.828220515048283,17.828220515048283,9.111878121537858,0.2930596850318453,0.3802084696087053,0.2539162306360576,84.59918244028657,1.0255635195978292,0.955,1,4.217236513868823,0.6384765448775318,2.989805221370756,8.631578947368421,32.0,9.063157894736843,27.73990417522245,0.8630047912388775,6.243631047189215,6.64227224503916,0.8856362993385546
4159,Khadeen,Carrington,Guard,Hapoel IBI Tel Aviv,HTA,FC Bayern Munich,BAY,home,7.5,0.002,False,42.0,0.5682924538446933,16.541226364358852,17.276648142549725,18.363699343196284,4.117128817254904,0.232799986484389,0.3015435523520652,0.5617905934170102,81.9984540697545,0.9974756531960829,1.045,1,8.766135192749648,0.7693323947529245,0.8693429689641429,,,,30.99520876112252,0.7002395619438739,0.9061701258807823,0.9758847291805244,0.13011796389073657
4246,Semi,Ojeleye,Forward,Crvena Zvezda Meridianbet Belgrade,CZV,Zalgiris Kaunas,ZAL,home,7.5,0.037,False,112.0,0.8056541242763867,16.541226364358852,20.264075753636188,20.264075753636188,15.091618758304987,0.36520291909858327,0.4157301431300088,0.37845052227597253,79.86923629161679,0.9744801011921955,1.045,1,4.182288691281983,0.6373756732862847,4.98998815874804,7.846153846153846,39.0,8.238461538461538,31.822039698836413,0.7953388090349076,6.8265775991586795,7.261687048509162,0.9682249398012216
11520,Yves,Pons,Forward,LDLC ASVEL Villeurbanne,ASV,Maccabi Rapyd Tel Aviv,MTA,home,7.5,0.002,False,30.0,0.360073407046022,16.541226364358852,14.932927044609704,14.932927044609704,12.59607920016629,0.3350952095168951,0.2929370707911939,0.23010721781513796,85.28902647908335,1.0330138352168343,1.045,1,-0.7783277526979853,0.47392549551400137,3.246494637806623,,,,27.4031485284052,0.8798425735797399,3.5045892012680246,3.670680618646421,0.48942408248618946
11558,Justin,Minaya,Forward,FC Barcelona,BAR,Anadolu Efes Istanbul,EFS,home,7.5,0.001,False,,0.0,16.541226364358852,16.541226364358852,16.541226364358852,12.832249151998395,0.33794450769711937,0.33794450769711937,0.35,81.50327139185147,0.9921276802747302,1.045,1,3.2383906405487153,0.6072403783417816,3.9029293100869875,,,,,0.9,4.046453391814034,4.292170380672788,0.5722893840897051
3911,Kevarrius,Hayes,Center,Partizan Mozzart Bet Belgrade,PAR,Armani Olimpia Milan,MIL,home,7.3,0.077,False,191.0,0.8420001768150344,16.22110162060428,17.117885113995182,17.117885113995182,11.298464922965058,0.3194400003339295,0.4058356525302824,0.5174150910926988,81.57101133892995,0.9928592717031777,1.045,1,2.133590616966191,0.5711463077269484,3.5365966543215603,6.744186046511628,40.0,7.08139534883721,29.574264202600958,0.7712867898699521,5.666150615694514,5.989770716012384,0.8205165364400526
3957,Oscar,Da Silva,Forward,FC Bayern Munich,BAY,Hapoel IBI Tel Aviv,HTA,away,7.3,0.01,False,157.0,0.7925413281694044,16.22110162060428,15.28913470488501,15.28913470488501,7.429981947976336,0.2727682649359397,0.3731335823838746,0.3448343381527687,85.40476190476191,1.034263777814163,0.955,1,-8.766135192749648,0.23066760524707547,2.3527242384940164,7.131578947368421,36.0,7.488157894736843,28.027378507871322,0.8486310746064338,5.155944967527061,5.274875915371578,0.7225857418317231
3963,Alessandro,Pajola,Guard,Partizan Mozzart Bet Belgrade,PAR,Armani Olimpia Milan,MIL,home,7.3,0.013,False,168.0,0.8156961575602443,16.22110162060428,17.779163545517505,17.779163545517505,12.881302286307912,0.338536314593967,0.30948170074333253,0.3854358143013455,81.57101133892995,0.9928592717031777,1.045,1,2.133590616966191,0.5711463077269484,3.6090214821345783,4.342105263157895,24.0,4.559210526315789,26.89390828199863,0.9053045859000685,4.200858051262844,4.4407885077892235,0.6083271928478389
3942,Maodo,Lo,Guard,Zalgiris Kaunas,ZAL,Crvena Zvezda Meridianbet Belgrade,CZV,away,7.2,0.021,False,234.0,0.8606789619006434,16.05885875730698,19.39395204729141,19.39395204729141,15.834453600156353,0.3741649311863825,0.4182069557451521,0.3822165236322702,81.23123149323949,0.9891896493697208,0.955,1,-4.182288691281983,0.3626243267137152,3.7250892039727614,6.857142857142857,41.0,7.2,33.74948665297741,0.5625256673511294,5.294268564296307,5.486251621653261,0.7619793918962862
7867,Armando,Bacot,Center,Maccabi Rapyd Tel Aviv,MTA,LDLC ASVEL Villeurbanne,ASV,away,7.2,0.004,False,26.0,0.3585263211350877,16.05885875730698,11.541130123152675,11.541130123152675,4.099745169408762,0.23259025956617,0.19691013433763377,0.18432203389830507,83.80559424073098,1.0169927670426289,0.955,1,0.7783277526979853,0.5260745044859986,0.743875802281688,0.813953488372093,32.0,0.8546511627906977,26.570841889117045,0.9214579055441477,0.7633099269601963,0.8034657161196792,0.11159246057217767
11539,Elias,Valtonen,Forward,Valencia Basket,VBC,Besiktas Istanbul,BJK,away,7.2,0.005,False,,0.0,16.05885875730698,16.05885875730698,16.05885875730698,9.453564782862703,0.2971820010791124,0.2971820010791124,0.35,,1.0,0.955,1,-1.8206091954137986,0.43920214640793864,2.5284863695519464,,,,,0.9,2.4147044829221085,2.5207588221061346,0.35010539195918533
3917,Kamar,Baldwin,Guard,FC Bayern Munich,BAY,Hapoel IBI Tel Aviv,HTA,away,7.1,0.007,False,50.0,0.6378711278981594,15.895162233062988,18.41033499041973,18.41033499041973,9.684508547840576,0.29996824735718847,0.32264562958727766,0.45845674622108984,85.40476190476191,1.034263777814163,0.955,1,-8.766135192749648,0.23066760524707547,2.4929945301218375,1.3157894736842106,9.0,1.3815789473684212,29.04312114989733,0.7978439425051335,1.7647345789194575,1.8054412888410631,0.2542875054705723
4129,Myles,Cale,Guard,LDLC ASVEL Villeurbanne,ASV,Maccabi Rapyd Tel Aviv,MTA,home,7.1,0.003,False,52.0,0.6280062147085941,15.895162233062988,15.013075743752193,15.013075743752193,9.099573738346418,0.2929112374568503,0.25133083079429364,0.40518479328848916,85.28902647908335,1.0330138352168343,1.045,1,-0.7783277526979853,0.47392549551400137,1.9924793379430497,2.75,39.0,2.8875,27.575633127994525,0.8712183436002737,2.641526251368785,2.7667149151281043,0.3896781570602964
3891,Vitto,Brown,Forward,Besiktas Istanbul,BJK,Valencia Basket,VBC,home,7.0,0.006,False,44.0,0.5378161475964874,15.730012047872327,12.44705120936301,12.44705120936301,4.974040457589606,0.24313829056785857,0.2744269211238213,0.3063267911281315,83.59465633667503,1.0147146376788245,1.045,1,1.8206091954137986,0.5607978535920614,0.9405119294092933,,,,31.21971252566735,0.6890143737166324,0.9972970266589055,1.0532252298533114,0.15046074712190163
3973,Joel,Parra,Forward,FC Barcelona,BAR,Anadolu Efes Istanbul,EFS,home,7.0,0.035,False,170.0,0.8037613686388324,15.730012047872327,15.361352731471039,15.361352731471039,8.85374611676871,0.2899454232650933,0.3298285954953387,0.27158278014990805,81.50327139185147,0.9921276802747302,1.045,1,3.2383906405487153,0.6072403783417816,2.7024514860299385,6.85,40.0,7.1925,26.491444216290212,0.9254277891854894,5.381870734581922,5.708679656687331,0.8155256652410473
3992,Terry,Tarpey,Guard,Paris Basketball,PBB,Panathinaikos AKTOR Athens,PAO,away,7.0,0.003,False,65.0,0.5371832988100197,15.730012047872327,8.534487011041357,8.534487011041357,1.8970212564123405,0.2060152563189363,0.28960289660108374,0.14697539361315995,82.41060349139468,1.001926866949797,0.955,1,-3.381689824450132,0.38813790073628573,0.3410798869210755,2.744186046511628,39.0,2.8813953488372093,32.58316221765914,0.6208418891170431,1.7059920192399969,1.7722080353420637,0.2531725764774377
4212,Yoan,Makoundou,Center,FC Barcelona,BAR,Anadolu Efes Istanbul,EFS,home,7.0,0.006,False,50.0,0.5476691542448316,15.730012047872327,11.199809273935502,11.199809273935502,3.8839060088919233,0.22998624443845822,0.3447588724036369,0.2971600543091599,81.50327139185147,0.9921276802747302,1.045,1,3.2383906405487153,0.6072403783417816,1.2624372205955399,0.8837209302325582,9.0,0.9279069767441861,26.143737166324435,0.9428131416837783,1.07327557068489,1.1384491970456585,0.1626355995779512
4375,Arnas,Butkevicius,Forward,Zalgiris Kaunas,ZAL,Crvena Zvezda Meridianbet Belgrade,CZV,away,7.0,0.011,False,164.0,0.8348282829880005,15.730012047872327,19.63270623261538,19.63270623261538,14.857375608116726,0.36237686702725164,0.34209138415464285,0.46103332434458183,81.23123149323949,0.9891896493697208,0.955,1,-4.182288691281983,0.3626243267137152,2.8103780998044834,6.880952380952381,38.0,7.2250000000000005,33.94113620807666,0.5529431895961672,4.96212164442245,5.142060246460474,0.7345800352086391
7229,Mouhamed,Faye,Center,Paris Basketball,PBB,Panathinaikos AKTOR Athens,PAO,away,7.0,0.006,False,38.0,0.581030821293061,15.730012047872327,16.62188159893142,16.62188159893142,12.373456981868953,0.3324093594476914,0.3778722235959006,0.5076481835564054,82.41060349139468,1.001926866949797,0.955,1,-3.381689824450132,0.38813790073628573,4.675585703307043,7.052631578947368,38.0,7.405263157894737,21.650924024640656,1.0,5.8384599334433425,6.065072691653303,0.8664389559504719
8993,Cory,Joseph,Guard,Olympiacos Piraeus,OLY,Kosner Baskonia Vitoria-Gasteiz,KBA,away,7.0,0.019,False,16.0,0.3461069523816011,15.730012047872327,15.66431768722559,15.66431768722559,3.8228930430496666,0.2292501468477367,0.2999735316176546,0.20833333333333331,84.59918244028657,1.0255635195978292,0.955,1,4.217236513868823,0.6384765448775318,0.5667507976160979,2.511627906976744,16.0,2.6372093023255814,35.115674195756334,0.4942162902121833,1.697986133028073,1.8063985649746455,0.2580569378535208
3952,Mam,Jaiteh,Center,Dubai Basketball,DUB,Real Madrid,RMB,home,6.8,0.009,False,114.0,0.7006237451567449,15.395350694650958,13.115298339418894,13.115298339418894,4.066394269444171,0.2321878939906987,0.45514579859421495,0.4338163284845562,80.18097815455228,0.9778469133118989,1.045,1,2.445666286151155,0.581416350337684,1.217463051922673,,,,31.84394250513347,0.6578028747433264,1.2440646493265939,1.316396602126154,0.19358773560678735
7217,Tyson,Carter,Guard,Crvena Zvezda Meridianbet Belgrade,CZV,Zalgiris Kaunas,ZAL,home,6.8,0.035,False,15.0,0.2771584409332135,15.395350694650958,14.228858511421151,14.228858511421151,9.60277972328336,0.29898222102625077,0.25071143926587225,0.3732433667727708,79.86923629161679,0.9744801011921955,1.045,1,4.182288691281983,0.6373756732862847,1.9607088803493673,0.5641025641025641,12.0,0.5923076923076923,28.711841204654345,0.8144079397672828,1.1433269232297796,1.2161997999777712,0.17885291176143694
7390,Tobias,Jensen,Guard,FC Bayern Munich,BAY,Hapoel IBI Tel Aviv,HTA,away,6.8,0.003,False,54.0,0.5487092063904557,15.395350694650958,12.797865980674285,12.797865980674285,2.8910852611335294,0.21800825008341024,0.2310352023742523,0.3593215750853187,85.40476190476191,1.034263777814163,0.955,1,-8.766135192749648,0.23066760524707547,0.667942468387203,,,,22.39835728952772,1.0,0.6597414091844157,0.6749595062783057,0.09925875092328025
7328,Kaodirichi,Akobundu-Ehiogu,Center,Zalgiris Kaunas,ZAL,Crvena Zvezda Meridianbet Belgrade,CZV,away,6.7,0.017,False,19.0,0.2840095828515426,15.225839526620254,12.81282117655339,12.81282117655339,4.234408907539078,0.23421492494387935,0.26776525022232034,0.42876901798063627,81.23123149323949,0.9891896493697208,0.955,1,-4.182288691281983,0.3626243267137152,1.021337276674084,,,,26.98425735797399,0.9007871321013005,0.9648329307843968,0.999820119976088,0.1492268835785206
11498,Davion,Mintz,Guard,Dubai Basketball,DUB,Real Madrid,RMB,home,6.6,0.003,False,,0.0,15.054874697642871,15.05487469764287,15.05487469764287,7.709773584842287,0.27614384169995954,0.27614384169995954,0.35,80.18097815455228,0.9778469133118989,1.045,1,2.445666286151155,0.581416350337684,1.9161058467196965,,,,,0.9,1.9579728062444557,2.0718125465511643,0.3139109919016916
3904,Justin,Anderson,Forward,Dubai Basketball,DUB,Real Madrid,RMB,home,6.5,0.02,False,88.0,0.7762719054041819,14.882456207718809,19.443959515009034,19.443959515009034,9.181710834451236,0.2939021894244687,0.315304478706336,0.4263670630171278,80.18097815455228,0.9778469133118989,1.045,1,2.445666286151155,0.581416350337684,1.7565389290422673,5.5,34.0,5.775,32.865160848733744,0.6067419575633128,4.090072819564322,4.327876340700968,0.6658271293386104
4167,Ish,Wainright,Forward,Hapoel IBI Tel Aviv,HTA,FC Bayern Munich,BAY,home,6.5,0.009,False,66.0,0.7354569045326301,14.882456207718809,19.300247797841955,19.300247797841955,8.4034750484537,0.28451307877924753,0.21685674571530641,0.7126232201533407,81.9984540697545,0.9974756531960829,1.045,1,8.766135192749648,0.7693323947529245,1.1797878066923257,4.190476190476191,42.0,4.4,32.05201916495551,0.6473990417522244,3.1127024487930837,3.352172731701411,0.5157188818002171
7225,David,Kramer,Guard,Crvena Zvezda Meridianbet Belgrade,CZV,Zalgiris Kaunas,ZAL,home,6.5,0.022,False,35.0,0.31190951621151836,14.882456207718809,11.097793058656206,11.097793058656206,4.164822507135868,0.23337539221543904,0.1981825283021126,0.22052188384377752,79.86923629161679,0.9744801011921955,1.045,1,4.182288691281983,0.6373756732862847,0.6309667806294573,0.2727272727272727,18.0,0.2863636363636364,29.711156741957563,0.7644421629021219,0.42364948849880907,0.45065187629574094,0.06933105789165245
7234,Yankuba,Sima,Center,Valencia Basket,VBC,Besiktas Istanbul,BJK,away,6.5,0.007,False,15.0,0.15365807899099912,14.882456207718809,11.264698599409451,11.264698599409451,5.969001616159035,0.25514210814292887,0.242088218500214,0.22884064336658924,,1.0,0.955,1,-1.8206091954137986,0.43920214640793864,1.0710097782591559,0.06818181818181818,9.0,0.0715909090909091,30.17659137577002,0.7411704312114991,0.44819391711317935,0.4678786901534883,0.07198133694669051
7238,Rodions,Kurucs,Forward,Kosner Baskonia Vitoria-Gasteiz,KBA,Olympiacos Piraeus,OLY,home,6.5,0.008,False,35.0,0.5577572026166854,14.882456207718809,16.77016382108516,16.77016382108516,12.280453474726365,0.3312873084771927,0.32710849900168515,0.5126100309393615,78.91970211455063,0.9642251320798811,1.045,1,-4.217236513868823,0.3615234551224682,3.2836077068925746,4.842105263157895,27.0,5.08421052631579,28.65160848733744,0.817419575633128,4.250832798293108,4.4045103743317915,0.6776169806664295
7424,Aliou,Diarra,Center,Virtus Bologna,VIR,Fenerbahce Tarfin Istanbul,FBT,away,6.5,0.006,False,28.0,0.38775041645726877,14.882456207718809,11.8873237861426,11.8873237861426,4.65225966114364,0.23925613100169835,0.3806699322709296,0.22437971952535063,79.64752553076217,0.9720856249749656,0.955,1,-6.715750981453553,0.2862583806159248,1.7709753701143274,4.7368421052631575,31.0,4.973684210526316,24.750171115674195,1.0,3.2960732009859455,3.390426058676524,0.5216040090271575
11525,Antonis,Karagiannidis,Center,Olympiacos Piraeus,OLY,Kosner Baskonia Vitoria-Gasteiz,KBA,away,6.5,0.002,False,,0.0,14.882456207718809,14.882456207718809,14.882456207718809,3.16498416005238,0.2213127332668159,0.22131273326681586,0.35,84.59918244028657,1.0255635195978292,0.955,1,4.217236513868823,0.6384765448775318,0.6304061656866327,,,,,0.9,0.6174280955851562,0.6568494313031087,0.10105375866201673
3852,Edgaras,Ulanovas,Forward,Zalgiris Kaunas,ZAL,Crvena Zvezda Meridianbet Belgrade,CZV,away,6.4,0.011,False,269.0,0.8947537245998517,14.70858405684807,22.603708355233273,22.603708355233273,18.299240224433206,0.40390161863841634,0.37527610771818726,0.6286055202636498,81.23123149323949,0.9891896493697208,0.955,1,-4.182288691281983,0.3626243267137152,4.862222909421124,6.642857142857143,42.0,6.9750000000000005,34.732375085557834,0.7080287474332649,5.602499427141172,5.8056596854092755,0.9071343258451993
3915,Matteo,Spagnolo,Guard,Kosner Baskonia Vitoria-Gasteiz,KBA,Olympiacos Piraeus,OLY,home,6.4,0.015,False,102.0,0.7695869317890139,14.70858405684807,17.375805992721542,17.375805992721542,8.704455460563635,0.2881442898366036,0.3586919735767318,0.3417122147097679,78.91970211455063,0.9642251320798811,1.045,1,-4.217236513868823,0.3615234551224682,3.1222183080603303,6.105263157894737,37.0,6.4105263157894745,23.72347707049966,1.0,4.949451734278954,5.128386023472796,0.8013103161676244
3967,Dario,Brizuela,Guard,FC Barcelona,BAR,Anadolu Efes Istanbul,EFS,home,6.4,0.061,False,127.0,0.7744982892319169,14.70858405684807,15.193277998340106,15.193277998340106,6.930935388540757,0.2667474632098258,0.3566843089281358,0.12337138262044606,81.50327139185147,0.9921276802747302,1.045,1,3.2383906405487153,0.6072403783417816,1.6197612830887689,5.575,38.0,5.853750000000001,31.89596167008898,0.6552019164955509,4.139737291427213,4.391118855335398,0.6861123211461558
7219,Amath,M'baye,Forward,Paris Basketball,PBB,Panathinaikos AKTOR Athens,PAO,away,6.4,0.004,False,67.0,0.6850552321665772,14.70858405684807,17.606267020073624,17.606267020073624,11.217683510780105,0.3184654041630408,0.33866298206500917,0.4813536955327753,82.41060349139468,1.001926866949797,0.955,1,-3.381689824450132,0.38813790073628573,1.558219869377924,5.526315789473684,34.0,5.802631578947368,36.79671457905544,0.41016427104722797,3.7690674620525204,3.915359255297971,0.6117748836403079
3918,Marius,Grigonis,Forward,Zalgiris Kaunas,ZAL,Crvena Zvezda Meridianbet Belgrade,CZV,away,6.3,0.033,False,185.0,0.8155437302167753,14.533258245030646,17.340548446614466,17.340548446614466,11.001898862268886,0.315862046701375,0.3779659289518667,0.4755541053404213,81.23123149323949,0.9891896493697208,0.955,1,-4.182288691281983,0.3626243267137152,2.61298201308265,0.20454545454545456,27.0,0.21477272727272728,32.43258042436687,0.6283709787816565,1.1033062020510138,1.1433147689187952,0.18147853474901512
4073,Tai,Odiase,Center,Hapoel IBI Tel Aviv,HTA,FC Bayern Munich,BAY,home,6.3,0.041,False,90.0,0.6923759579865811,14.533258245030646,13.299965626721738,13.299965626721738,5.4636878650461576,0.24904569519827202,0.338121280208335,0.44716572188519277,81.9984540697545,0.9974756531960829,1.045,1,8.766135192749648,0.7693323947529245,1.2905802335647136,2.7142857142857144,37.0,2.85,31.028062970568104,0.6985968514715948,2.235661812315199,2.4076585179078105,0.38216801871552547
4084,Dustin,Sleva,Forward,Zalgiris Kaunas,ZAL,Crvena Zvezda Meridianbet Belgrade,CZV,away,6.3,0.013,False,69.0,0.7008320569919477,14.533258245030646,16.562530880307737,16.562530880307737,5.982953985658464,0.25531043802874265,0.3070221517204329,0.3404021673024545,81.23123149323949,0.9891896493697208,0.955,1,-4.182288691281983,0.3626243267137152,1.2837550573745815,6.023809523809524,42.0,6.325,31.02258726899384,0.6988706365503081,3.8994224837675735,4.040825029042427,0.6414007982607027
4156,Jeremy,Morgan,Forward,Paris Basketball,PBB,Panathinaikos AKTOR Athens,PAO,away,6.3,0.004,False,88.0,0.7167349605831741,14.533258245030646,16.217231584422816,16.217231584422816,7.005169145795775,0.2676430644826257,0.2985774383935477,0.5139972678925175,82.41060349139468,1.001926866949797,0.955,1,-3.381689824450132,0.38813790073628573,1.4222351637976334,4.868421052631579,32.0,5.1118421052631575,31.40041067761807,0.6799794661190965,3.3393211488431582,3.4689328589027846,0.5506242633179024
7232,Bodian,Massa,Forward,LDLC ASVEL Villeurbanne,ASV,Maccabi Rapyd Tel Aviv,MTA,home,6.3,0.003,False,49.0,0.5908671808732795,14.533258245030646,14.517899376666916,14.517899376666916,2.4480921014286827,0.21266371072094237,0.2592742999420448,0.3159907627038945,85.28902647908335,1.0330138352168343,1.045,1,-0.7783277526979853,0.47392549551400137,0.5095414038115292,3.973684210526316,36.0,4.1723684210526315,28.944558521560573,0.8027720739219714,2.793773838099545,2.926177903157083,0.4644726830408068
11506,Ignas,Sargiunas,Guard,Fenerbahce Tarfin Istanbul,FBT,Virtus Bologna,VIR,home,6.3,0.008,False,,0.0,14.533258245030646,14.533258245030646,14.533258245030646,5.096619394381989,0.2446171575398291,0.24461715753982913,0.35,84.08511383883945,1.0200115787022004,1.045,1,6.715750981453553,0.7137416193840752,1.1220484943844788,,,,,0.9,1.1960050666637283,1.2813689259709413,0.20339189301126054
3851,Andres,Feliz,Guard,Real Madrid,RMB,Dubai Basketball,DUB,away,6.2,0.086,False,124.0,0.7715018669435788,14.356478772266547,15.640328508896157,15.640328508896157,7.19397102914172,0.26992088542668446,0.35764241546999564,0.30718234549815737,88.00000000000001,1.0622923492427345,0.955,1,-2.445666286151155,0.418583649662316,2.030911277793907,5.954545454545454,39.0,6.252272727272727,29.21286789869952,0.7893566050650239,4.448628227333794,4.634840531272612,0.7475549243988084
3927,Daulton,Hommes,Forward,Paris Basketball,PBB,Panathinaikos AKTOR Athens,PAO,away,6.2,0.004,False,58.0,0.6065209060525052,14.356478772266547,15.127454147003379,15.127454147003379,3.8763410339830693,0.22989497597236408,0.30079504702512483,0.4090134702172108,82.41060349139468,1.001926866949797,0.955,1,-3.381689824450132,0.38813790073628573,0.8603622512885165,2.3684210526315788,22.0,2.486842105263158,30.24229979466119,0.7378850102669405,1.689011885399263,1.7545688381510136,0.28299497389532474
3835,Usman,Garuba,Center,Real Madrid,RMB,Dubai Basketball,DUB,away,6.1,0.053,False,120.0,0.7128275133446288,14.178245638555763,13.169811954883636,13.169811954883636,2.820374982202342,0.21715515819971026,0.3569356641619274,0.23913652142273026,88.00000000000001,1.0622923492427345,0.955,1,-2.445666286151155,0.418583649662316,1.0066924174580771,5.818181818181818,41.0,6.109090909090909,24.56399726214921,1.0,3.950000979798418,4.115341562427793,0.6746461577750481
7378,Agustin,Ubal,Guard,FC Barcelona,BAR,Anadolu Efes Istanbul,EFS,home,6.1,0.003,False,18.0,0.340621519495428,14.178245638555763,13.368325038236218,13.368325038236218,3.090607269873109,0.22041540515121721,0.331114613888569,0.2836219770727255,81.50327139185147,0.9921276802747302,1.045,1,3.2383906405487153,0.6072403783417816,1.0233452328452388,,,,23.20328542094456,1.0,1.0609771429221833,1.1254039590901883,0.18449245230986694
3869,Mikael,Jantunen,Forward,Real Madrid,RMB,Dubai Basketball,DUB,away,6.0,0.043,False,97.0,0.7877434830685783,13.998558843898307,19.141742134048233,19.141742134048233,7.688627661581561,0.2758887243990559,0.3207959024859496,0.5961469355431432,88.00000000000001,1.0622923492427345,0.955,1,-2.445666286151155,0.418583649662316,2.2879516483485194,4.1395348837209305,36.0,4.3465116279069775,26.4476386036961,0.927618069815195,3.448148932481861,3.5924828089556087,0.5987471348259348
4094,Kenan,Kamenjas,Center,Dubai Basketball,DUB,Real Madrid,RMB,home,5.9,0.023,False,68.0,0.6030383742145854,13.817418388294167,11.923044220809045,11.923044220809045,2.464490827890972,0.21286155494754497,0.37824580850981615,0.31125272122247954,80.18097815455228,0.9778469133118989,1.045,1,2.445666286151155,0.581416350337684,0.85271485675073,4.2631578947368425,34.0,4.476315789473685,26.704996577686515,0.9147501711156742,2.962323478157226,3.134557808676207,0.5312809845213909
11523,Shane,Hunter,Center,Maccabi Rapyd Tel Aviv,MTA,LDLC ASVEL Villeurbanne,ASV,away,5.9,0.005,False,,0.0,13.817418388294167,13.817418388294167,13.817418388294167,7.875373108221805,0.27814173523785846,0.27814173523785846,0.35,83.80559424073098,1.0169927670426289,0.955,1,0.7783277526979853,0.5260745044859986,1.9714229477697418,,,,,0.9,1.91470134912382,2.0154289054717185,0.3415981195714777
3954,Khalifa,Diop,Center,Kosner Baskonia Vitoria-Gasteiz,KBA,Olympiacos Piraeus,OLY,home,5.8,0.025,False,130.0,0.7327594936406341,13.634824271743346,12.831178785345536,12.831178785345536,8.268021190357297,0.2828788809129042,0.34914625726363935,0.38555060823774895,78.91970211455063,0.9642251320798811,1.045,1,-4.217236513868823,0.3615234551224682,2.8867486535897107,4.526315789473684,28.0,4.752631578947368,24.709103353867214,1.0,3.8999637263904874,4.040956562512186,0.6967166487089975
4234,Tyler,Ennis,Guard,Hapoel IBI Tel Aviv,HTA,FC Bayern Munich,BAY,home,5.7,0.003,True,30.0,0.41804445955176095,13.450776494245847,11.192588210635986,0.0,0.0,0.1831284361633178,0.2759628571210923,0.3639807958090574,81.9984540697545,0.9974756531960829,1.045,0,8.766135192749648,0.7693323947529245,0.0,0.7619047619047619,20.0,0.8,32.10403832991102,0.6447980835044489,0.0,0.0,0.0
11531,Nobel,Boungou-colo,Forward,Paris Basketball,PBB,Panathinaikos AKTOR Athens,PAO,away,5.7,0.005,False,5.0,0.055835713402989005,13.450776494245847,13.17236824434921,13.17236824434921,2.049541321832845,0.2078553513076471,0.21046375508450985,0.3150523946900451,82.41060349139468,1.001926866949797,0.955,1,-3.381689824450132,0.38813790073628573,0.15097395697783364,,,,38.431211498973305,0.35,0.14445794483905264,0.15006490518450344,0.026327176348158496
3836,Konstantinos,Mitoglou,Forward,Panathinaikos AKTOR Athens,PAO,Paris Basketball,PBB,home,5.5,0.084,False,210.0,0.8361082202187066,13.078319956410812,16.33330355147551,20.18212638412643,11.17942242379326,0.31800379909991017,0.4229305544626319,0.4003708138588579,88.49288762446658,1.0676155355869732,1.045,1,3.381689824450132,0.6118620992637143,3.473921758134336,3.772727272727273,39.0,3.961363636363637,30.305270362765228,0.7347364818617386,4.075728315881277,4.325106684219645,0.7863830334944809
3962,Mario,Nakic,Forward,Partizan Mozzart Bet Belgrade,PAR,Armani Olimpia Milan,MIL,home,5.5,0.011,False,37.0,0.31863137310963424,13.078319956410812,9.411802748069503,9.411802748069503,4.421589063874533,0.23647318038528226,0.23112052857927717,0.3006653799609135,81.57101133892995,0.9928592717031777,1.045,1,2.133590616966191,0.5711463077269484,1.0067066134888198,0.07894736842105263,1.0,0.08289473684210526,25.297741273100616,0.9851129363449692,0.46694505589579116,0.49361445035441465,0.08974808188262084
4008,Metecan,Birsen,Forward,Besiktas Istanbul,BJK,Valencia Basket,VBC,home,5.5,0.012,False,77.0,0.5035067751411053,13.078319956410812,8.033649640421956,8.033649640421956,1.9044435482879136,0.20610480336999043,0.2102554501318717,0.1371237713918782,83.59465633667503,1.0147146376788245,1.045,1,1.8206091954137986,0.5607978535920614,0.2705230672254215,1.4883720930232558,32.0,1.5627906976744186,31.488021902806295,0.6755989048596852,1.0616836924357553,1.1212226860269219,0.20385867018671308
4242,Davide,Casarin,Guard,Virtus Bologna,VIR,Fenerbahce Tarfin Istanbul,FBT,away,5.5,0.005,False,47.0,0.4550556372077844,13.078319956410812,12.389985001209649,12.389985001209649,3.585289392673249,0.22638355165482468,0.14338054309026918,0.3386687542477389,79.64752553076217,0.9720856249749656,0.955,1,-6.715750981453553,0.2862583806159248,0.5140607402572718,,,,23.362080766598222,1.0,0.47722405844951976,0.49088499706579164,0.08925181764832575
4258,Josep,Puerto,Guard,Valencia Basket,VBC,Besiktas Istanbul,BJK,away,5.5,0.016,False,154.0,0.7696022719067281,13.078319956410812,13.413896595587495,13.413896595587495,6.562342221748772,0.2623005306884095,0.27485384837402144,0.3896708680980019,,1.0,0.955,1,-1.8206091954137986,0.43920214640793864,1.5721442033346353,4.5227272727272725,38.0,4.7488636363636365,27.567419575633128,0.8716290212183436,3.1920818129465576,3.3322787313221447,0.60586886024039
7216,Davis,Bertans,Forward,Dubai Basketball,DUB,Real Madrid,RMB,home,5.5,0.033,False,29.0,0.5346108910747095,13.078319956410812,15.84752159256153,15.84752159256153,3.753522257629986,0.22841321542981635,0.26453331983024136,0.2285714285714286,80.18097815455228,0.9778469133118989,1.045,1,2.445666286151155,0.581416350337684,0.5518892471770392,4.2105263157894735,30.0,4.421052631578947,33.883641341546884,0.5558179329226558,2.807095067423409,2.9703041643386325,0.5400553026070241
7231,Brice,Dessert,Center,Anadolu Efes Istanbul,EFS,FC Barcelona,BAR,away,5.5,0.017,False,17.0,0.3182728442509097,13.078319956410812,12.401421829272925,17.277205136683172,5.466176554001124,0.24907572025800345,0.30452801149255876,0.38174273858921165,79.57930869110298,0.9713488831066465,0.955,1,-3.2383906405487153,0.3927596216582184,1.6646038764572095,2.4473684210526314,19.0,2.569736842105263,23.520876112251884,1.0,1.979823484073663,2.0575829563291457,0.3741059920598447
8830,Francesco,Ferrari,Forward,Virtus Bologna,VIR,Fenerbahce Tarfin Istanbul,FBT,away,5.2,0.015,False,12.0,0.19652093565137044,12.508732692558164,10.626248972554604,10.626248972554604,5.182806163001615,0.24565696722383956,0.26738334365710686,0.2396946564885496,79.64752553076217,0.9720856249749656,0.955,1,-6.715750981453553,0.2862583806159248,1.3857960413900323,1.0789473684210527,15.0,1.1328947368421054,21.11978097193703,1.0,1.1155760880357448,1.1475103884772409,0.2206750747071617
3972,Justus,Hollatz,Guard,FC Bayern Munich,BAY,Hapoel IBI Tel Aviv,HTA,away,5.1,0.014,False,74.0,0.6216576841282769,12.315962949380586,11.517519633671824,11.517519633671824,1.8212951999657672,0.20510165103953915,0.2396671334678076,0.4231934067617325,85.40476190476191,1.034263777814163,0.955,1,-8.766135192749648,0.23066760524707547,0.42677959996430237,3.210526315789474,29.0,3.3710526315789475,25.44558521560575,0.9777207392197125,2.0712801309052216,2.119057853664397,0.41550153993419553
7223,Clement,Frisch,Forward,Kosner Baskonia Vitoria-Gasteiz,KBA,Olympiacos Piraeus,OLY,home,5.1,0.011,False,37.0,0.488512306074236,12.315962949380586,12.014373976818579,12.014373976818579,6.629248638851426,0.2631077304655913,0.3291334978868993,0.18260038240917784,78.91970211455063,0.9642251320798811,1.045,1,-4.217236513868823,0.3615234551224682,2.1819077928671358,4.7105263157894735,38.0,4.946052631578947,24.73100616016427,1.0,3.7272483654390447,3.861997136156354,0.7572543404228146
3830,Deividas,Sirvydis,Guard,Zalgiris Kaunas,ZAL,Crvena Zvezda Meridianbet Belgrade,CZV,away,5.0,0.02,False,110.0,0.717470733406487,12.12173954525633,12.674052124708483,12.674052124708483,1.954655831602031,0.20671059494661542,0.32031808845268367,0.3292778486939753,81.23123149323949,0.9891896493697208,0.955,1,-4.182288691281983,0.3626243267137152,0.5851636625122926,2.261904761904762,41.0,2.375,26.308008213552363,0.9345995893223819,1.5031764961578589,1.5576853326429712,0.31153706652859425
3950,Ognjen,Dobric,Forward,Crvena Zvezda Meridianbet Belgrade,CZV,Zalgiris Kaunas,ZAL,home,5.0,0.089,False,206.0,0.8146744907401698,12.12173954525633,14.955903416857588,14.955903416857588,8.150497270083703,0.2814610007398734,0.31745971145066565,0.3595852377326673,79.86923629161679,0.9744801011921955,1.045,1,4.182288691281983,0.6373756732862847,1.6910547161835523,2.871794871794872,26.0,3.0153846153846153,31.928815879534564,0.6535592060232718,2.4434857156645244,2.599227550983234,0.5198455101966468
3971,Vanja,Marinkovic,Guard,Partizan Mozzart Bet Belgrade,PAR,Armani Olimpia Milan,MIL,home,5.0,0.031,False,195.0,0.8383779392382277,12.12173954525633,18.43949211027551,18.43949211027551,4.874388242206816,0.24193602553057156,0.25919926562282203,0.5036052192821555,81.57101133892995,0.9928592717031777,1.045,1,2.133590616966191,0.5711463077269484,0.9649603887614749,2.0789473684210527,19.0,2.182894736842105,29.724845995893222,0.7637577002053388,1.6946652658268915,1.7914554467679051,0.358291089353581
3975,Sebastian,Herrera,Guard,Paris Basketball,PBB,Panathinaikos AKTOR Athens,PAO,away,5.0,0.037,False,69.0,0.6622754745938048,12.12173954525633,12.078938166788484,12.078938166788484,1.8794101741968094,0.20580278549392564,0.2419541876343803,0.3655094025564602,82.41060349139468,1.001926866949797,0.955,1,-3.381689824450132,0.38813790073628573,0.36573022027744756,4.7368421052631575,37.0,4.973684210526316,28.914442162902123,0.8042778918548938,2.8594185935667884,2.97040346659012,0.594080693318024
3978,Eli,Ndiaye,Forward,Real Madrid,RMB,Dubai Basketball,DUB,away,5.0,0.02,False,67.0,0.5353397744929036,12.12173954525633,9.527242712880556,9.527242712880556,1.4282115767620855,0.20035925073170302,0.2527154186013275,0.4101611934083618,88.00000000000001,1.0622923492427345,0.955,1,-2.445666286151155,0.418583649662316,0.36093108647269245,,,,22.26420260095825,1.0,0.3661606868344376,0.3814875745002395,0.07629751490004791
4546,Joel,Ayayi,Guard,Paris Basketball,PBB,Panathinaikos AKTOR Athens,PAO,away,5.0,0.003,False,30.0,0.4220266032836508,12.12173954525633,11.26347417704759,11.26347417704759,1.7525288790160725,0.2042720122492413,0.25914033219001686,0.3866294384153408,82.41060349139468,1.001926866949797,0.955,1,-3.381689824450132,0.38813790073628573,0.4184187818763735,0.9210526315789473,17.0,0.9671052631578948,26.573579739904176,0.9213210130047912,0.6889240446147725,0.7156637978591254,0.14313275957182509
4698,Onuralp,Bitim,Forward,Fenerbahce Tarfin Istanbul,FBT,Virtus Bologna,VIR,home,5.0,0.008,False,78.0,0.6483384106297125,12.12173954525633,11.389653418207757,11.389653418207757,2.4074962343002935,0.21217393744777097,0.25157982623151987,0.28058362194389325,84.08511383883945,1.0200115787022004,1.045,1,6.715750981453553,0.7137416193840752,0.5298330655591302,1.627906976744186,34.0,1.7093023255813955,27.50444900752909,0.8747775496235455,1.267025636430916,1.3574585293856503,0.27149170587713006
11510,Frederic,Bourdillon,Guard,Hapoel IBI Tel Aviv,HTA,FC Bayern Munich,BAY,home,5.0,0.002,False,6.0,0.09058854609650586,12.12173954525633,12.8756897555695,13.685831508324949,1.9677711786490044,0.20686882648362534,0.21666268486407125,0.3924054163322383,81.9984540697545,0.9974756531960829,1.045,1,8.766135192749648,0.7693323947529245,0.20154244185401538,,,,35.54551676933607,0.47272416153319663,0.21008019438264555,0.2262423442861016,0.04524846885722032
3886,Daniel,Hackett,Guard,Virtus Bologna,VIR,Fenerbahce Tarfin Istanbul,FBT,away,4.8,0.02,False,247.0,0.8605964888695503,11.728931754167782,18.116126826074368,18.116126826074368,10.347021539091847,0.3079612077050365,0.35264287133324795,0.5020757512005278,79.64752553076217,0.9720856249749656,0.955,1,-6.715750981453553,0.2862583806159248,1.277081184852309,4.026315789473684,34.0,4.227631578947369,38.784394250513344,0.35,2.716905404396611,2.794679098531534,0.5822248121940696
3933,Leopold,Cavaliere,Forward,Paris Basketball,PBB,Panathinaikos AKTOR Athens,PAO,away,4.8,0.012,False,72.0,0.6404312712278983,11.728931754167782,12.132758013580453,12.132758013580453,1.887784218855193,0.20590381507038596,0.2857259201850949,0.20946768304400748,82.41060349139468,1.001926866949797,0.955,1,-3.381689824450132,0.38813790073628573,0.392985966157044,4.315789473684211,36.0,4.531578947368422,30.428473648186174,0.7285763175906913,2.6281223105437514,2.730129698193016,0.5687770204568784
3985,David,Lighty,Forward,LDLC ASVEL Villeurbanne,ASV,Maccabi Rapyd Tel Aviv,MTA,home,4.8,0.018,False,212.0,0.854241294297824,11.728931754167782,18.560726160394932,18.560726160394932,5.028058902986754,0.24379000200267337,0.26767008277338644,0.5724145900658244,85.28902647908335,1.0330138352168343,1.045,1,-0.7783277526979853,0.47392549551400137,0.4710513299631745,3.4210526315789473,35.0,3.5921052631578947,38.34633812457221,0.35,2.4192145386568957,2.53386728355566,0.5278890174074292
3994,Yakuba,Ouattara,Guard,Paris Basketball,PBB,Panathinaikos AKTOR Athens,PAO,away,4.8,0.014,False,190.0,0.7997314334961029,11.728931754167782,12.996847415653553,12.996847415653553,4.333352862675611,0.23540864509806364,0.23436067359540702,0.4225111191780573,82.41060349139468,1.001926866949797,0.955,1,-3.381689824450132,0.38813790073628573,0.523736707548269,3.789473684210526,34.0,3.9789473684210526,34.68583162217659,0.5157084188911703,2.3760052846861583,2.4682270550197987,0.5142139697957914
11495,Nikola,Djurisic,Guard,Crvena Zvezda Meridianbet Belgrade,CZV,Zalgiris Kaunas,ZAL,home,4.8,0.046,False,,0.0,11.728931754167782,11.728931754167782,11.728931754167782,2.576628878619432,0.2142144567091613,0.2142144567091613,0.35,79.86923629161679,0.9744801011921955,1.045,1,4.182288691281983,0.6373756732862847,0.49675603983713745,,,,,0.9,0.5058624253869027,0.5381048657840237,0.11210518037167161
11521,Marc-owen,Fodzo Dada,Guard,LDLC ASVEL Villeurbanne,ASV,Maccabi Rapyd Tel Aviv,MTA,home,4.8,0.002,False,,0.0,11.728931754167782,11.728931754167782,11.728931754167782,2.8254289451940164,0.21721613228825704,0.21721613228825704,0.35,85.28902647908335,1.0330138352168343,1.045,1,-0.7783277526979853,0.47392549551400137,0.5523558727773006,,,,,0.9,0.5962678651766209,0.6245265195229114,0.1301096915672732
11540,Mario,Saint-supery,Guard,Valencia Basket,VBC,Besiktas Istanbul,BJK,away,4.7,0.106,False,,0.0,11.530347367203488,11.530347367203488,11.530347367203488,2.770588704439969,0.21655450621359595,0.21655450621359595,0.35,,1.0,0.955,1,-1.8206091954137986,0.43920214640793864,0.5399851219298677,,,,,0.9,0.5156857914430236,0.5383348220904088,0.11453932384902316
3896,Juan,Nunez,Guard,FC Barcelona,BAR,Anadolu Efes Istanbul,EFS,home,4.6,0.017,False,71.0,0.612638123736983,11.330309319292514,12.657676337363977,12.657676337363977,2.048419265483652,0.20784181413626243,0.33308516440530767,0.2829934567315509,81.50327139185147,0.9921276802747302,1.045,1,3.2383906405487153,0.6072403783417816,0.6822980678146218,-0.05,1.0,-0.052500000000000005,22.324435318275153,1.0,0.251852199321111,0.26714568180130716,0.058075148217675475
3979,Giannoulis,Larentzakis,Guard,Olympiacos Piraeus,OLY,Kosner Baskonia Vitoria-Gasteiz,KBA,away,4.6,0.005,False,157.0,0.7103768732374734,11.330309319292514,9.700318867785533,9.700318867785533,1.444045834561408,0.20055028486446552,0.2760083838744529,0.06584624320684611,84.59918244028657,1.0255635195978292,0.955,1,4.217236513868823,0.6384765448775318,0.23866384469174046,0.0,14.0,0.0,33.02395619438741,0.5988021902806295,0.09350020423899381,0.09946997297377944,0.021623907168212924
4005,Edwin,Jackson,Forward,LDLC ASVEL Villeurbanne,ASV,Maccabi Rapyd Tel Aviv,MTA,home,4.6,0.027,False,121.0,0.7400711356277846,11.330309319292514,14.940555871075167,14.940555871075167,2.519362882327009,0.21352356484184734,0.24007134970528332,0.33419869028127736,85.28902647908335,1.0330138352168343,1.045,1,-0.7783277526979853,0.47392549551400137,0.24087508641438166,2.3684210526315788,23.0,2.486842105263158,37.034907597535934,0.39825462012320323,1.6380353553698932,1.715666027116206,0.3729708754600448
3936,Nikos,Rogkavopoulos,Forward,Panathinaikos AKTOR Athens,PAO,Paris Basketball,PBB,home,4.5,0.207,False,,0.0,11.12881761043486,11.12881761043486,13.751241615747608,5.591133662750707,0.2505832789453143,0.2505832789453143,0.35,88.49288762446658,1.0676155355869732,1.045,1,3.381689824450132,0.6118620992637143,1.2609401456102376,,,,,0.9,1.406778256899235,1.4928536866457265,0.33174526369905033
3977,Sergio,Llull,Guard,Real Madrid,RMB,Dubai Basketball,DUB,away,4.5,0.029,False,247.0,0.8472206683029813,11.12881761043486,15.493189121374618,15.493189121374618,4.976905115518851,0.2431728515463465,0.2914927668525315,0.1308691551024941,88.00000000000001,1.0622923492427345,0.955,1,-2.445666286151155,0.418583649662316,0.5077561448697877,1.7272727272727273,40.0,1.8136363636363637,38.87748117727584,0.35,1.2574249584219526,1.3100587112492272,0.29112415805538383
3984,Sertac,Sanli,Center,Fenerbahce Tarfin Istanbul,FBT,Virtus Bologna,VIR,home,4.5,0.109,False,212.0,0.7831927658276123,11.12881761043486,11.509346332740549,11.509346332740549,3.6491946161024087,0.2271545432031186,0.33271937115973865,0.39813586746099466,84.08511383883945,1.0200115787022004,1.045,1,6.715750981453553,0.7137416193840752,0.5975633959230229,0.2631578947368421,10.0,0.2763157894736842,35.15674195756331,0.49216290212183433,0.4230819321172009,0.4532790504533484,0.10072867787852186
3988,John,Dibartolomeo,Guard,Maccabi Rapyd Tel Aviv,MTA,LDLC ASVEL Villeurbanne,ASV,away,4.5,0.026,False,222.0,0.814033987469319,11.12881761043486,13.340415130395687,13.340415130395687,4.379879175846401,0.23596996688528374,0.32144343610963483,0.12469330438567063,83.80559424073098,1.0169927670426289,0.955,1,0.7783277526979853,0.5260745044859986,0.6840424640854611,3.1842105263157894,32.0,3.343421052631579,35.28268309377139,0.4858658453114305,2.121301332444508,2.232897587177631,0.49619946381725133
3991,Alberto,Abalde,Forward,Real Madrid,RMB,Dubai Basketball,DUB,away,4.5,0.06,False,244.0,0.8476784011325122,11.12881761043486,14.664851160056003,14.664851160056003,3.140544411054075,0.2210178772455236,0.298589689108215,0.5526228054043602,88.00000000000001,1.0622923492427345,0.955,1,-2.445666286151155,0.418583649662316,0.6660094943044809,3.590909090909091,42.0,3.7704545454545455,30.795345653661876,0.7102327173169062,2.4560268545019364,2.558832122944544,0.5686293606543431
3998,Dovydas,Giedraitis,Guard,Zalgiris Kaunas,ZAL,Crvena Zvezda Meridianbet Belgrade,CZV,away,4.5,0.013,False,110.0,0.7546143980628656,11.12881761043486,14.554140382859854,14.554140382859854,3.206589234827349,0.22181468223587308,0.1876400509383078,0.39899026321982595,81.23123149323949,0.9891896493697208,0.955,1,-4.182288691281983,0.3626243267137152,0.5679350462830312,0.8571428571428571,22.0,0.9,26.12183436002738,0.9439082819986311,0.7004392999192259,0.7258389328729294,0.16129754063842877
4012,Giampaolo,Ricci,Forward,Armani Olimpia Milan,MIL,Partizan Mozzart Bet Belgrade,PAR,away,4.5,0.035,False,194.0,0.7919003437432974,11.12881761043486,12.723155758057935,12.723155758057935,7.636823351552805,0.2752637256422384,0.241297496273497,0.3139051023214081,83.57377072261507,1.0144890730469769,0.955,1,-2.133590616966191,0.4288536922730516,0.9203010796381059,4.421052631578948,38.0,4.642105263157895,35.011635865845314,0.4994182067077343,2.9266165115134557,3.052125541196438,0.6782501202658752
4061,Eleftherios,Mantzoukas,Forward,Panathinaikos AKTOR Athens,PAO,Paris Basketball,PBB,home,4.5,0.003,False,69.0,0.4748202721651595,11.12881761043486,8.037988110729682,9.932080880857516,1.3974485933437386,0.19998810735807654,0.17539319397028957,0.14183530031712901,88.49288762446658,1.0676155355869732,1.045,1,3.381689824450132,0.6118620992637143,0.24510297219584667,,,,23.23340177960301,1.0,0.2734511492768951,0.29018258870115876,0.06448501971136861
4165,Tomer,Ginat,Forward,Hapoel IBI Tel Aviv,HTA,FC Bayern Munich,BAY,home,4.5,0.003,False,104.0,0.711817156815415,11.12881761043486,14.095114487834996,14.095114487834996,4.342754042286344,0.23552206665634837,0.31608457170436904,0.5905866964775109,81.9984540697545,0.9974756531960829,1.045,1,8.766135192749648,0.7693323947529245,0.8991930531401162,1.0238095238095237,19.0,1.075,31.89869952087611,0.6550650239561944,1.0152220095076152,1.0933263274856522,0.24296140610792272
7228,Klemen,Prepelic,Guard,Dubai Basketball,DUB,Real Madrid,RMB,home,4.5,0.015,False,142.0,0.7408787417011813,11.12881761043486,13.870965209284043,13.870965209284043,4.300688553089463,0.2350145629672079,0.3393025318286498,0.290100718585123,80.18097815455228,0.9778469133118989,1.045,1,2.445666286151155,0.581416350337684,0.8064742702738448,2.3684210526315788,35.0,2.486842105263158,33.946611909650926,0.5526694045174536,1.781740967374617,1.8853343004244254,0.4189631778720945
7239,Izan,Almansa,Forward,Real Madrid,RMB,Dubai Basketball,DUB,away,4.5,0.002,False,3.0,0.020060184636993543,11.12881761043486,9.516069506887856,9.516069506887856,1.4265366218323925,0.20033904305500194,0.1921554606460272,0.28865979381443296,88.00000000000001,1.0622923492427345,0.955,1,-2.445666286151155,0.418583649662316,0.2741168016966309,-0.045454545454545456,5.0,-0.04772727272727273,21.31690622861054,1.0,0.08356752613795983,0.08706552614636764,0.01934789469919281
7241,Gur,Lavy,Forward,Maccabi Rapyd Tel Aviv,MTA,LDLC ASVEL Villeurbanne,ASV,away,4.5,0.001,True,,0.0,11.12881761043486,11.12881761043486,0.0,0.0,0.1831284361633178,0.18312843616331778,0.35,83.80559424073098,1.0169927670426289,0.955,0,0.7783277526979853,0.5260745044859986,0.0,,,,,0.9,0.0,0.0,0.0
9063,Amit,Ebo,Guard,Maccabi Rapyd Tel Aviv,MTA,LDLC ASVEL Villeurbanne,ASV,away,4.5,0.002,False,0.0,0.0,11.12881761043486,9.870348213245995,9.870348213245995,2.1603991667420024,0.20919280788632227,0.20919280788632227,0.31042128603104213,83.80559424073098,1.0169927670426289,0.955,1,0.7783277526979853,0.5260745044859986,0.4070398403081445,0.0,3.0,0.0,26.986995208761122,0.9006502395619439,0.15813141107377962,0.16645030144621065,0.0369889558769357
11541,Alvaro,Cardenas,Guard,Valencia Basket,VBC,Besiktas Istanbul,BJK,away,4.5,0.027,False,,0.0,11.12881761043486,11.12881761043486,11.12881761043486,1.8718745210626833,0.20571187078358547,0.2057118707835855,0.35,,1.0,0.955,1,-1.8206091954137986,0.43920214640793864,0.3465601286399394,,,,,0.9,0.3309649228511421,0.345500973301338,0.076777994066964
3983,Dejan,Davidovac,Forward,Crvena Zvezda Meridianbet Belgrade,CZV,Zalgiris Kaunas,ZAL,home,4.4,0.022,False,173.0,0.7948475097420903,10.92587224063053,14.348465788023685,14.348465788023685,4.728137918463996,0.24017157252516183,0.3203871263708737,0.2707117740496832,79.86923629161679,0.9744801011921955,1.045,1,4.182288691281983,0.6373756732862847,1.0070383492877248,1.8717948717948718,31.0,1.9653846153846155,31.704312114989733,0.6647843942505134,1.5538644707533769,1.6529040120775838,0.37566000274490535
3986,Niels,Giffey,Forward,FC Bayern Munich,BAY,Hapoel IBI Tel Aviv,HTA,away,4.4,0.029,False,218.0,0.8225712513387724,10.92587224063053,15.111348623760508,15.111348623760508,5.120564320798892,0.24490604372003966,0.29932675397096464,0.20470327664303303,85.40476190476191,1.034263777814163,0.955,1,-8.766135192749648,0.23066760524707547,0.7421794016296976,3.1052631578947367,34.0,3.2605263157894737,35.31553730321698,0.48422313483915114,2.1335086121521796,2.182721744386095,0.49607312372411244
4007,Erkan,Yilmaz,Forward,Anadolu Efes Istanbul,EFS,FC Barcelona,BAR,away,4.4,0.007,False,82.0,0.554869608665602,10.92587224063053,8.055236073533715,8.055236073533715,2.548522299397036,0.21387536181411032,0.2566986797703251,0.21163245691599566,79.57930869110298,0.9713488831066465,0.955,1,-3.2383906405487153,0.3927596216582184,0.5290262277214808,1.0,33.0,1.05,28.826830937713893,0.8086584531143053,0.7528808815548966,0.7824510025742174,0.1778297733123221
4088,Berk,Ugurlu,Guard,Besiktas Istanbul,BJK,Valencia Basket,VBC,home,4.4,0.011,False,78.0,0.6441012299219431,10.92587224063053,13.104359262069519,13.104359262069519,4.65974623641624,0.23934645360681744,0.25791762536023627,0.38865445136692345,83.59465633667503,1.0147146376788245,1.045,1,1.8206091954137986,0.5607978535920614,0.8756253741728864,,,,30.428473648186174,0.7285763175906913,0.9284928290895557,0.98056250765246,0.22285511537555908
11524,Nikolaos,Plotas,Guard,Olympiacos Piraeus,OLY,Kosner Baskonia Vitoria-Gasteiz,KBA,away,4.4,0.003,False,6.0,0.01436006348831258,10.92587224063053,8.23896125675028,8.23896125675028,1.2264996487315583,0.19792567514341014,0.19363987946174255,0.25707142374888015,84.59918244028657,1.0255635195978292,0.955,1,4.217236513868823,0.6384765448775318,0.2374992441402485,,,,22.302532511978097,1.0,0.232609885489794,0.24746148108898217,0.0562412457020414
11548,Tommaso,Baldasso,Guard,Virtus Bologna,VIR,Fenerbahce Tarfin Istanbul,FBT,away,4.4,0.004,False,7.0,0.05593473135120714,10.92587224063053,8.662797084993896,8.662797084993896,1.4788058686480043,0.2009696510924685,0.20143265695162715,0.2503523233952961,79.64752553076217,0.9720856249749656,0.955,1,-6.715750981453553,0.2862583806159248,0.24320733316150867,,,,28.670773442847366,0.8164613278576317,0.22577952659433384,0.23224265476024625,0.0527824215364196
3867,Kostas,Papanikolaou,Forward,Olympiacos Piraeus,OLY,Kosner Baskonia Vitoria-Gasteiz,KBA,away,4.3,0.091,False,257.0,0.8799201400195373,10.721473209879516,19.521196166841595,19.521196166841595,8.302967707882033,0.2833004969907158,0.31823473748876246,0.746109661465225,84.59918244028657,1.0255635195978292,0.955,1,4.217236513868823,0.6384765448775318,1.166605706827549,1.9069767441860466,38.0,2.002325581395349,36.16974674880219,0.4415126625598905,1.5776664661197113,1.678396769545437,0.3903248301268458
4378,William,Rayman,Forward,Maccabi Rapyd Tel Aviv,MTA,LDLC ASVEL Villeurbanne,ASV,away,4.3,0.027,False,71.0,0.6220437621354464,10.721473209879516,11.462101290749892,15.825847548149405,7.433845683020012,0.27281487938940174,0.2611733841224465,0.3576189381751322,83.80559424073098,1.0169927670426289,0.955,1,0.7783277526979853,0.5260745044859986,1.504646818915292,2.763157894736842,38.0,2.901315789473684,29.50034223134839,0.7749828884325805,2.1947360468155637,2.3101955146461695,0.5372547708479464
3997,Stefano,Tonut,Guard,Armani Olimpia Milan,MIL,Partizan Mozzart Bet Belgrade,PAR,away,4.2,0.02,False,125.0,0.7340111257603225,10.515620518181827,12.449743161004054,12.449743161004054,2.580227147096038,0.2142578684122286,0.2807803367773416,0.250012775269579,83.57377072261507,1.0144890730469769,0.955,1,-2.133590616966191,0.4288536922730516,0.43838051587028454,0.3684210526315789,20.0,0.3868421052631579,32.89801505817933,0.6050992470910334,0.3840516996338631,0.40052189857503545,0.09536235680357986
4038,Dimitris,Moraitis,Guard,Panathinaikos AKTOR Athens,PAO,Paris Basketball,PBB,home,4.2,0.006,False,8.0,0.0324718228961038,10.515620518181827,5.889328510524934,7.533468975044949,1.5142324796444764,0.20139705931040947,0.21792562023128537,0.1842578029889248,88.49288762446658,1.0676155355869732,1.045,1,3.381689824450132,0.6118620992637143,0.28613819148348346,,,,27.65776865160849,0.8671115674195755,0.3192324295873908,0.33876505203943047,0.08065834572367392
7230,Awudu,Abass,Forward,Dubai Basketball,DUB,Real Madrid,RMB,home,4.2,0.026,False,113.0,0.7071207838234758,10.515620518181827,12.867251618532901,12.867251618532901,1.8617608141623974,0.2055898528619881,0.22369820853946484,0.33215944835464806,80.18097815455228,0.9778469133118989,1.045,1,2.445666286151155,0.581416350337684,0.23581582773069076,1.9210526315789473,36.0,2.017105263157895,33.67556468172484,0.5662217659137578,1.2742039708134185,1.3482882730430308,0.3210210173911978
8623,Kosta,Kondic,Guard,Dubai Basketball,DUB,Real Madrid,RMB,home,4.2,0.016,False,16.0,0.28549525598621,10.515620518181827,10.003803883701886,10.003803883701886,2.0677842385566905,0.20807544496909727,0.23977024740495848,0.25810810810810814,80.18097815455228,0.9778469133118989,1.045,1,2.445666286151155,0.581416350337684,0.49194149429624634,1.5789473684210527,20.0,1.6578947368421053,25.155373032169745,0.9922313483915127,1.169144615360928,1.2371205948889386,0.2945525225926044
11542,Lucas,Mari,Guard,Valencia Basket,VBC,Besiktas Istanbul,BJK,away,4.2,0.008,False,5.0,0.01558282510718465,10.515620518181827,8.434898801507435,8.434898801507435,1.418755586350828,0.2002451679025285,0.1950088392811859,0.2725403657832384,,1.0,0.955,1,-1.8206091954137986,0.43920214640793864,0.2766698801179733,,,,20.947296372347708,1.0,0.2642197355126645,0.27582432300871446,0.06567245785921773
3916,Gabriele,Procida,Forward,Real Madrid,RMB,Dubai Basketball,DUB,away,4.1,0.08,False,86.0,0.6905512712913616,10.308314165537452,13.881503230949283,13.881503230949283,2.080950828564308,0.20823429473240304,0.3204976094095655,0.3039980127545971,88.00000000000001,1.0622923492427345,0.955,1,-2.445666286151155,0.418583649662316,0.6669397658537153,0.1590909090909091,12.0,0.16704545454545455,24.334017796030118,1.0,0.36747887891340864,0.3828609439443477,0.09338071803520677
3976,Arijan,Lakic,Forward,Partizan Mozzart Bet Belgrade,PAR,Armani Olimpia Milan,MIL,home,4.0,0.256,False,36.0,0.4806785929549074,10.099554151946403,9.069292332286151,9.069292332286151,4.260680431465995,0.2345318806138788,0.21559985538485105,0.1762817972898011,81.57101133892995,0.9928592717031777,1.045,1,2.133590616966191,0.5711463077269484,0.840668663633762,1.7894736842105263,32.0,1.8789473684210527,26.69678302532512,0.9151608487337439,1.4628783558867493,1.5464301130485878,0.38660752826214695
4000,Melih,Mahmutoglu,Guard,Fenerbahce Tarfin Istanbul,FBT,Virtus Bologna,VIR,home,4.0,0.051,False,144.0,0.6225822441931858,10.099554151946403,7.507290924812953,7.507290924812953,1.1108013367354588,0.19652982022085053,0.2067977403103129,0.15129246570080296,84.08511383883945,1.0200115787022004,1.045,1,6.715750981453553,0.7137416193840752,0.09890474631581503,0.023255813953488372,15.0,0.02441860465116279,36.388774811772755,0.43056125941136225,0.057042698417495645,0.06111407321174973,0.015278518302937432
4003,Enzo,Shahrvin,Center,Paris Basketball,PBB,Panathinaikos AKTOR Athens,PAO,away,4.0,0.085,False,26.0,0.2804908982247212,10.099554151946403,8.19169049390576,8.19169049390576,2.7312381469652043,0.21607975711476324,0.2635573778588687,0.16020597911600631,82.41060349139468,1.001926866949797,0.955,1,-3.381689824450132,0.38813790073628573,0.7198379643222647,0.631578947368421,13.0,0.6631578947368421,23.630390143737166,1.0,0.6381000084383136,0.6628670882118188,0.1657167720529547
4009,Ousmane,Diop,Center,Armani Olimpia Milan,MIL,Partizan Mozzart Bet Belgrade,PAR,away,4.0,0.163,False,20.0,0.24066204145479023,10.099554151946403,7.384260760415403,7.384260760415403,2.591880177748375,0.21439845767336968,0.2575188057689712,0.17345162558257063,83.57377072261507,1.0144890730469769,0.955,1,-2.133590616966191,0.4288536922730516,0.6135724274965463,0.15789473684210525,11.0,0.16578947368421051,26.614647501711158,0.9192676249144421,0.3295652478992168,0.3436987752398631,0.08592469380996577
4013,Diego,Flaccadori,Guard,Armani Olimpia Milan,MIL,Partizan Mozzart Bet Belgrade,PAR,away,4.0,0.036,False,129.0,0.6616765119936142,10.099554151946403,8.996388201451806,8.996388201451806,1.4736110316299635,0.20090697741384325,0.215574120979644,0.26005254527443705,83.57377072261507,1.0144890730469769,0.955,1,-2.133590616966191,0.4288536922730516,0.2304918758372679,0.15789473684210525,14.0,0.16578947368421051,30.48870636550308,0.725564681724846,0.18110819300475112,0.18887508473184994,0.047218771182962485
4016,Nicola,Akele,Forward,Armani Olimpia Milan,MIL,Partizan Mozzart Bet Belgrade,PAR,away,4.0,0.086,False,63.0,0.5382990293144695,10.099554151946403,9.388872538937317,9.388872538937317,4.394000232770532,0.23614033191895817,0.26421121811413295,0.2581566027337509,83.57377072261507,1.0144890730469769,0.955,1,-2.133590616966191,0.4288536922730516,0.818501386528818,2.263157894736842,29.0,2.376315789473684,30.899383983572896,0.7050308008213552,1.632776543425555,1.702798768356043,0.42569969208901076
4019,Panagiotis,Kalaitzakis,Guard,Panathinaikos AKTOR Athens,PAO,Paris Basketball,PBB,home,4.0,0.008,False,132.0,0.6261607420890454,10.099554151946403,6.897391539777081,8.82295580570639,2.6601303380403256,0.215221869187033,0.24371038570441325,0.22126236528795834,88.49288762446658,1.0676155355869732,1.045,1,3.381689824450132,0.6118620992637143,0.5593097111003905,0.5909090909090909,33.0,0.6204545454545455,27.745379876796715,0.8627310061601643,0.645150949907107,0.6846252913623211,0.17115632284058027
4023,Mitar,Bosnjakovic,Guard,Partizan Mozzart Bet Belgrade,PAR,Armani Olimpia Milan,MIL,home,4.0,0.02,False,7.0,0.07798286469571417,10.099554151946403,4.951653537125349,4.951653537125349,0.8141864210147165,0.19295127717151583,0.1862313510842011,0.19249343832021,81.57101133892995,0.9928592717031777,1.045,1,2.133590616966191,0.5711463077269484,0.15162703721998083,0.0,24.0,0.0,20.10403832991102,1.0,0.06292752147330165,0.06652160362769009,0.016630400906922523
4026,Burakcan,Yildizli,Forward,Anadolu Efes Istanbul,EFS,FC Barcelona,BAR,away,4.0,0.02,False,9.0,0.12840980832808174,10.099554151946403,8.353071635892068,8.353071635892068,1.761834508486195,0.20438428103241787,0.19401138868198065,0.3086128754077701,79.57930869110298,0.9713488831066465,0.955,1,-3.2383906405487153,0.3927596216582184,0.21460006089031436,0.0,1.0,0.0,32.4435318275154,0.62782340862423,0.07962848425388243,0.08275596958875965,0.020688992397189913
4036,Mert,Eksioglu,Guard,Fenerbahce Tarfin Istanbul,FBT,Virtus Bologna,VIR,home,4.0,0.004,False,3.0,0.017248013945250683,10.099554151946403,8.588920267334899,8.588920267334899,1.81548923756172,0.20503160437194248,0.20149521640051812,0.28765153071707417,84.08511383883945,1.0200115787022004,1.045,1,6.715750981453553,0.7137416193840752,0.3658123967953104,,,,24.744695414099933,1.0,0.3899238599804012,0.4177543487062913,0.10443858717657283
4174,Guy,Palatin,Guard,Hapoel IBI Tel Aviv,HTA,FC Bayern Munich,BAY,home,4.0,0.006,False,27.0,0.14902379390494327,10.099554151946403,5.5923420332119385,5.944213650407013,0.854668734880145,0.19343968046894308,0.1961076300662459,0.1438996813649913,81.9984540697545,0.9974756531960829,1.045,1,8.766135192749648,0.7693323947529245,0.1591005142262255,0.023809523809523808,15.0,0.025,26.015058179329227,0.9492470910335387,0.08122702228598291,0.08747608024337535,0.021869020060843836
4175,Oz,Blayzer,Forward,Hapoel IBI Tel Aviv,HTA,FC Bayern Munich,BAY,home,4.0,0.01,False,72.0,0.4102829484236437,10.099554151946403,7.362155441095925,7.362155441095925,1.5122038835680114,0.20137258509146566,0.19786736395613114,0.16655943973378387,81.9984540697545,0.9974756531960829,1.045,1,8.766135192749648,0.7693323947529245,0.1682346446223657,0.0,3.0,0.0,33.75496235455168,0.5622518822724161,0.07014456413059034,0.07554101268073905,0.018885253170184763
4551,Bar,Timor,Guard,Hapoel IBI Tel Aviv,HTA,FC Bayern Munich,BAY,home,4.0,0.011,False,71.0,0.6155548407445399,10.099554151946403,10.490780556228186,11.150863201037112,1.6032893003769122,0.20247149505162468,0.23284097459566727,0.23686135161864225,81.9984540697545,0.9974756531960829,1.045,1,8.766135192749648,0.7693323947529245,0.19446178911152046,0.42857142857142855,26.0,0.45,34.58179329226557,0.5209103353867213,0.34911579391433556,0.37597440289215395,0.09399360072303849
7245,David,Mutaf,Guard,Anadolu Efes Istanbul,EFS,FC Barcelona,BAR,away,4.0,0.009,False,23.0,0.18508260768754162,10.099554151946403,6.0989785647042245,6.0989785647042245,0.9004799622392039,0.19399237502528022,0.2013123721399652,0.21785227121834236,79.57930869110298,0.9713488831066465,0.955,1,-3.2383906405487153,0.3927596216582184,0.18127775726288042,0.2894736842105263,20.0,0.30394736842105263,24.298425735797398,1.0,0.22838017330499855,0.23735002435114952,0.05933750608778738
7246,Stefan,Miljenovic,Guard,Crvena Zvezda Meridianbet Belgrade,CZV,Zalgiris Kaunas,ZAL,home,4.0,0.079,False,13.0,0.15982125197135688,10.099554151946403,6.605231584455932,6.605231584455932,1.0157328531732215,0.19538285611678394,0.21414715894616432,0.26722090261282666,79.86923629161679,0.9744801011921955,1.045,1,4.182288691281983,0.6373756732862847,0.21630291811346794,0.717948717948718,26.0,0.7538461538461538,25.111567419575632,0.9944216290212184,0.5267732133761726,0.5603484565306543,0.1400871141326636
7248,Nemanja,Dangubic,Forward,Dubai Basketball,DUB,Real Madrid,RMB,home,4.0,0.078,False,91.0,0.5518292684429471,10.099554151946403,9.646562565449619,9.646562565449619,1.3957597712515788,0.1999677323794792,0.1855882336118213,0.2565798646829043,80.18097815455228,0.9778469133118989,1.045,1,2.445666286151155,0.581416350337684,0.14936712913131064,0.21052631578947367,26.0,0.22105263157894736,33.46748802190281,0.5766255989048594,0.190128114376779,0.2011824738125323,0.05029561845313307
7250,Ioannis,Kouzeloglou,Forward,Panathinaikos AKTOR Athens,PAO,Paris Basketball,PBB,home,4.0,0.023,False,3.0,0.03470050577671416,10.099554151946403,9.24659186776046,11.425483222634336,2.7611977584270084,0.21644120811966938,0.2089305887269938,0.29914529914529914,88.49288762446658,1.0676155355869732,1.045,1,3.381689824450132,0.6118620992637143,0.3893572462476633,0.0,4.0,0.0,31.50171115674196,0.6749144421629021,0.17375584720471984,0.18438730894772234,0.046096827236930586
7254,Itay,Segev,Center,Hapoel IBI Tel Aviv,HTA,FC Bayern Munich,BAY,home,4.0,0.027,False,1.0,0.006299646201269865,10.099554151946403,9.069929772605827,9.069929772605827,2.7944770663077656,0.2168427099646254,0.21125345110687907,0.31042128603104213,81.9984540697545,0.9974756531960829,1.045,1,8.766135192749648,0.7693323947529245,0.40449198108627915,-0.047619047619047616,3.0,-0.05,31.29637234770705,0.6851813826146476,0.13886906439948726,0.1495527113866428,0.0373881778466607
7255,Omiros,Netzipoglou,Guard,Olympiacos Piraeus,OLY,Kosner Baskonia Vitoria-Gasteiz,KBA,away,4.0,0.015,False,4.0,0.02995812652579503,10.099554151946403,7.303046554421172,7.303046554421172,1.0871739476052342,0.19624476500391905,0.18212028357937596,0.23850085178875638,84.59918244028657,1.0255635195978292,0.955,1,4.217236513868823,0.6384765448775318,0.19799642763797487,-0.09302325581395349,11.0,-0.09767441860465116,23.86858316221766,1.0,0.022903202214942582,0.024365517956625376,0.006091379489156344
8644,Stefan,Joksimovic,Forward,Kosner Baskonia Vitoria-Gasteiz,KBA,Olympiacos Piraeus,OLY,home,4.0,0.072,False,11.0,0.12193569276529889,10.099554151946403,8.294318294329408,8.294318294329408,4.1749440709861565,0.23349750492806792,0.19569639164132646,0.3349436392914654,78.91970211455063,0.9642251320798811,1.045,1,-4.217236513868823,0.3615234551224682,0.8170214899963407,-0.13157894736842105,13.0,-0.1381578947368421,17.872689938398356,1.0,0.24974875601880778,0.2587777593376535,0.06469443983441338
8681,Aleksej,Nedeljkovic,Forward,Crvena Zvezda Meridianbet Belgrade,CZV,Zalgiris Kaunas,ZAL,home,4.0,0.034,False,0.0,0.0,10.099554151946403,8.32952919748157,8.32952919748157,1.8298431541225708,0.2052047787661389,0.20520477876613893,0.28865979381443296,79.86923629161679,0.9744801011921955,1.045,1,4.182288691281983,0.6373756732862847,0.375492559618456,0.0,5.0,0.0,18.406570841889117,1.0,0.15295039149245418,0.16269907736814457,0.04067476934203614
8770,Ruzgar,Fenemen,Guard,Anadolu Efes Istanbul,EFS,FC Barcelona,BAR,away,4.0,0.009,False,0.0,0.0,10.099554151946403,9.687821728485758,9.687821728485758,1.4303525175071765,0.2003850803451726,0.2003850803451726,0.3357314148681055,79.57930869110298,0.9713488831066465,0.955,1,-3.2383906405487153,0.3927596216582184,0.28662130414259546,0.0,1.0,0.0,18.494182067077343,1.0,0.10635234635562957,0.11052943708733966,0.027632359271834914
9061,Matteo,Baiocchi,Guard,Virtus Bologna,VIR,Fenerbahce Tarfin Istanbul,FBT,away,4.0,0.02,False,5.0,0.09520515280665476,10.099554151946403,9.405789969387081,9.405789969387081,1.605640449560403,0.20249986074775997,0.17168469626022803,0.2697495183044316,79.64752553076217,0.9720856249749656,0.955,1,-6.715750981453553,0.2862583806159248,0.2756638928859138,-0.15789473684210525,7.0,-0.16578947368421051,19.16495550992471,1.0,0.01441595484325443,0.01482862363210066,0.003707155908025165
9062,Kilian,Fischer,Forward,FC Bayern Munich,BAY,Hapoel IBI Tel Aviv,HTA,away,4.0,0.052,False,0.0,0.0,10.099554151946403,9.3083448405036,9.3083448405036,2.102789528704723,0.20849777011564224,0.20849777011564224,0.3225806451612903,85.40476190476191,1.034263777814163,0.955,1,-8.766135192749648,0.23066760524707547,0.43842692775745706,0.0,2.0,0.0,19.644079397672826,1.0,0.17321755260839194,0.17721312041308565,0.04430328010327141
11496,Andrej,Bjelic,Guard,Crvena Zvezda Meridianbet Belgrade,CZV,Zalgiris Kaunas,ZAL,home,4.0,0.039,False,,0.0,10.099554151946403,10.099554151946403,10.099554151946403,1.5530793770615319,0.2018657319474622,0.2018657319474622,0.35,79.86923629161679,0.9744801011921955,1.045,1,4.182288691281983,0.6373756732862847,0.2821621547007313,,,,,0.9,0.2873346682933185,0.305648681059513,0.07641217026487825
11497,Vojin,Medarevic,Center,Crvena Zvezda Meridianbet Belgrade,CZV,Zalgiris Kaunas,ZAL,home,4.0,0.061,False,,0.0,10.099554151946403,10.099554151946403,10.099554151946403,2.218684824373617,0.20989600156923838,0.20989600156923838,0.35,79.86923629161679,0.9744801011921955,1.045,1,4.182288691281983,0.6373756732862847,0.4191237660405331,,,,,0.9,0.42680701959067824,0.4540106607381703,0.11350266518454258
11533,Uros,Mijailovic,Forward,Partizan Mozzart Bet Belgrade,PAR,Armani Olimpia Milan,MIL,home,4.0,0.063,False,5.0,0.025269878402417328,10.099554151946403,7.031823941686361,7.031823941686361,2.4776206539731915,0.21301996116845712,0.19520916360207335,0.2317880794701987,81.57101133892995,0.9928592717031777,1.045,1,2.133590616966191,0.5711463077269484,0.4836542555853287,-0.15789473684210525,12.0,-0.16578947368421051,18.570841889117045,1.0,0.1024307878992409,0.10828108452986226,0.027070271132465566
3868,Zeljko,Obradovic,Head Coach,Panathinaikos AKTOR Athens,PAO,Paris Basketball,PBB,home,10.0,0.131,False,,,,,,,,,,,,,1,3.381689824450132,,,,,,,,6.612125,6.612125,0.6612125
3885,Georgios,Bartzokas,Head Coach,Olympiacos Piraeus,OLY,Kosner Baskonia Vitoria-Gasteiz,KBA,away,10.0,0.054,False,,,,,,,,,,,,,1,4.217236513868823,,,,,,,,7.417375,7.417375,0.7417374999999999
3872,Pedro,Martinez,Head Coach,Real Madrid,RMB,Dubai Basketball,DUB,away,9.0,0.008,False,,,,,,,,,,,,,1,-2.445666286151155,,,,,,,,0.942625,0.942625,0.10473611111111111
3897,Saras,Jasikevicius,Head Coach,Fenerbahce Tarfin Istanbul,FBT,Virtus Bologna,VIR,home,9.0,0.123,False,,,,,,,,,,,,,1,6.715750981453553,,,,,,,,9.782625,9.782625,1.0869583333333332
4172,Dimitris,Itoudis,Head Coach,Hapoel IBI Tel Aviv,HTA,FC Bayern Munich,BAY,home,8.5,0.075,False,,,,,,,,,,,,,1,8.766135192749648,,,,,,,,11.671,11.671,1.3730588235294117
3909,Aleksander,Sekulic,Head Coach,FC Barcelona,BAR,Anadolu Efes Istanbul,EFS,home,8.0,0.007,False,,,,,,,,,,,,,1,3.2383906405487153,,,,,,,,6.463625,6.463625,0.807953125
7235,Xavi,Pascual,Head Coach,Dubai Basketball,DUB,Real Madrid,RMB,home,8.0,0.014,False,,,,,,,,,,,,,1,2.445666286151155,,,,,,,,5.6645,5.6645,0.7080625
3921,Pablo,Laso,Head Coach,Anadolu Efes Istanbul,EFS,FC Barcelona,BAR,away,7.5,0.017,False,,,,,,,,,,,,,1,-3.2383906405487153,,,,,,,,0.178375,0.178375,0.023783333333333333
4006,Tomas,Masiulis,Head Coach,Zalgiris Kaunas,ZAL,Crvena Zvezda Meridianbet Belgrade,CZV,away,7.5,0.035,False,,,,,,,,,,,,,1,-4.182288691281983,,,,,,,,-0.71475,-0.71475,-0.0953
3924,Giuseppe,Poeta,Head Coach,Armani Olimpia Milan,MIL,Partizan Mozzart Bet Belgrade,PAR,away,7.0,0.022,False,,,,,,,,,,,,,1,-2.133590616966191,,,,,,,,1.25525,1.25525,0.17932142857142858
3938,Ibon,Navarro,Head Coach,Crvena Zvezda Meridianbet Belgrade,CZV,Zalgiris Kaunas,ZAL,home,7.0,0.097,False,,,,,,,,,,,,,1,4.182288691281983,,,,,,,,7.37875,7.37875,1.054107142857143
4255,Xavier,Albert,Head Coach,Valencia Basket,VBC,Besiktas Istanbul,BJK,away,7.0,0.033,False,,,,,,,,,,,,,1,-1.8206091954137986,,,,,,,,1.55475,1.55475,0.22210714285714286
3943,Joan,Penarroya,Head Coach,Partizan Mozzart Bet Belgrade,PAR,Armani Olimpia Milan,MIL,home,6.5,0.074,False,,,,,,,,,,,,,1,2.133590616966191,,,,,,,,5.36875,5.36875,0.8259615384615385
3961,Oded,Kattash,Head Coach,Maccabi Rapyd Tel Aviv,MTA,LDLC ASVEL Villeurbanne,ASV,away,6.5,0.188,False,,,,,,,,,,,,,1,0.7783277526979853,,,,,,,,4.037375,4.037375,0.6211346153846153
4014,Tony,Parker,Head Coach,LDLC ASVEL Villeurbanne,ASV,Maccabi Rapyd Tel Aviv,MTA,home,6.0,0.026,False,,,,,,,,,,,,,1,-0.7783277526979853,,,,,,,,2.55225,2.55225,0.425375
4086,Dusan,Alimpijevic,Head Coach,Besiktas Istanbul,BJK,Valencia Basket,VBC,home,6.0,0.069,False,,,,,,,,,,,,,1,1.8206091954137986,,,,,,,,5.063125,5.063125,0.8438541666666667
3955,Paolo,Galbiati,Head Coach,Kosner Baskonia Vitoria-Gasteiz,KBA,Olympiacos Piraeus,OLY,home,5.0,0.006,False,,,,,,,,,,,,,1,-4.217236513868823,,,,,,,,-0.74525,-0.74525,-0.14905
3964,Alex,Mumbru,Head Coach,Virtus Bologna,VIR,Fenerbahce Tarfin Istanbul,FBT,away,5.0,0.006,False,,,,,,,,,,,,,1,-6.715750981453553,,,,,,,,-3.06825,-3.06825,-0.61365
3974,Anton,Gavel,Head Coach,FC Bayern Munich,BAY,Hapoel IBI Tel Aviv,HTA,away,5.0,0.01,False,,,,,,,,,,,,,1,-8.766135192749648,,,,,,,,-4.926125,-4.926125,-0.985225
3995,Maxime,Lefevre,Head Coach,Paris Basketball,PBB,Panathinaikos AKTOR Athens,PAO,away,5.0,0.006,False,,,,,,,,,,,,,1,-3.381689824450132,,,,,,,,0.030875,0.030875,0.006175
