player_id,first_name,last_name,position,team,team_abbr,opponent,opponent_abbr,home_away,price,popularity,is_injured,appearances,confidence,prior_minutes,raw_minutes,avail_minutes,minutes_pg,prior_rate,pir_per_min,start_rate,opp_pa,opp_factor,home_factor,prob_playing,exp_margin,p_win,model_pir,last_pir_pg,last_games,last_fpts,age,age_factor,proj_pir,proj,value,proj_horizon,proj_round1,schedule_swing,name_key,name,ls_mpg,ls_pir,ls_club,moved,same_coach,competition,pos_rank,minutes_share,vacated,star_power,n_over_10,thin,role_score,opportunity,breakout,continuity,own
3766,Sasha,Vezenkov,Forward,Olympiacos Piraeus,OLY,Kosner Baskonia Vitoria-Gasteiz,KBA,away,17.0,0.4,False,240.0,0.893213215264178,25.049408880875088,26.19202580591641,26.19202580591641,24.012572168555607,0.4728307359334822,0.6911671440442024,0.7592273628031453,84.59918244028657,1.0255635195978292,0.955,1,4.217236513868823,0.6384765448775318,13.532615957004282,20.069767441860463,39.0,21.073255813953487,31.15400410677618,0.8153798767967145,17.095565494648888,18.187077253623983,1.0698280737425871,17.974034654670255,18.187077253623983,-0.2130425989537272,VEZENKOV SASHA,Sasha Vezenkov,25.24612403100775,20.069767441860463,OLY,False,True,57.91247528155047,1,0.31142240269254157,15.184108527131782,48.988140015097606,5.0,deep,1.85,0.29,1.71,3,0.4
3765,Mike,James,Guard,Anadolu Efes Istanbul,EFS,FC Barcelona,BAR,away,16.0,0.019,False,280.0,0.920001694068206,24.7716166235806,29.84134193064481,29.84134193064481,25.35498409856445,0.4890264112918985,0.5982003024721801,0.8783479847525433,79.57930869110298,0.9713488831066464,0.955,1,-3.238390640548716,0.3927596216582184,10.107316359756211,17.27906976744186,39.0,18.143023255813954,36.120465434633815,0.6663860369609855,13.367607968274577,13.892633633084069,0.8682896020677542,14.46733586830273,13.892633633084069,0.5747022352186608,JAMES MIKE,Mike James,27.151162790697676,17.27906976744186,,False,True,115.25755778227823,1,0.20566208282547735,79.56973684210527,31.667246603489886,1.0,thin,1.54,1.14,1.51,3,0.019
3770,Chima,Moneke,Forward,Crvena Zvezda Meridianbet Belgrade,CZV,Zalgiris Kaunas,ZAL,home,15.5,0.035,False,118.0,0.839668595635184,24.57820820943288,24.55447942452809,24.55447942452809,24.085290654591763,0.4737080560511523,0.6433804888382836,0.593578353125131,79.86923629161679,0.9744801011921956,1.045,1,4.182288691281983,0.6373756732862847,12.813319684615085,16.615384615384617,36.0,17.446153846153848,30.770704996577688,0.8268788501026694,15.371267650485075,16.35099485728424,1.054902894018338,16.52070280697177,16.35099485728424,0.1697079496875311,MONEKE CHIMA,Chima Moneke,24.14786324786325,16.615384615384617,CZV,False,False,79.88940960309824,1,0.23509732980196876,23.16111111111111,40.757368672423816,3.0,deep,1.2,0.14,1.41,2,0.035
3903,Elijah,Bryant,Guard,Hapoel IBI Tel Aviv,HTA,FC Bayern Munich,BAY,home,15.5,0.057,False,231.0,0.8885050429212389,24.57820820943288,24.577897359874548,26.12434506280708,22.125964319767647,0.4500695494715827,0.5059944121025041,0.6648308160400647,81.9984540697545,0.9974756531960828,1.045,1,8.766135192749648,0.7693323947529245,9.02844683214013,17.714285714285715,38.0,18.6,31.45242984257358,0.8064271047227927,14.84318375024327,15.985117960276504,1.0312979329210648,15.208265237337436,15.985117960276504,-0.7768527229390685,BRYANT ELIJAH,Elijah Bryant,26.67142857142857,17.714285714285715,HTA,False,True,164.4999718794705,2,0.1299882289701631,24.15039682539682,43.452654200427176,4.0,deep,0.32,-1.09,0.02,3,0.057
11549,Jonas,Valanciunas,Center,Zalgiris Kaunas,ZAL,Crvena Zvezda Meridianbet Belgrade,CZV,away,15.5,0.27,False,,0.0,24.57820820943288,24.57820820943288,24.57820820943288,24.16591253950676,0.4746807275878678,0.4746807275878678,0.35,81.23123149323949,0.9891896493697208,0.955,1,-4.182288691281983,0.3626243267137152,10.782827370253177,,,,,0.94,10.186279470443194,10.555658743911914,0.6810102415427042,10.883047179995922,10.555658743911914,0.3273884360840071,VALANCIUNAS JONAS,Jonas Valanciunas,,,,False,True,24.498735496007757,1,0.5008096746397057,33.391666666666666,31.54874361300777,2.0,thin,,1.11,0.74,2,0.27
3782,Nikola,Milutinov,Center,Olympiacos Piraeus,OLY,Kosner Baskonia Vitoria-Gasteiz,KBA,away,15.3,0.078,False,184.0,0.8431678667810828,24.49066921714703,21.36885297426301,21.36885297426301,19.96112898415509,0.4239516571046861,0.7458555564569103,0.6037939699290719,84.59918244028657,1.0255635195978292,0.955,1,4.217236513868823,0.6384765448775318,11.871669893349107,18.09302325581396,40.0,18.997674418604653,31.753593429158112,0.7973921971252567,15.283234957420817,16.259033662437368,1.0626819387213966,16.06857607875764,16.259033662437368,-0.1904575836797271,MILUTINOV NIKOLA,Nikola Milutinov,20.03139534883721,18.093023255813954,OLY,False,True,52.06793788350395,1,0.29098293545602233,0.8399224806201551,48.988140015097606,5.0,deep,0.54,-0.75,0.88,3,0.078
3795,TJ,Shorts,Guard,Valencia Basket,VBC,Besiktas Istanbul,BJK,away,14.9,0.065,False,103.0,0.7986044052563721,24.298147301215185,21.08853109485984,21.08853109485984,24.678747797826787,0.4808678845777837,0.63607231355172,0.6341241560747984,,1.0,0.955,1,-1.8206091954137984,0.4392021464079386,13.832144829175691,7.75,44.0,8.137500000000001,28.960985626283367,0.881170431211499,9.724629324745116,10.151737131990076,0.6813246397308776,10.822857895253112,10.151737131990076,0.6711207632630352,SHORTS TJ,TJ Shorts,15.74128787878788,7.75,PAO,True,False,100.28308867581165,1,0.17375174801742013,68.62651515151515,30.76560469937195,2.0,thin,0.61,0.98,1.59,1,0.065
3812,Jaylen,Hoard,Forward,Maccabi Rapyd Tel Aviv,MTA,LDLC ASVEL Villeurbanne,ASV,away,14.8,0.02,False,90.0,0.8051533322969715,24.24638266986552,24.41013531656823,33.703338537190035,28.00213144879659,0.5209632096410974,0.5545465291958885,0.6351212047188347,83.80559424073098,1.0169927670426289,0.955,1,0.7783277526979853,0.5260745044859986,14.36050041403612,14.86842105263158,36.0,15.611842105263158,27.50718685831622,0.9247843942505134,14.243305500625482,14.992609488973908,1.013014154660399,15.290765739913647,14.992609488973908,0.2981562509397388,HOARD JAYLEN,Jaylen Hoard,26.53640350877193,14.868421052631579,MTA,False,True,86.35488703965433,1,0.2203776498872066,4.442105263157895,36.68846303064842,3.0,deep,1.05,-0.38,0.74,3,0.02
3834,Nadir,Hifi,Guard,Paris Basketball,PBB,Panathinaikos AKTOR Athens,PAO,away,14.8,0.021,False,98.0,0.7865715367500786,24.24638266986552,21.05873971436392,21.05873971436392,22.81582650424233,0.4583924671483693,0.5971652634160659,0.2488447931376883,82.41060349139468,1.001926866949797,0.955,1,-3.381689824450132,0.3881379007362857,13.624819044461132,17.105263157894736,37.0,17.960526315789473,24.21081451060917,1.0,15.034911223479344,15.61847311148311,1.0553022372623724,16.79061335788505,15.61847311148311,1.1721402464019397,HIFI NADIR,Nadir Hifi,21.681140350877193,17.105263157894736,PBB,False,False,103.64816084616011,2,0.16886587365823813,17.974122807017544,33.28933581840373,1.0,thin,0.73,-0.27,0.8,2,0.021
3887,Sylvain,Francisco,Guard,Panathinaikos AKTOR Athens,PAO,Paris Basketball,PBB,home,14.8,0.145,False,109.0,0.8339375414979922,24.24638266986552,24.804854293274616,31.729695484797944,24.921627564798232,0.4837981340556555,0.6136929503331922,0.4949213489852023,88.49288762446658,1.0676155355869732,1.045,1,3.381689824450132,0.6118620992637143,13.470539733698429,19.19047619047619,42.0,20.15,28.974674880219027,0.8807597535934292,18.857415105536816,20.01122886485292,1.352110058436008,19.376607058980383,20.01122886485292,-0.6346218058725377,FRANCISCO SYLVAIN,Sylvain Francisco,27.776190476190475,19.19047619047619,ZAL,True,False,105.61000029686221,2,0.19019960855862955,20.42878787878788,46.821222213168895,5.0,deep,1.17,-0.18,0.92,1,0.145
3769,Walter,Tavares,Center,Real Madrid,RMB,Dubai Basketball,DUB,away,14.7,0.013,False,286.0,0.8980162205805368,24.19316437756918,23.40554439587068,23.40554439587068,20.973231110243976,0.4361622737546665,0.663263957914109,0.8785333763636421,88.00000000000001,1.0622923492427343,0.955,1,-2.445666286151155,0.418583649662316,9.934930740091032,13.704545454545457,39.0,14.389772727272728,34.52703627652293,0.7141889117043121,12.37341990920388,12.891351035643773,0.876962655485971,12.7370330096749,12.891351035643773,-0.1543180259688732,TAVARES WALTER,Walter Tavares,20.17159090909091,13.704545454545455,RMB,False,False,50.9556062310308,1,0.3147550057866278,5.975378787878788,39.52894111348701,4.0,deep,0.74,-0.51,0.68,2,0.013
3805,Kendrick,Nunn,Guard,Panathinaikos AKTOR Athens,PAO,Paris Basketball,PBB,home,14.6,0.006,True,112.0,0.8579526221064822,24.13849242432616,28.46236445871317,0.0,0.0,0.1831284361633178,0.4825914951267318,0.7836355714294482,88.49288762446658,1.0676155355869732,1.045,0,3.381689824450132,0.6118620992637143,0.0,13.159090909090908,37.0,13.817045454545454,31.16221765913758,0.8151334702258727,0.0,0.0,0.0,0.0,0.0,0.0,NUNN KENDRICK,Kendrick Nunn,25.000757575757575,13.159090909090908,PAO,False,False,101.95249013142366,1,0.21824480461342904,20.42878787878788,46.821222213168895,5.0,deep,1.53,-0.05,0.44,2,0.006
4233,Mfiondu,Kabengele,Center,Dubai Basketball,DUB,Real Madrid,RMB,home,14.6,0.036,False,56.0,0.7030707439277554,24.13849242432616,21.81184828369782,21.81184828369782,17.833426474268048,0.3982817577696951,0.6372169802907967,0.7589723250820867,80.18097815455228,0.9778469133118988,1.045,1,2.445666286151155,0.581416350337684,9.955542357693782,16.44736842105263,36.0,17.269736842105264,29.13073237508556,0.8760780287474332,14.153274774022346,14.976169310466195,1.025765021264808,14.673120966835173,14.976169310466195,-0.3030483436310227,KABENGELE MFIONDU,Mfiondu Kabengele,21.07763157894737,16.44736842105263,DUB,False,False,44.66421186320569,1,0.32811583952924483,5.129385964912281,42.18550382311964,6.0,deep,0.73,-0.4,0.63,2,0.036
11487,Dario,Saric,Forward,Anadolu Efes Istanbul,EFS,FC Barcelona,BAR,away,14.5,0.027,False,,0.0,24.082366810136463,24.082366810136463,24.082366810136463,21.85899783072736,0.4468487031043694,0.4468487031043694,0.35,79.57930869110298,0.9713488831066464,0.955,1,-3.238390640548716,0.3927596216582184,9.18160494191244,,,,,0.94,8.517207328707725,8.85172884150851,0.6104640580350696,9.21790191460028,8.85172884150851,0.3661730730917689,SARIC DARIO,Dario Saric,,,,False,True,72.03158173079679,1,0.25056058122386055,24.596491228070178,31.667246603489886,1.0,thin,,0.27,0.56,2,0.027
3768,Mathias,Lessort,Center,Panathinaikos AKTOR Athens,PAO,Paris Basketball,PBB,home,14.4,0.058,False,191.0,0.8562666316105403,24.024787535000083,23.890836609064703,23.890836609064703,17.211943664184144,0.3907838105241809,0.5999300036018549,0.6109315616317326,88.49288762446658,1.0676155355869732,1.045,1,3.381689824450132,0.6118620992637143,8.46538007948918,3.863636363636364,14.0,4.056818181818183,31.006160164271048,0.8198151950718686,6.364087033139096,6.753481398338443,0.468991763773503,6.539306317443348,6.753481398338443,-0.214175080895095,LESSORT MATHIAS,Mathias Lessort,7.2102272727272725,3.8636363636363638,PAO,False,False,19.804837918576155,1,0.5467551849772205,24.013636363636365,46.821222213168895,5.0,deep,1.47,0.94,1.15,1,0.058
3771,Wade,Baldwin,Guard,Fenerbahce Tarfin Istanbul,FBT,Virtus Bologna,VIR,home,14.3,0.026,False,226.0,0.8920348404120072,23.965754598917027,25.53827039392499,25.53827039392499,21.602700945970728,0.4437565813434547,0.5609717516326279,0.5824202631551014,84.08511383883945,1.0200115787022004,1.045,1,6.715750981453553,0.7137416193840752,10.11609000707448,16.023255813953487,42.0,16.82441860465116,30.50787132101301,0.8347638603696098,14.56077444588513,15.600037519134364,1.0909117146247806,15.32310421759506,15.600037519134364,-0.2769333015393052,BALDWIN WADE,Wade Baldwin,25.245736434108526,16.023255813953487,FBT,False,True,104.8595054160314,2,0.19584897238695878,38.52131782945737,41.842645519558225,5.0,deep,1.21,0.27,0.92,3,0.026
11526,Guerschon,Yabusele,Forward,Panathinaikos AKTOR Athens,PAO,Paris Basketball,PBB,home,14.3,0.107,False,124.0,0.7885021750212114,23.965754598917027,24.55171827408862,30.33715008072328,23.345372787113764,0.4647812361192955,0.4953444036172456,0.6048658065732526,88.49288762446658,1.0676155355869732,1.045,1,3.381689824450132,0.6118620992637143,9.555378118284915,,,,30.78986995208761,0.8263039014373716,10.660536283225788,11.31281409417894,0.7911058807118139,10.954047595707786,11.31281409417894,-0.3587664984711534,YABUSELE GUERSCHON,Guerschon Yabusele,,,,False,False,118.84123592864276,2,0.1712198371990927,35.55227272727272,46.821222213168895,5.0,deep,,-0.11,0.59,1,0.107
3857,Dan,Oturu,Center,Hapoel IBI Tel Aviv,HTA,FC Bayern Munich,BAY,home,14.2,0.083,False,102.0,0.7913808085738245,23.905268001887286,20.64303542572641,20.64303542572641,16.254649630460037,0.3792344320911077,0.6123646184353605,0.4906843944209816,81.9984540697545,0.9974756531960828,1.045,1,8.766135192749648,0.7693323947529245,9.347348448741684,16.761904761904763,42.0,17.6,27.03080082135524,0.939075975359343,14.380512666863142,15.4868520916404,1.0906233867352395,14.734214341512889,15.4868520916404,-0.7526377501275139,OTURU DAN,Dan Oturu,23.892857142857142,16.761904761904763,HTA,False,True,22.369895399327568,1,0.47992626937437965,12.199603174603174,43.452654200427176,4.0,deep,1.21,0.43,0.95,3,0.083
3843,Moses,Wright,Center,Armani Olimpia Milan,MIL,Partizan Mozzart Bet Belgrade,PAR,away,14.0,0.083,False,77.0,0.7428782997259759,23.77993382498777,20.268970649657703,20.268970649657703,23.649561340263244,0.4684511521446417,0.6350835840198773,0.4444268421101677,83.57377072261507,1.0144890730469769,0.955,1,-2.133590616966191,0.4288536922730516,13.770089150540295,17.142857142857142,42.0,18.0,27.77275838466804,0.916817248459959,15.301570339166457,15.957783832919192,1.139841702351371,16.664986739039694,15.957783832919192,0.7072029061205019,WRIGHT MOSES,Moses Wright,23.636904761904763,17.142857142857142,ZAL,True,True,30.04233749702567,2,0.40287107205726425,20.09298245614035,34.74876861603107,1.0,thin,0.92,0.44,1.04,2,0.083
3774,Tornike,Shengelia,Forward,Dubai Basketball,DUB,Real Madrid,RMB,home,13.8,0.022,False,226.0,0.8851367387811917,23.64878500430154,25.348388911103186,25.348388911103186,21.94494770506992,0.4478856547514988,0.571613021435736,0.8007860059312801,80.18097815455228,0.9778469133118988,1.045,1,2.445666286151155,0.581416350337684,8.784676164593698,13.05,34.0,13.7025,34.98973305954826,0.7003080082135522,11.591734312430503,12.26569669823225,0.8888186013211775,12.017495773762054,12.26569669823225,-0.248200924470197,SHENGELIA TORNIKE,Tornike Shengelia,21.20625,13.05,BAR,True,False,125.10038334671262,2,0.16848518290109438,0.3364035087719298,42.18550382311964,6.0,deep,0.63,-1.0,0.51,1,0.022
3772,Facundo,Campazzo,Guard,Real Madrid,RMB,Dubai Basketball,DUB,away,13.7,0.017,False,201.0,0.8779244708578856,23.581030102538403,24.800147093537213,24.800147093537213,23.58455497967252,0.4676668758067872,0.6096922087169642,0.7669231566924665,88.00000000000001,1.0622923492427343,0.955,1,-2.445666286151155,0.418583649662316,9.83846616630997,14.431818181818182,44.0,15.153409090909092,35.526351813826146,0.6842094455852157,12.77696119567923,13.31178390056735,0.9716630584355732,13.152433014226585,13.31178390056735,-0.159350886340766,CAMPAZZO FACUNDO,Facundo Campazzo,24.387878787878787,14.431818181818182,RMB,False,False,68.78456618650162,1,0.2650021165243765,0.0,39.52894111348701,4.0,deep,1.77,-0.04,0.97,2,0.017
3791,Carlik,Jones,Guard,Partizan Mozzart Bet Belgrade,PAR,Armani Olimpia Milan,MIL,home,13.6,0.271,False,49.0,0.7183490572306794,23.511821539828592,26.004258148766848,26.004258148766848,26.43446308716692,0.5020499034591066,0.5907628252678163,0.6048591119253249,81.57101133892995,0.9928592717031776,1.045,1,2.133590616966191,0.5711463077269484,13.84930054099436,6.605263157894737,15.0,6.935526315789474,28.77207392197125,0.8868377823408624,9.859596569327886,10.422723786952776,0.7663767490406453,9.958819292440356,10.422723786952776,-0.4639044945124198,JONES CARLIK,Carlik Jones,11.078070175438597,6.605263157894737,PAR,False,True,98.20113262301149,1,0.20936497190003991,46.35175438596491,28.487721241744293,2.0,thin,1.19,0.58,1.2,2,0.271
3794,Kevin,Punter,Guard,FC Barcelona,BAR,Anadolu Efes Istanbul,EFS,home,13.6,0.026,False,217.0,0.891827401641891,23.511821539828592,25.94947027312669,25.94947027312669,25.991939118523305,0.4967110247034458,0.5128002062074345,0.7666525262100071,81.50327139185147,0.9921276802747302,1.045,1,3.238390640548716,0.6072403783417816,10.022777983160449,12.925,39.0,13.57125,33.267624914442166,0.751971252566735,12.1967178643572,12.937351821405224,0.9512758692209724,12.605189647588336,12.937351821405224,-0.3321621738168883,PUNTER KEVIN,Kevin Punter,26.494166666666665,12.925,BAR,False,False,99.70113283882871,1,0.20652085728554412,38.11958333333334,38.53914354250818,3.0,deep,1.28,0.36,0.77,2,0.026
3767,Shane,Larkin,Guard,Fenerbahce Tarfin Istanbul,FBT,Virtus Bologna,VIR,home,13.5,0.018,False,226.0,0.8874419795230156,23.441159316172094,28.0540655656393,28.0540655656393,24.65412670044193,0.4805708406590736,0.5913874816350521,0.5793004557656882,84.08511383883945,1.0200115787022004,1.045,1,6.715750981453553,0.7137416193840752,10.645299909322812,4.7631578947368425,12.0,5.001315789473685,33.9958932238193,0.730123203285421,7.585046171293623,8.126422485033833,0.6019572211136173,7.982161485294358,8.126422485033833,-0.1442609997394752,LARKIN SHANE,Shane Larkin,9.585526315789474,4.7631578947368425,EFS,True,True,102.34371024431708,1,0.21514220922391883,38.52131782945737,41.842645519558225,5.0,deep,1.31,0.36,1.09,1,0.018
4096,Mckinley,Wright,Guard,Dubai Basketball,DUB,Real Madrid,RMB,home,13.5,0.024,False,74.0,0.7722398038493273,23.441159316172094,23.90091975462621,23.90091975462621,19.61932814207768,0.4198279635112578,0.4674321184750568,0.6963399981010814,80.18097815455228,0.9778469133118988,1.045,1,2.445666286151155,0.581416350337684,8.363418520051328,15.710526315789474,38.0,16.496052631578948,27.93429158110883,0.9119712525667352,13.05074478712818,13.809536427460245,1.0229286242563145,13.530095333152536,13.809536427460245,-0.2794410943077086,WRIGHT MCKINLEY,Mckinley Wright,29.551315789473687,15.710526315789474,DUB,False,False,86.51025902171168,2,0.2164719190530768,13.350877192982457,42.18550382311964,6.0,deep,1.33,-0.04,0.38,2,0.024
3787,Nigel,Hayes-davis,Forward,Panathinaikos AKTOR Athens,PAO,Paris Basketball,PBB,home,13.4,0.005,True,239.0,0.8976797878178746,23.36904343156892,27.34568526985412,0.0,0.0,0.1831284361633178,0.4255421625240973,0.7677198347492514,88.49288762446658,1.0676155355869732,1.045,0,3.381689824450132,0.6118620992637143,0.0,4.681818181818182,16.0,4.915909090909091,31.79192334017796,0.7962422997946612,0.0,0.0,0.0,0.0,0.0,0.0,HAYES DAVIS NIGEL,Nigel Hayes-davis,10.382954545454545,4.681818181818182,PAO,False,False,116.04726893287726,1,0.1907045253506133,35.55227272727272,46.821222213168895,5.0,deep,0.78,-0.02,0.31,1,0.005
3910,Roman,Sorkin,Center,Maccabi Rapyd Tel Aviv,MTA,LDLC ASVEL Villeurbanne,ASV,away,13.4,0.018,False,161.0,0.8329135356205972,23.36904343156892,18.756297417265788,18.756297417265788,17.546515177200884,0.3948202850875123,0.5114834937703145,0.4587292024359126,83.80559424073098,1.0169927670426289,0.955,1,0.7783277526979853,0.5260745044859986,6.669021540754686,14.105263157894736,38.0,14.810526315789474,30.138261464750173,0.7430869267624913,10.81051312686519,11.379226660510689,0.8491960194410961,11.60552399468634,11.379226660510689,0.2262973341756513,SORKIN ROMAN,Roman Sorkin,22.906578947368423,14.105263157894736,MTA,False,True,46.86541400738501,2,0.2858245694917976,16.830263157894738,36.68846303064842,3.0,deep,0.24,-0.18,0.24,3,0.018
3790,Dzanan,Musa,Guard,Dubai Basketball,DUB,Real Madrid,RMB,home,13.3,0.014,False,136.0,0.8307709549671767,23.295473886019067,22.431236534218502,22.431236534218502,17.096567185474804,0.3893918383944626,0.5866569165531973,0.6103606040435698,80.18097815455228,0.9778469133118988,1.045,1,2.445666286151155,0.581416350337684,9.307548822020522,7.394736842105263,18.0,7.764473684210526,27.40041067761807,0.927987679671458,8.33815480996567,8.822948763781756,0.6633796062993801,8.644413121363714,8.822948763781756,-0.1785356424180424,MUSA DZANAN,Dzanan Musa,12.640789473684212,7.394736842105263,DUB,False,False,87.97994224211939,3,0.2031609188745091,13.350877192982457,42.18550382311964,6.0,deep,0.97,-0.09,0.85,1,0.014
3799,Zach,Leday,Forward,Hapoel IBI Tel Aviv,HTA,FC Bayern Munich,BAY,home,13.3,0.049,False,244.0,0.8920372762215651,23.295473886019067,25.66143497117049,25.66143497117049,21.04281383701609,0.4370017621621832,0.5386902633292978,0.6902869186654508,81.9984540697545,0.9974756531960828,1.045,1,8.766135192749648,0.7693323947529245,8.839641095947398,11.894736842105264,30.0,12.489473684210529,32.33949349760438,0.7798151950718686,11.124816013987596,11.98068414851027,0.9008033194368624,11.398440894092516,11.98068414851027,-0.5822432544177545,LEDAY ZACH,Zach Leday,19.439035087719297,11.894736842105264,MIL,True,True,83.21683684967871,1,0.23568922009888624,30.6968253968254,43.452654200427176,4.0,deep,1.18,0.29,1.0,2,0.049
3793,Jordan,Nwora,Forward,Crvena Zvezda Meridianbet Belgrade,CZV,Zalgiris Kaunas,ZAL,home,13.0,0.139,False,71.0,0.7551606024028539,23.066043283689424,21.991435447099203,21.991435447099203,21.848266919741054,0.4467192388566603,0.5027349757625303,0.5512309039602997,79.86923629161679,0.9744801011921956,1.045,1,4.182288691281983,0.6373756732862847,9.975490343197324,13.871794871794872,34.0,14.565384615384616,28.060232717316907,0.9081930184804928,12.53899635886653,13.338201483523212,1.0260154987325547,13.476639471305925,13.338201483523212,0.1384379877827122,NWORA JORDAN,Jordan Nwora,23.65128205128205,13.871794871794872,CZV,False,False,82.4524535805271,2,0.2105574165404955,23.16111111111111,40.757368672423816,3.0,deep,0.81,0.06,0.71,2,0.139
3864,Timothé,Luwawu-Cabarrot,Forward,Real Madrid,RMB,Dubai Basketball,DUB,away,12.8,0.06,False,114.0,0.8333107913019583,22.905821244069603,24.79896420269296,24.79896420269296,22.50108046060582,0.4545951791258699,0.452628178026976,0.4397608710238713,88.00000000000001,1.0622923492427343,0.955,1,-2.445666286151155,0.418583649662316,8.229886467883246,15.526315789473683,36.0,16.30263157894737,31.39767282683093,0.8080698151950718,12.790420104471492,13.325806177275886,1.0410786075996783,13.16628743497842,13.325806177275886,-0.1595187422974664,LUWAWU CABARROT TIMOTHE,Timothé Luwawu-Cabarrot,24.07280701754386,15.526315789473685,KBA,True,False,121.32198824304734,1,0.1697153199976688,46.46401515151515,39.52894111348701,4.0,deep,0.67,0.11,0.5,1,0.06
4252,Jean,Montero,Guard,Olympiacos Piraeus,OLY,Kosner Baskonia Vitoria-Gasteiz,KBA,away,12.8,0.179,False,59.0,0.7031035564446012,22.905821244069603,20.56042998050523,20.56042998050523,18.76475603035428,0.409517884926261,0.6258420217529495,0.4568130937865878,84.59918244028657,1.0255635195978292,0.955,1,4.217236513868823,0.6384765448775318,11.743772851737774,15.431818181818182,38.0,16.20340909090909,23.24709103353868,1.0,13.669277774587286,14.542029099036258,1.1360960233622075,14.371684429020512,14.542029099036258,-0.1703446700157442,MONTERO JEAN,Jean Montero,19.856818181818184,15.431818181818182,VBC,True,True,132.25710520551482,4,0.13454234787570454,21.52015503875969,48.988140015097606,5.0,deep,0.24,-0.68,0.72,2,0.179
3926,Filip,Petrusev,Forward,Dubai Basketball,DUB,Real Madrid,RMB,home,12.7,0.029,False,148.0,0.8282396033407146,22.82352973283967,18.890509575633715,18.890509575633715,14.647345922932692,0.3598429409492492,0.5840131580473613,0.3904426284880242,80.18097815455228,0.9778469133118988,1.045,1,2.445666286151155,0.581416350337684,7.929215087927247,15.36842105263158,38.0,16.13684210526316,26.46132785763176,0.926933607118412,12.66352030913666,13.399798085193195,1.0551022114325352,13.128648198294542,13.399798085193195,-0.2711498868986535,PETRUSEV FILIP,Filip Petrusev,23.496929824561402,15.368421052631579,DUB,False,False,131.5582626821821,5,0.12556107499011082,0.3364035087719298,42.18550382311964,6.0,deep,-0.09,-1.21,0.46,2,0.029
7201,Dwayne,Bacon,Forward,Dubai Basketball,DUB,Real Madrid,RMB,home,12.7,0.014,False,85.0,0.7877294633274309,22.82352973283967,27.1025606344451,27.1025606344451,23.71539124910469,0.4692453642703215,0.4494638247612125,0.6217605877202379,80.18097815455228,0.9778469133118988,1.045,1,2.445666286151155,0.581416350337684,8.712317704768457,10.63157894736842,29.0,11.163157894736845,31.08829568788501,0.8173511293634497,10.079400347854502,10.665433164238696,0.839797886947929,10.449614166234236,10.665433164238696,-0.21581899800446,BACON DWAYNE,Dwayne Bacon,22.421929824561403,10.631578947368421,DUB,False,False,123.34621162337069,1,0.18014477770546997,0.3364035087719298,42.18550382311964,6.0,deep,0.79,-0.94,-0.04,2,0.014
8567,Talen,Horton-Tucker,Guard,Fenerbahce Tarfin Istanbul,FBT,Virtus Bologna,VIR,home,12.7,0.09,False,41.0,0.6749830381773049,22.82352973283967,23.467194068492127,23.467194068492127,18.93665090388011,0.411591729403628,0.5454082755505594,0.6390154968094803,84.08511383883945,1.0200115787022004,1.045,1,6.715750981453553,0.7137416193840752,10.065441281016136,13.86046511627907,41.0,14.553488372093025,25.848049281314168,0.974558521560575,13.155972745589557,14.09496927479054,1.109840100377208,13.844754083219682,14.09496927479054,-0.2502151915708577,HORTON TUCKER TALEN,Talen Horton-Tucker,22.727906976744183,13.86046511627907,FBT,False,True,106.93058174146425,3,0.17996621432173474,38.52131782945737,41.842645519558225,5.0,deep,0.9,0.2,0.82,3,0.09
3874,Tyler,Dorsey,Guard,Olympiacos Piraeus,OLY,Kosner Baskonia Vitoria-Gasteiz,KBA,away,12.6,0.042,False,214.0,0.8611011306696995,22.739784560663065,19.87907458985552,19.87907458985552,17.5260558625782,0.3945734514515191,0.4402336307293188,0.5204984823338824,84.59918244028657,1.0255635195978292,0.955,1,4.217236513868823,0.6384765448775318,5.548495741593521,13.674418604651162,43.0,14.35813953488372,30.61738535249829,0.7191307323750855,10.209451233729654,10.86130074861039,0.8620079959214595,10.734071963730129,10.86130074861039,-0.1272287848802609,DORSEY TYLER,Tyler Dorsey,25.166279069767445,13.674418604651162,OLY,False,True,132.93846059616453,5,0.13008372740508697,21.52015503875969,48.988140015097606,5.0,deep,0.13,-0.7,-0.06,3,0.042
3785,Josh,Nebo,Center,FC Barcelona,BAR,Anadolu Efes Istanbul,EFS,home,12.5,0.039,False,136.0,0.81995039591757,22.65458572753977,22.361753707052845,22.361753707052845,23.16394989803188,0.4625924398575275,0.5917073628122202,0.686055881805534,81.50327139185147,0.9921276802747302,1.045,1,3.238390640548716,0.6072403783417816,11.97624887781918,9.394736842105264,26.0,9.864473684210529,29.20739219712525,0.8737782340862423,10.810790731991515,11.46726559741835,0.917381247793468,11.172847394902435,11.46726559741835,-0.2944182025159136,NEBO JOSH,Josh Nebo,14.742543859649123,9.394736842105264,MIL,True,False,21.612855920304114,1,0.5085151158031297,59.17375,38.53914354250818,3.0,deep,1.32,1.92,1.61,0,0.039
11507,Amir,Coffey,Forward,Hapoel IBI Tel Aviv,HTA,FC Bayern Munich,BAY,home,12.5,0.007,False,,0.0,22.65458572753977,22.65458572753977,22.65458572753977,18.984176583562217,0.4121651081572826,0.4121651081572826,0.35,81.9984540697545,0.9974756531960828,1.045,1,8.766135192749648,0.7693323947529245,7.355138283150419,,,,,0.94,7.666717074682963,8.256542455378861,0.6605233964303089,7.855286893520489,8.256542455378861,-0.4012555618583722,COFFEY AMIR,Amir Coffey,,,,False,True,86.22368609330942,2,0.20807260575201034,30.6968253968254,43.452654200427176,4.0,deep,,0.19,0.35,2,0.007
3775,Shavon,Shields,Forward,Fenerbahce Tarfin Istanbul,FBT,Virtus Bologna,VIR,home,12.4,0.015,False,221.0,0.8865703662540081,22.5679332334698,26.31970321781035,26.31970321781035,21.085697305282256,0.4375191344491512,0.4751107298550009,0.8082906579662675,84.08511383883945,1.0200115787022004,1.045,1,6.715750981453553,0.7137416193840752,7.817157647169997,11.789473684210526,36.0,12.378947368421052,32.323066392881586,0.7803080082135524,10.872886758455971,11.648929938691978,0.939429833765482,11.4421370624976,11.648929938691978,-0.2067928761943793,SHIELDS SHAVON,Shavon Shields,24.773684210526316,11.789473684210526,MIL,True,True,97.73670133062463,2,0.21215916512826571,60.734496124031004,41.842645519558225,5.0,deep,1.04,0.8,0.95,2,0.015
3777,Will,Clyburn,Forward,Fenerbahce Tarfin Istanbul,FBT,Virtus Bologna,VIR,home,12.4,0.038,False,206.0,0.8842144731005122,22.5679332334698,26.99503279777553,26.99503279777553,23.13750349693949,0.4622733743628638,0.55148586985903,0.567144217493128,84.08511383883945,1.0200115787022004,1.045,1,6.715750981453553,0.7137416193840752,8.405621360609144,12.125,33.0,12.73125,36.375085557837096,0.6587474332648872,11.33837193129143,12.14763872563332,0.9796482843252678,11.931992725162484,12.14763872563332,-0.2156460004708353,CLYBURN WILL,Will Clyburn,21.089583333333334,12.125,BAR,True,True,97.06137175065945,1,0.21760289519946502,60.734496124031004,41.842645519558225,5.0,deep,1.14,0.82,1.32,2,0.038
7218,Kameron,Taylor,Forward,Valencia Basket,VBC,Besiktas Istanbul,BJK,away,12.4,0.049,False,59.0,0.7005842535262177,22.5679332334698,22.06462771435055,22.06462771435055,23.932717173944585,0.4718673166286049,0.49477199407429,0.5933434192951252,,1.0,0.955,1,-1.8206091954137984,0.4392021464079386,9.358468523016274,12.318181818181818,40.0,12.93409090909091,31.98904859685147,0.7903285420944559,10.633253157610396,11.100267918622544,0.8951828966631084,11.83409506378127,11.100267918622544,0.7338271451587257,TAYLOR KAMERON,Kameron Taylor,21.866666666666667,12.318181818181818,VBC,False,False,69.55169877273211,1,0.24083728916441027,13.811363636363637,30.76560469937195,2.0,thin,0.98,0.02,0.66,2,0.049
11514,Patty,Mills,Guard,LDLC ASVEL Villeurbanne,ASV,Maccabi Rapyd Tel Aviv,MTA,home,12.3,0.043,False,,0.0,22.47982707845315,22.47982707845315,22.47982707845315,25.41143114658664,0.4897074228683541,0.4897074228683541,0.35,85.28902647908335,1.0330138352168343,1.045,1,-0.7783277526979853,0.4739254955140013,11.697516470700071,,,,,0.94,12.627462687745918,13.225910338883372,1.0752772633238512,12.513127194072236,13.225910338883372,-0.7127831448111355,MILLS PATTY,Patty Mills,,,,False,False,84.31218391617969,1,0.21050101846647445,48.113596491228066,33.785179762515206,2.0,thin,,0.79,0.89,1,0.043
3807,Elie,Okobo,Guard,Dubai Basketball,DUB,Real Madrid,RMB,home,12.2,0.012,False,182.0,0.8823523861457379,22.390267262489825,25.14937869686437,25.14937869686437,20.964051375182283,0.4360515238383316,0.465345662154463,0.3208210430864912,80.18097815455228,0.9778469133118988,1.045,1,2.445666286151155,0.581416350337684,8.602695106377292,11.465116279069768,42.0,12.038372093023256,28.93908281998631,0.8818275154004107,10.54564329156557,11.158784235020084,0.9146544454934497,10.932982095016524,11.158784235020084,-0.2258021400035588,OKOBO ELIE,Elie Okobo,24.972480620155036,11.465116279069768,,False,False,85.26180007947352,1,0.22777927901494435,13.350877192982457,42.18550382311964,6.0,deep,1.41,0.0,0.4,2,0.012
4882,Daniel,Theis,Center,Maccabi Rapyd Tel Aviv,MTA,LDLC ASVEL Villeurbanne,ASV,away,12.2,0.033,False,53.0,0.6946761539690907,22.390267262489825,21.50686549593817,21.50686549593817,19.72720859374311,0.4211294990039297,0.5325644003666343,0.7557315383092457,83.80559424073098,1.0169927670426289,0.955,1,0.7783277526979853,0.5260745044859986,7.514493060402261,10.744186046511627,38.0,11.28139534883721,34.49144421629021,0.7152566735112936,9.180347896357777,9.663302593416324,0.7920739830669118,9.855475548702607,9.663302593416324,0.1921729552862849,THEIS DANIEL,Daniel Theis,18.137596899224807,10.744186046511627,,False,True,44.11484592871263,1,0.3277400882882051,16.830263157894738,36.68846303064842,3.0,deep,0.59,-0.03,0.4,3,0.033
7202,Justin,Robinson,Guard,FC Barcelona,BAR,Anadolu Efes Istanbul,EFS,home,12.2,0.032,False,36.0,0.5920715710428606,22.390267262489825,20.323508140641565,20.323508140641565,21.21641933526796,0.4390962446584053,0.6272802115075203,0.4575098814229249,81.50327139185147,0.9921276802747302,1.045,1,3.238390640548716,0.6072403783417816,11.723900718393114,13.605263157894736,36.0,14.285526315789474,28.969199178644764,0.8809240246406571,13.325356661611016,14.134526123684603,1.158567715056115,13.771626900727185,14.134526123684603,-0.3628992229574201,ROBINSON JUSTIN,Justin Robinson,17.974122807017544,13.605263157894736,PBB,True,False,105.32709497131384,2,0.16174620445341756,38.11958333333334,38.53914354250818,3.0,deep,0.56,0.16,1.14,1,0.032
4247,Chris,Jones,Guard,Crvena Zvezda Meridianbet Belgrade,CZV,Zalgiris Kaunas,ZAL,home,12.1,0.041,False,183.0,0.8542728150822085,22.29925378557981,21.80382208566792,21.80382208566792,19.93012205385095,0.4235775706072101,0.5268240139442688,0.498696800804535,79.86923629161679,0.9744801011921956,1.045,1,4.182288691281983,0.6373756732862847,7.829905600904411,11.80952380952381,42.0,12.4,33.4757015742642,0.7457289527720741,10.404983965558298,11.068172331616369,0.9147249860839974,11.18304955160094,11.068172331616369,0.1148772199845726,JONES CHRIS,Chris Jones,20.452777777777776,11.80952380952381,HTA,True,False,98.53219679459578,2,0.18119115364256053,39.900000000000006,40.757368672423816,3.0,deep,0.8,0.34,0.82,1,0.041
3870,Tyrique,Jones,Center,Olympiacos Piraeus,OLY,Kosner Baskonia Vitoria-Gasteiz,KBA,away,12.0,0.018,False,119.0,0.8040279653754672,22.206786647723128,19.85182636395652,19.85182636395652,16.49289531259166,0.3821087731462581,0.5846322836323878,0.3494477123677442,84.59918244028657,1.0255635195978292,0.955,1,4.217236513868823,0.6384765448775318,7.5148398635427105,10.093023255813954,36.0,10.597674418604653,29.412731006160165,0.7793634496919918,8.8751971146351,9.441857633521025,0.7868214694600854,9.33125614098073,9.441857633521025,-0.1106014925402938,JONES TYRIQUE,Tyrique Jones,10.560526315789474,7.2631578947368425,PAR,True,True,53.58496449381044,2,0.27032535234833066,0.8399224806201551,48.988140015097606,5.0,deep,0.1,-0.83,0.21,1,0.018
3898,Ante,Zizic,Center,Besiktas Istanbul,BJK,Valencia Basket,VBC,home,12.0,0.022,False,173.0,0.8076246556882766,22.206786647723128,17.481878897574852,17.481878897574852,20.40780606326313,0.4293406415151805,0.5725966208909411,0.6205220169041361,83.59465633667503,1.0147146376788243,1.045,1,1.8206091954137984,0.5607978535920614,8.916847136577637,,,,29.738535249828885,0.7630732375085557,9.455217800444183,9.985464385217638,0.8321220321014698,9.547229966138634,9.985464385217638,-0.4382344190790039,ZIZIC ANTE,Ante Zizic,,,,False,False,34.94468854977325,2,0.3334545774932121,0.0,27.41186290070354,0.0,thin,,-0.38,0.38,1,0.022
7193,Vasilije,Micic,Guard,Hapoel IBI Tel Aviv,HTA,FC Bayern Munich,BAY,home,12.0,0.018,False,206.0,0.873148282380108,22.206786647723128,26.86514160038473,28.55550330661834,24.163403898355323,0.4746504618126827,0.5218897323500026,0.7963472744155436,81.9984540697545,0.9974756531960828,1.045,1,8.766135192749648,0.7693323947529245,9.69206077708926,10.714285714285714,40.0,11.25,32.71457905544148,0.7685626283367557,10.741953507206674,11.568366788809062,0.9640305657340884,11.006161538764804,11.568366788809062,-0.5622052500442578,MICIC VASILIJE,Vasilije Micic,22.948015873015873,10.714285714285714,HTA,False,True,162.21272763896033,1,0.14208506637219065,24.15039682539682,43.452654200427176,4.0,deep,0.45,-1.01,0.12,3,0.018
3820,Alec,Peters,Forward,Armani Olimpia Milan,MIL,Partizan Mozzart Bet Belgrade,PAR,away,11.7,0.207,False,268.0,0.867018122531654,21.920663268472985,18.168457998013217,18.168457998013217,17.359674102682554,0.3925661205357293,0.4861886318738595,0.3104981532761569,83.57377072261507,1.0144890730469769,0.955,1,-2.133590616966191,0.4288536922730516,5.710193923086227,8.488372093023257,43.0,8.91279069767442,31.468856947296374,0.6765571526351812,7.147208709777497,7.453719394240917,0.6370700336958048,7.784046717395892,7.453719394240917,0.3303273231549752,PETERS ALEC,Alec Peters,15.184108527131782,8.488372093023257,OLY,True,True,41.139548740379226,2,0.306340728633054,46.76491228070175,34.74876861603107,1.0,thin,1.0,1.1,1.16,2,0.207
3934,Isaac,Bonga,Forward,Panathinaikos AKTOR Athens,PAO,Paris Basketball,PBB,home,11.5,0.119,False,129.0,0.8422759668866727,21.722646044239493,23.497553339490253,29.034578933819148,21.142124165336533,0.4381999024656629,0.4306644811149762,0.6365044514488419,88.49288762446658,1.0676155355869732,1.045,1,3.381689824450132,0.6118620992637143,8.587083828255729,14.31578947368421,38.0,15.031578947368422,26.89664613278576,0.9431006160164273,13.415017361409864,14.235831429851006,1.2378983852044352,13.78436644930817,14.235831429851006,-0.4514649805428359,BONGA ISAAC,Isaac Bonga,27.78333333333333,14.31578947368421,PAR,True,False,119.89540086324112,3,0.1638682560809021,35.55227272727272,46.821222213168895,5.0,deep,0.52,-0.15,0.27,1,0.119
11527,Tj,Warren,Forward,Paris Basketball,PBB,Panathinaikos AKTOR Athens,PAO,away,11.5,0.029,False,,0.0,21.722646044239493,21.722646044239493,21.722646044239493,21.98692551312549,0.4483921006019327,0.4483921006019327,0.35,82.41060349139468,1.001926866949797,0.955,1,-3.381689824450132,0.3881379007362857,9.267237893612052,,,,,0.94,8.867265369764027,9.211437546353205,0.8009945692481047,9.90274050524233,9.211437546353205,0.6913029588891249,WARREN TJ,Tj Warren,,,,False,False,113.22150249254325,1,0.16097508695101656,24.032456140350877,33.28933581840373,1.0,thin,,-0.36,0.25,1,0.029
3825,Juancho,Hernangomez,Forward,Panathinaikos AKTOR Athens,PAO,Paris Basketball,PBB,home,11.4,0.025,False,115.0,0.8344927797975156,21.62145694070273,23.251296178897867,28.730293084823053,20.12294948392667,0.4259039581994922,0.4895089472619677,0.5022540562926677,88.49288762446658,1.0676155355869732,1.045,1,3.381689824450132,0.6118620992637143,8.074668869932466,12.318181818181818,44.0,12.93409090909091,31.00889801505818,0.8197330595482546,11.849156915954836,12.574161918464965,1.1029966595144705,12.175393936852126,12.574161918464965,-0.3987679816128384,HERNANGOMEZ JUANCHO,Juancho Hernangomez,24.463257575757577,12.318181818181818,PAO,False,False,120.14165802383351,4,0.16215089721929288,35.55227272727272,46.821222213168895,5.0,deep,0.44,-0.16,0.54,2,0.025
3899,Carsen,Edwards,Guard,Zalgiris Kaunas,ZAL,Crvena Zvezda Meridianbet Belgrade,CZV,away,11.4,0.066,False,139.0,0.849396281332465,21.62145694070273,22.95311200455924,22.95311200455924,21.377826278290105,0.4410435563526361,0.448652936266753,0.6712025228814761,81.23123149323949,0.9891896493697208,0.955,1,-4.182288691281983,0.3626243267137152,8.568094932454088,10.394736842105264,36.0,10.914473684210527,28.555783709787818,0.8933264887063654,9.129425624796276,9.460480806843744,0.8298667374424337,9.75390181363233,9.460480806843744,0.293421006788586,EDWARDS CARSEN,Carsen Edwards,24.0859649122807,10.394736842105264,VIR,True,True,108.95286071444332,2,0.1740111651612314,29.957539682539682,31.54874361300777,2.0,thin,0.74,-0.05,0.3,2,0.066
3810,Bonzie,Colson,Forward,Maccabi Rapyd Tel Aviv,MTA,LDLC ASVEL Villeurbanne,ASV,away,11.3,0.018,False,174.0,0.8575132922778709,21.518814176219287,21.46000285936422,29.63005866203867,24.160609527646493,0.4746167488220428,0.4695947636948613,0.6641450708004559,83.80559424073098,1.0169927670426289,0.955,1,0.7783277526979853,0.5260745044859986,9.399221640624232,8.069767441860465,40.0,8.47325581395349,30.71868583162217,0.8284394250513347,8.354066145910476,8.793552266725786,0.778190466081928,8.968428600176466,8.793552266725786,0.1748763334506797,COLSON BONZIE,Bonzie Colson,15.69612403100775,8.069767441860465,FBT,True,True,89.30501949685834,3,0.19374349774740632,4.442105263157895,36.68846303064842,3.0,deep,0.53,-0.48,0.29,2,0.018
4712,Marcus,Bingham,Center,Fenerbahce Tarfin Istanbul,FBT,Virtus Bologna,VIR,home,11.3,0.013,False,9.0,0.1015045782601167,21.518814176219287,17.46795128647881,17.46795128647881,12.1242878817773,0.3294032316234202,0.3332418032139533,0.2571166207529843,84.08511383883945,1.0200115787022004,1.045,1,6.715750981453553,0.7137416193840752,3.7948860446828414,,,,26.21492128678987,0.9392539356605064,4.04501495217633,4.333724504416243,0.383515442868694,4.256791828228913,4.333724504416243,-0.0769326761873303,BINGHAM MARCUS,Marcus Bingham,,,,False,True,25.248303825106333,1,0.4089298380873585,22.660077519379847,41.842645519558225,5.0,deep,,0.59,-0.08,2,0.013
11503,Marjon,Beauchamp,Forward,FC Bayern Munich,BAY,Hapoel IBI Tel Aviv,HTA,away,11.3,0.014,False,,0.0,21.518814176219287,21.518814176219287,21.518814176219287,22.25356133139481,0.4516089575555111,0.4516089575555111,0.35,85.40476190476191,1.034263777814163,0.955,1,-8.766135192749648,0.2306676052470754,9.44691317668271,,,,,0.94,9.330923105812332,9.546157274568564,0.8447926791653596,9.672574286777186,9.546157274568564,0.1264170122086216,BEAUCHAMP MARJON,Marjon Beauchamp,,,,False,False,78.8779417600965,2,0.21433774403895295,21.794298245614034,27.43830246639978,0.0,thin,,0.06,0.47,1,0.014
7221,Azuolas,Tubelis,Forward,Zalgiris Kaunas,ZAL,Crvena Zvezda Meridianbet Belgrade,CZV,away,11.1,0.085,False,43.0,0.6702851619910835,21.30916766441236,21.997293388471256,21.997293388471256,20.073434815077448,0.4253065830687779,0.5153503188803947,0.6673629702751336,81.23123149323949,0.9891896493697208,0.955,1,-4.182288691281983,0.3626243267137152,10.34485103297498,12.738095238095235,42.0,13.375,24.52840520191649,1.0,11.12903806859264,11.53260406225211,1.0389733389416316,11.890292890540014,11.53260406225211,0.3576888282879036,TUBELIS AZUOLAS,Azuolas Tubelis,22.693650793650793,12.738095238095237,ZAL,False,True,76.13949391477085,2,0.22414931233177365,13.373015873015872,31.54874361300777,2.0,thin,0.88,-0.08,0.7,3,0.085
11528,Tyson,Etienne,Guard,Paris Basketball,PBB,Panathinaikos AKTOR Athens,PAO,away,11.1,0.004,False,,0.0,21.30916766441236,21.30916766441236,21.30916766441236,20.83676404565924,0.4345158519479742,0.4345158519479742,0.35,82.41060349139468,1.001926866949797,0.955,1,-3.381689824450132,0.3881379007362857,8.51067002427023,,,,,0.94,8.143350850172896,8.459425160567411,0.7621103748258929,9.094290849508283,8.459425160567411,0.6348656889408719,ETIENNE TYSON,Tyson Etienne,,,,False,False,103.39773289611168,1,0.17087400591814383,17.974122807017544,33.28933581840373,1.0,thin,,-0.26,0.14,1,0.004
3808,Codi,Miller-Mcintyre,Guard,Olympiacos Piraeus,OLY,Kosner Baskonia Vitoria-Gasteiz,KBA,away,11.0,0.099,False,164.0,0.8728936981176371,21.202163917088875,26.07363994310308,26.07363994310308,22.88678138996849,0.4592485101174651,0.4580307171595009,0.835714048130844,84.59918244028657,1.0255635195978292,0.955,1,4.217236513868823,0.6384765448775318,8.17640688337488,15.0,39.0,15.75,32.33401779603012,0.7799794661190965,12.017950656156884,12.785268617302057,1.1622971470274597,12.635502559976446,12.785268617302057,-0.1497660573256105,MILLER MCINTYRE CODI,Codi Miller-Mcintyre,30.935470085470087,15.0,CZV,True,True,126.74389524291698,1,0.1706194247365948,21.52015503875969,48.988140015097606,5.0,deep,0.92,-0.49,0.12,2,0.099
4164,Johnathan,Motley,Center,Crvena Zvezda Meridianbet Belgrade,CZV,Zalgiris Kaunas,ZAL,home,11.0,0.042,False,136.0,0.8034733475878891,21.202163917088875,18.169371994303148,18.169371994303148,15.250423134153094,0.3671188318368699,0.5667652156264864,0.4875586141493013,79.86923629161679,0.9744801011921956,1.045,1,4.182288691281983,0.6373756732862847,5.87260800633584,6.738095238095238,40.0,7.075,31.4113620807666,0.6794318959616701,6.509074781679956,6.923947373824359,0.6294497612567599,6.995811436091654,6.923947373824359,0.071864062267295,MOTLEY JOHNATHAN,Johnathan Motley,12.199603174603174,6.738095238095238,HTA,True,False,47.0040496622983,2,0.2787849944420213,17.426923076923078,40.757368672423816,3.0,deep,0.01,-0.18,0.46,0,0.042
7269,Austin,Wiley,Center,FC Bayern Munich,BAY,Hapoel IBI Tel Aviv,HTA,away,11.0,0.006,False,24.0,0.407848903421994,21.202163917088875,17.70667708262425,17.70667708262425,17.635533620288125,0.3958942578174351,0.4659310861111491,0.6128583180408783,85.40476190476191,1.034263777814163,0.955,1,-8.766135192749648,0.2306676052470754,7.095760819406245,,,,27.72895277207392,0.863552361396304,7.008638413925307,7.170304997823587,0.6518459088930534,7.26525928239883,7.170304997823587,0.0949542845752429,WILEY AUSTIN,Austin Wiley,,,,False,False,37.67106843739657,3,0.31974355251104836,28.985964912280703,27.43830246639978,0.0,thin,,0.43,0.37,1,0.006
11543,Rasheed,Bello,Guard,Virtus Bologna,VIR,Fenerbahce Tarfin Istanbul,FBT,away,11.0,0.003,False,,0.0,21.202163917088875,21.202163917088875,21.202163917088875,25.102002960168445,0.4859742927151235,0.4859742927151235,0.35,79.64752553076217,0.9720856249749656,0.955,1,-6.715750981453553,0.2862583806159248,11.466992446242749,,,,,0.94,10.645288085348083,10.950018378198257,0.9954562161998416,11.376676396122058,10.950018378198257,0.4266580179238008,BELLO RASHEED,Rasheed Bello,,,,False,False,106.5991021157433,1,0.16589948265177618,74.17587719298245,29.455473509825026,1.0,thin,,1.0,0.98,1,0.003
3821,Donta,Hall,Center,Olympiacos Piraeus,OLY,Kosner Baskonia Vitoria-Gasteiz,KBA,away,10.9,0.013,False,186.0,0.835033415779705,21.09370650881872,17.33365531182862,17.33365531182862,10.298009903532398,0.3073699014743919,0.6144655525169278,0.1822142307970291,84.59918244028657,1.0255635195978292,0.955,1,4.217236513868823,0.6384765448775318,5.014792067001002,10.13953488372093,42.0,10.646511627906978,29.149897330595483,0.7925051334702259,7.92309768870737,8.428968892408674,0.7732998983861169,8.330232332691194,8.428968892408674,-0.09873655971748,HALL DONTA,Donta Hall,13.486046511627906,10.13953488372093,OLY,False,True,56.103135545938336,3,0.23603503243218513,0.8399224806201551,48.988140015097606,5.0,deep,-0.22,-0.96,0.26,2,0.013
11522,Keaton,Wallace,Guard,Maccabi Rapyd Tel Aviv,MTA,LDLC ASVEL Villeurbanne,ASV,away,10.8,0.031,False,,0.0,20.98379543960187,20.98379543960187,20.98379543960187,17.470201902891723,0.3938995952540713,0.3938995952540713,0.35,83.80559424073098,1.0169927670426289,0.955,1,0.7783277526979853,0.5260745044859986,6.4686151310426,,,,,0.94,6.282500735005453,6.613007081115544,0.6123154704736614,6.744519170468196,6.613007081115544,0.1315120893526522,WALLACE KEATON,Keaton Wallace,,,,False,True,75.41468443895263,1,0.21767765908796324,44.842543859649126,36.68846303064842,3.0,deep,,0.83,0.52,2,0.031
3779,Kostas,Sloukas,Guard,Panathinaikos AKTOR Athens,PAO,Paris Basketball,PBB,home,10.7,0.011,False,276.0,0.8978402230655901,20.872430709438348,23.40920344231234,29.944416846167165,22.31364470641403,0.4523338399962108,0.5669767675016838,0.2678915995424129,88.49288762446658,1.0676155355869732,1.045,1,3.381689824450132,0.6118620992637143,8.207250394509256,10.840909090909092,38.0,11.382954545454549,36.709103353867214,0.6487268993839836,10.919444293982057,11.58756370483296,1.0829498789563516,11.220083993632416,11.58756370483296,-0.3674797112005432,SLOUKAS KOSTAS,Kostas Sloukas,18.42007575757576,10.840909090909092,PAO,False,False,107.00565114782448,3,0.17949798369121334,20.42878787878788,46.821222213168895,5.0,deep,0.83,-0.23,0.7,2,0.011
7258,Daron,Russell,Guard,Anadolu Efes Istanbul,EFS,FC Barcelona,BAR,away,10.7,0.005,False,19.0,0.4472217902682774,20.872430709438348,20.499754887656074,20.499754887656074,17.644085607531043,0.3959974342016428,0.458032003413208,0.5698478561549102,79.57930869110298,0.9713488831066464,0.955,1,-3.238390640548716,0.3927596216582184,7.255975992166879,,,,28.40520191649555,0.8978439425051336,6.730920387927141,6.995283762424527,0.6537648376097689,7.284660515632818,6.995283762424527,0.2893767532082911,RUSSELL DARON,Daron Russell,,,,False,True,124.59914482526695,4,0.14128125663402458,79.56973684210527,31.667246603489886,1.0,thin,,0.81,0.77,2,0.005
3815,Trent,Forrest,Guard,Fenerbahce Tarfin Istanbul,FBT,Virtus Bologna,VIR,home,10.6,0.023,False,61.0,0.7430289715829391,20.75961231832815,22.708776344721464,22.708776344721464,17.60065304531513,0.3954734373107418,0.4994870349197963,0.663584483132269,84.08511383883945,1.0200115787022004,1.045,1,6.715750981453553,0.7137416193840752,7.919930539075997,10.31578947368421,29.0,10.831578947368422,28.303901437371664,0.90088295687885,9.974214807338448,10.686116030205884,1.008124153793008,10.49641511511211,10.686116030205884,-0.1897009150937734,FORREST TRENT,Trent Forrest,16.96140350877193,10.31578947368421,KBA,True,True,107.68899946523491,4,0.17415002827822434,38.52131782945737,41.842645519558225,5.0,deep,0.73,0.17,0.62,2,0.023
3888,Sterling,Brown,Guard,Zalgiris Kaunas,ZAL,Crvena Zvezda Meridianbet Belgrade,CZV,away,10.6,0.037,False,100.0,0.8295870969292944,20.75961231832815,25.17923571183893,25.17923571183893,23.31659744132478,0.464434072816954,0.412348050064296,0.7420400028244184,81.23123149323949,0.9891896493697208,0.955,1,-4.182288691281983,0.3626243267137152,7.699737179199214,10.736842105263158,37.0,11.273684210526316,31.638603696098563,0.8008418891170431,8.99520609581789,9.321394151232596,0.8793768067200562,9.610501323729506,9.321394151232596,0.2891071724969105,BROWN STERLING,Sterling Brown,27.392543859649123,10.736842105263158,PAR,True,True,106.72673700716362,1,0.19088776037062327,29.957539682539682,31.54874361300777,2.0,thin,1.03,0.03,0.19,2,0.037
11494,Patrick,Baldwin Jr,Center,Crvena Zvezda Meridianbet Belgrade,CZV,Zalgiris Kaunas,ZAL,home,10.6,0.044,False,,0.0,20.75961231832815,20.75961231832815,20.75961231832815,18.49113132941325,0.4062167098343088,0.4062167098343088,0.35,79.86923629161679,0.9744801011921956,1.045,1,4.182288691281983,0.6373756732862847,7.060722137963455,,,,,0.94,7.1901572185497695,7.648440348370509,0.7215509762613688,7.727823966380216,7.648440348370509,0.0793836180097065,BALDWIN PATRICK,Patrick Baldwin Jr,,,,False,False,44.413809338273296,1,0.31852880807318174,17.426923076923078,40.757368672423816,3.0,deep,,-0.04,-0.11,1,0.044
11504,Johannes,Thiemann,Center,FC Bayern Munich,BAY,Hapoel IBI Tel Aviv,HTA,away,10.6,0.025,False,147.0,0.7560093510069861,20.75961231832815,19.387093070484287,19.387093070484287,19.402724855524408,0.4172147295015156,0.5235616473305904,0.3770144296700236,85.40476190476191,1.034263777814163,0.955,1,-8.766135192749648,0.2306676052470754,6.277633209192655,,,,32.64065708418891,0.6179671457905545,6.200555849931037,6.34358258684147,0.5984511874378745,6.427588824562228,6.34358258684147,0.0840062377207573,THIEMANN JOHANNES,Johannes Thiemann,,,,False,False,35.990652449536526,1,0.3500881606578808,28.985964912280703,27.43830246639978,0.0,thin,,0.52,0.64,1,0.025
7204,TJ,Leaf,Forward,Maccabi Rapyd Tel Aviv,MTA,LDLC ASVEL Villeurbanne,ASV,away,10.5,0.002,True,24.0,0.4814482717643182,20.645340266271266,19.413019108715147,0.0,0.0,0.1831284361633178,0.4266402162343342,0.1943069306930693,83.80559424073098,1.0169927670426289,0.955,0,0.7783277526979853,0.5260745044859986,0.0,7.921052631578948,24.0,8.317105263157895,29.42094455852156,0.7789527720739219,0.0,0.0,0.0,0.0,0.0,0.0,LEAF TJ,TJ Leaf,11.49780701754386,7.921052631578948,MTA,False,True,91.35200324750741,4,0.17526308121242898,4.442105263157895,36.68846303064842,3.0,deep,0.26,-0.55,0.05,2,0.002
8808,Eugene,Omoruyi,Forward,Besiktas Istanbul,BJK,Valencia Basket,VBC,home,10.5,0.033,False,23.0,0.4971210178270599,20.645340266271266,20.4380987440057,20.4380987440057,24.038799266393003,0.4731471556200721,0.5104333085012055,0.3489254108723135,83.59465633667503,1.0147146376788243,1.045,1,1.8206091954137984,0.5607978535920614,10.567240643426311,6.7105263157894735,23.0,7.046052631578948,29.626283367556468,0.861211498973306,8.75151455003103,9.24229760756474,0.8802188197680705,8.836678723279059,9.24229760756474,-0.4056188842856816,OMORUYI EUGENE,Eugene Omoruyi,12.242105263157894,6.7105263157894735,KBA,True,False,72.45773191405686,1,0.2200109369734329,0.0,27.41186290070354,0.0,thin,0.62,-0.37,0.53,0,0.033
11544,Trent,Frazier,Guard,Virtus Bologna,VIR,Fenerbahce Tarfin Istanbul,FBT,away,10.5,0.006,False,,0.0,20.645340266271266,20.645340266271266,20.645340266271266,23.59719219461645,0.4678193388668146,0.4678193388668146,0.35,79.64752553076217,0.9720856249749656,0.955,1,-6.715750981453553,0.2862583806159248,10.37686948050271,,,,,0.94,9.633281399797408,9.90904215314976,0.943718300299977,10.295139430667012,9.90904215314976,0.3860972775172513,FRAZIER TRENT,Trent Frazier,,,,False,False,107.15592576656093,2,0.16154253324037862,74.17587719298245,29.455473509825026,1.0,thin,,0.98,0.9,1,0.006
3804,Tadas,Sedekerskis,Forward,Kosner Baskonia Vitoria-Gasteiz,KBA,Olympiacos Piraeus,OLY,home,10.4,0.009,False,157.0,0.8289319973338312,20.529614553267702,20.77012854305554,20.77012854305554,25.68811752296752,0.4930455358780708,0.4768536303654177,0.5798941299895316,78.91970211455063,0.9642251320798813,1.045,1,-4.217236513868823,0.3615234551224682,10.8884475904273,3.421052631578948,13.0,3.5921052631578947,28.70362765229295,0.8888911704312115,6.456809301409638,6.6902381021808885,0.6432921252097008,6.74447605467476,6.6902381021808885,0.0542379524938718,SEDEKERSKIS TADAS,Tadas Sedekerskis,8.169736842105262,3.4210526315789473,KBA,False,True,37.078856092233146,1,0.35904050302700513,31.9140350877193,27.031493496639413,1.0,thin,1.34,0.86,0.99,2,0.009
3822,Joel,Bolomboy,Center,LDLC ASVEL Villeurbanne,ASV,Maccabi Rapyd Tel Aviv,MTA,home,10.4,0.09,False,204.0,0.8148600539,20.529614553267702,17.510120654920737,17.510120654920737,18.711074682289823,0.4088702404390369,0.5111900777636207,0.4106874289768536,85.28902647908335,1.0330138352168343,1.045,1,-0.7783277526979853,0.4739254955140013,5.895091281154984,2.923076923076923,15.0,3.069230769230769,32.6735112936345,0.6163244353182751,4.438775108823409,4.649139978115843,0.4470326902034464,4.3985841729304616,4.649139978115843,-0.2505558051853818,BOLOMBOY JOEL,Joel Bolomboy,5.558547008547008,2.923076923076923,CZV,True,False,0.0,1,1.0,75.68991228070175,33.785179762515206,2.0,thin,1.87,2.92,1.79,0,0.09
3833,Armoni,Brooks,Guard,Valencia Basket,VBC,Besiktas Istanbul,BJK,away,10.3,0.069,False,70.0,0.7288531360408497,20.412435179317463,19.482732971113585,19.482732971113585,21.64728322431679,0.4442944491101891,0.4469366494291021,0.2655218833108974,,1.0,0.955,1,-1.8206091954137984,0.4392021464079386,8.067436808682045,10.526315789473683,38.0,11.05263157894737,28.32306639288159,0.8338466803559206,9.113339808284962,9.513599648759328,0.923650451335857,10.142533807971809,9.513599648759328,0.6289341592124806,BROOKS ARMONI,Armoni Brooks,22.54298245614035,10.526315789473685,MIL,True,False,101.88888679955792,2,0.1605213229247966,68.62651515151515,30.76560469937195,2.0,thin,0.45,0.92,0.78,1,0.069
3993,Matthew,Strazel,Guard,Anadolu Efes Istanbul,EFS,FC Barcelona,BAR,away,10.3,0.028,False,192.0,0.8403292545267392,20.412435179317463,16.62811166755378,16.62811166755378,8.47831876521225,0.2854160389751024,0.3521721955295658,0.2771360978417002,79.57930869110298,0.9713488831066464,0.955,1,-3.238390640548716,0.3927596216582184,2.985828133944316,11.046511627906977,43.0,11.598837209302326,24.15605749486653,1.0,7.256206861838522,7.5412013680114685,0.7321554726224726,7.853161317211406,7.5412013680114685,0.3119599491999372,STRAZEL MATTHEW,Matthew Strazel,24.314728682170543,11.046511627906977,,False,True,128.47078804536926,6,0.11459846835814994,79.56973684210527,31.667246603489886,1.0,thin,-0.23,0.68,0.27,3,0.028
4808,Bruno,Fernando,Center,Anadolu Efes Istanbul,EFS,FC Barcelona,BAR,away,10.3,0.032,False,49.0,0.6244010223334674,20.412435179317463,17.639221409152306,24.574315020712856,21.14954651468384,0.4382894502100911,0.4982069539418575,0.4461519497062086,79.57930869110298,0.9713488831066464,0.955,1,-3.238390640548716,0.3927596216582184,8.888529907800958,9.5,37.0,9.975,28.128678986995208,0.8435660506502396,8.58567353978078,8.922884128897307,0.8662994299900297,9.292000711750433,8.922884128897307,0.3691165828531257,FERNANDO BRUNO,Bruno Fernando,15.490350877192983,8.81578947368421,PAR,True,True,47.029833474902006,2,0.2727613916853712,6.818859649122807,31.667246603489886,1.0,thin,-0.02,-0.51,0.02,2,0.032
7237,Nathan,Reuvers,Forward,Valencia Basket,VBC,Besiktas Istanbul,BJK,away,10.3,0.023,False,90.0,0.7344926380849663,20.412435179317463,16.840705084000444,16.840705084000444,18.34219977101053,0.4044199087804792,0.4463931402824946,0.396730633736758,,1.0,0.955,1,-1.8206091954137984,0.4392021464079386,6.95853647901412,10.954545454545457,44.0,11.502272727272729,28.00273785078713,0.8498631074606434,8.935115480437942,9.327547670179056,0.9055871524445684,9.944182126961502,9.327547670179056,0.616634456782446,REUVERS NATHAN,Nathan Reuvers,19.056818181818183,10.954545454545455,VBC,False,False,74.77562140308223,4,0.1838177291072119,13.811363636363637,30.76560469937195,2.0,thin,0.24,-0.16,0.34,2,0.023
3792,Jordan,Loyd,Guard,Anadolu Efes Istanbul,EFS,FC Barcelona,BAR,away,10.2,0.009,False,193.0,0.8685900717863838,20.293802144420543,23.25752418601504,23.25752418601504,19.748539171048023,0.4213868440837188,0.4703388818285141,0.6204850924818995,79.57930869110298,0.9713488831066464,0.955,1,-3.238390640548716,0.3927596216582184,7.009102685836258,9.63157894736842,34.0,10.113157894736842,33.18001368925393,0.754599589322382,7.961536751623063,8.274233767861611,0.8111993890060404,8.616517366976156,8.274233767861611,0.3422835991145447,LOYD JORDAN,Jordan Loyd,21.00263157894737,9.631578947368421,EFS,False,True,121.84137552690798,2,0.16028739178608423,79.56973684210527,31.667246603489886,1.0,thin,0.57,0.91,0.87,3,0.009
3946,Andreas,Obst,Guard,FC Bayern Munich,BAY,Hapoel IBI Tel Aviv,HTA,away,10.2,0.036,False,169.0,0.8427133309097788,20.293802144420543,20.640246497204423,20.640246497204423,20.874503572555835,0.4349711645924272,0.3600697435866806,0.4248265137230185,85.40476190476191,1.034263777814163,0.955,1,-8.766135192749648,0.2306676052470754,6.339755984478635,11.078947368421051,35.0,11.632894736842106,30.217659137577,0.8434702258726899,9.070517769196886,9.279745230414054,0.9097789441582408,9.402634224628658,9.279745230414054,0.1228889942146036,OBST ANDREAS,Andreas Obst,24.48771929824561,11.078947368421053,BAY,False,False,96.15654258556725,1,0.17671929733082875,37.52280701754386,27.43830246639978,0.0,thin,0.69,0.31,0.12,2,0.036
7197,Oshae,Brissett,Forward,Maccabi Rapyd Tel Aviv,MTA,LDLC ASVEL Villeurbanne,ASV,away,10.2,0.014,False,36.0,0.6529000561868035,20.293802144420543,22.890946170390208,31.60577760884444,25.97706012218281,0.4965315154268945,0.4496789162129005,0.4743083003952569,83.80559424073098,1.0169927670426289,0.955,1,0.7783277526979853,0.5260745044859986,10.386315002483098,9.894736842105264,36.0,10.389473684210529,28.69541409993156,0.8891375770020534,9.801020196814193,10.31662688116382,1.0114340079572373,10.52179241925738,10.31662688116382,0.2051655380935599,BRISSETT OSHAE,Oshae Brissett,23.294298245614034,9.894736842105264,MTA,False,True,87.87407618583237,2,0.2066622267882767,4.442105263157895,36.68846303064842,3.0,deep,0.75,-0.44,0.21,3,0.014
7362,Umoja,Gibson,Guard,FC Barcelona,BAR,Anadolu Efes Istanbul,EFS,home,10.2,0.003,False,20.0,0.4341855526806209,20.293802144420543,19.265448186173263,19.265448186173263,19.80041454510493,0.422012700200266,0.4553106319619845,0.6027027027027027,81.50327139185147,0.9921276802747302,1.045,1,3.238390640548716,0.6072403783417816,7.553200561782042,,,,28.24366872005476,0.8378165639972621,7.830957622851083,8.306484989818939,0.8143612735116608,8.093218770496481,8.306484989818939,-0.2132662193224579,GIBSON UMOJA,Umoja Gibson,,,,False,False,106.38515492578215,3,0.153325552834853,38.11958333333334,38.53914354250818,3.0,deep,,0.12,0.41,1,0.003
3806,Duane,Washington,Guard,FC Bayern Munich,BAY,Hapoel IBI Tel Aviv,HTA,away,10.1,0.037,False,42.0,0.6110929103493402,20.173715448576942,17.873183246245336,17.873183246245336,16.6255993152338,0.3837097950811126,0.4350061118279925,0.2367942500865951,85.40476190476191,1.034263777814163,0.955,1,-8.766135192749648,0.2306676052470754,6.682022956576486,6.684210526315789,24.0,7.018421052631579,26.521560574948666,0.9239219712525668,6.601276889050646,6.753546962207663,0.6686680160601647,6.842982240112352,6.753546962207663,0.0894352779046894,WASHINGTON DUANE,Duane Washington,13.273684210526316,6.684210526315789,PAR,True,False,98.92360583652633,4,0.15302803601543316,37.52280701754386,27.43830246639978,0.0,thin,0.23,0.21,0.38,0,0.037
4340,Kyle,Allman,Guard,Partizan Mozzart Bet Belgrade,PAR,Armani Olimpia Milan,MIL,home,10.1,0.01,False,60.0,0.6351280518379235,20.173715448576942,17.4338715921195,17.4338715921195,19.25745756539072,0.4154621364124579,0.4011246152131731,0.4022068782392531,81.57101133892995,0.9928592717031776,1.045,1,2.133590616966191,0.5711463077269484,6.149310643139,,,,29.078713210130047,0.7960643394934976,6.380143090521647,6.7445426074137504,0.6677764957835397,6.444350096035253,6.7445426074137504,-0.3001925113784978,ALLMAN KYLE,Kyle Allman,,,,False,True,106.77151917965882,6,0.1403632441699204,46.35175438596491,28.487721241744293,2.0,thin,,0.28,0.27,2,0.01
8368,Mamadi,Diakite,Center,Dubai Basketball,DUB,Real Madrid,RMB,home,10.1,0.006,False,37.0,0.6024950063435172,20.173715448576942,19.625869302977755,19.625869302977755,12.748164144015732,0.3369300549338844,0.4506931711691819,0.3673469387755101,80.18097815455228,0.9778469133118988,1.045,1,2.445666286151155,0.581416350337684,4.397616115120996,9.86842105263158,37.0,10.361842105263158,29.69199178644764,0.7654004106776181,7.847909429951896,8.304199715806229,0.8221979916639831,8.136161152880955,8.304199715806229,-0.1680385629252736,DIAKITE MAMADI,Mamadi Diakite,18.770175438596493,9.868421052631579,KBA,True,False,46.85019084392576,2,0.29523213709728163,5.129385964912281,42.18550382311964,6.0,deep,0.27,-0.51,-0.17,1,0.006
8721,Jared,Butler,Guard,Crvena Zvezda Meridianbet Belgrade,CZV,Zalgiris Kaunas,ZAL,home,10.1,0.172,False,32.0,0.5763284090337375,20.173715448576942,20.07630951210887,20.07630951210887,17.135639854688034,0.3898632348800109,0.4766785142388124,0.2203389830508474,79.86923629161679,0.9744801011921956,1.045,1,4.182288691281983,0.6373756732862847,7.898657804497588,8.871794871794872,32.0,9.315384615384616,26.09993155373032,0.9670020533880904,8.638039472955963,9.188607095450845,0.9097630787575094,9.283976195879529,9.188607095450845,0.095369100428682,BUTLER JARED,Jared Butler,16.414102564102564,8.871794871794872,CZV,False,False,100.25970936815482,3,0.16683541385962858,39.900000000000006,40.757368672423816,3.0,deep,0.51,0.28,0.58,2,0.172
11532,Ethan,Thompson,Guard,Partizan Mozzart Bet Belgrade,PAR,Armani Olimpia Milan,MIL,home,10.1,0.031,False,,0.0,20.173715448576942,20.173715448576942,20.173715448576942,22.50746495050806,0.4546722055016598,0.4546722055016598,0.35,81.57101133892995,0.9928592717031776,1.045,1,2.133590616966191,0.5711463077269484,9.619507605540877,,,,,0.94,9.980604094572616,10.550642612322576,1.044618080427978,10.081044585175617,10.550642612322576,-0.4695980271469615,THOMPSON ETHAN,Ethan Thompson,,,,False,True,104.0316753232014,2,0.1624222211549997,46.35175438596491,28.487721241744293,2.0,thin,,0.37,0.54,2,0.031
3940,Nick,Weiler-Babb,Guard,Crvena Zvezda Meridianbet Belgrade,CZV,Zalgiris Kaunas,ZAL,home,10.0,0.052,False,198.0,0.8840738382032065,20.05217509178667,24.69551822183941,24.69551822183941,22.08127737302978,0.4495304189216027,0.3834703020852324,0.6416146536964201,79.86923629161679,0.9744801011921956,1.045,1,4.182288691281983,0.6373756732862847,6.993262521635978,10.68421052631579,38.0,11.21842105263158,30.80355920602328,0.8258932238193017,9.376626578840938,9.97426994672522,0.9974269946725218,10.077793488690896,9.97426994672522,0.1035235419656768,WEILER BABB NICK,Nick Weiler-Babb,28.04078947368421,10.68421052631579,EFS,True,False,95.64050065842427,1,0.20522133316053823,39.900000000000006,40.757368672423816,3.0,deep,1.16,0.44,0.28,1,0.052
9064,Kessler,Edwards,Forward,Virtus Bologna,VIR,Fenerbahce Tarfin Istanbul,FBT,away,10.0,0.011,False,13.0,0.2660685125043577,20.05217509178667,17.117664634349012,17.117664634349012,17.57921242872573,0.3952147646499856,0.4039116820975656,0.219435736677116,79.64752553076217,0.9720856249749656,0.955,1,-6.715750981453553,0.2862583806159248,6.694396876107408,1.738095238095238,14.0,1.825,26.143737166324435,0.9428131416837784,3.4540031507635547,3.5528768856215422,0.3552876885621542,3.6913116678831583,3.5528768856215422,0.1384347822616161,EDWARDS KESSLER,Kessler Edwards,4.061904761904762,1.7380952380952381,HTA,True,False,31.299523282004735,2,0.3535452051433004,62.588596491228074,29.455473509825026,1.0,thin,1.0,1.58,1.01,0,0.011
11505,Johnny,Juzang,Forward,Fenerbahce Tarfin Istanbul,FBT,Virtus Bologna,VIR,home,10.0,0.01,False,,0.0,20.05217509178667,20.05217509178667,20.05217509178667,15.469791356624771,0.3697654237180078,0.3697654237180078,0.35,84.08511383883945,1.0200115787022004,1.045,1,6.715750981453553,0.7137416193840752,5.376982318462842,,,,,0.94,5.73139051335801,6.140463707990677,0.6140463707990678,6.031457631207184,6.140463707990677,-0.1090060767834932,JUZANG JOHNNY,Johnny Juzang,,,,False,True,104.0042294566483,4,0.16163756449960437,60.734496124031004,41.842645519558225,5.0,deep,,0.59,0.36,2,0.01
11511,Chris,Duarte,Guard,Kosner Baskonia Vitoria-Gasteiz,KBA,Olympiacos Piraeus,OLY,home,10.0,0.006,False,,0.0,20.05217509178667,20.05217509178667,20.05217509178667,22.95987462040585,0.460130351379896,0.460130351379896,0.35,78.91970211455063,0.9642251320798813,1.045,1,-4.217236513868823,0.3615234551224682,9.930663066122158,,,,,0.94,10.006287677368194,10.368038446775346,1.0368038446775345,10.452092432319976,10.368038446775346,0.0840539855446298,DUARTE CHRIS,Chris Duarte,,,,False,True,114.81525510597577,3,0.1486806344747818,43.64736842105263,27.031493496639413,1.0,thin,,0.13,0.44,2,0.006
4180,Devon,Dotson,Guard,Besiktas Istanbul,BJK,Valencia Basket,VBC,home,9.9,0.006,False,38.0,0.5498775282725504,19.929181074049712,16.881945708895334,16.881945708895334,16.976572695339556,0.3879441517614808,0.4107378570299375,0.466368566263914,83.59465633667503,1.0147146376788243,1.045,1,1.8206091954137984,0.5607978535920614,6.218117892045336,,,,27.16495550992471,0.8917522245037646,6.593547929845194,6.96331268250655,0.703364917424904,6.657712144508418,6.96331268250655,-0.3056005379981323,DOTSON DEVON,Devon Dotson,,,,False,False,72.63800373815909,3,0.18858305677306011,0.0,27.41186290070354,0.0,thin,,-0.25,0.05,1,0.006
11491,David,Dejulius,Guard,Besiktas Istanbul,BJK,Valencia Basket,VBC,home,9.9,0.022,False,21.0,0.3380698071890239,19.929181074049712,16.79556904344136,16.79556904344136,15.805393024932178,0.3738143267023651,0.3399428344386568,0.3157821423596601,83.59465633667503,1.0147146376788243,1.045,1,1.8206091954137984,0.5607978535920614,4.796470970944199,,,,27.145790554414784,0.8927104722792608,5.086066522072481,5.37129204095295,0.5425547516114091,5.135560886500548,5.37129204095295,-0.2357311544524023,DEJULIUS DAVID,David Dejulius,,,,False,False,72.72438040361307,4,0.18761816943803028,0.0,27.41186290070354,0.0,thin,,-0.25,-0.25,1,0.022
11515,Tremont,Waters,Guard,LDLC ASVEL Villeurbanne,ASV,Maccabi Rapyd Tel Aviv,MTA,home,9.9,0.003,False,,0.0,19.929181074049712,19.929181074049712,19.929181074049712,22.964372914827685,0.4601846215442874,0.4601846215442874,0.35,85.28902647908335,1.0330138352168343,1.045,1,-0.7783277526979853,0.4739254955140013,9.511066132930678,,,,,0.9,10.267190733613749,10.753779079210211,1.0862403110313346,10.174226347165092,10.753779079210211,-0.5795527320451193,WATERS TREMONT,Tremont Waters,,,,False,False,86.86282992058312,2,0.18661677861887357,48.113596491228066,33.785179762515206,2.0,thin,,0.7,0.72,1,0.003
11545,Marcus,Carr,Guard,Virtus Bologna,VIR,Fenerbahce Tarfin Istanbul,FBT,away,9.9,0.003,False,11.0,0.2169410084898788,19.929181074049712,19.039195660441845,19.039195660441845,20.775993154827148,0.4337826748976542,0.3723106584014752,0.353442999771074,79.64752553076217,0.9720856249749656,0.955,1,-6.715750981453553,0.2862583806159248,6.837457556461761,,,,27.32101300479124,0.883949349760438,6.34749746292235,6.529199897392334,0.6595151411507408,6.7836045376983405,6.529199897392334,0.2544046403060065,CARR MARCUS,Marcus Carr,,,,False,False,108.76207037239035,3,0.14897501606557378,74.17587719298245,29.455473509825026,1.0,thin,,0.93,0.48,1,0.003
11546,Bobi,Klintman,Center,Virtus Bologna,VIR,Fenerbahce Tarfin Istanbul,FBT,away,9.9,0.003,False,,0.0,19.929181074049712,19.929181074049712,19.929181074049712,22.18768100548861,0.4508141371676467,0.4508141371676466,0.35,79.64752553076217,0.9720856249749656,0.955,1,-6.715750981453553,0.2862583806159248,9.002268241416298,,,,,0.9,8.357181649915221,8.596412978477007,0.8683245432805057,8.931364792800347,8.596412978477007,0.3349518143233396,KLINTMAN BOBI,Bobi Klintman,,,,False,False,44.39924985837442,1,0.30980362469877376,0.0,29.455473509825026,1.0,thin,,-0.59,-0.2,1,0.003
3850,Theo,Maledon,Guard,Real Madrid,RMB,Dubai Basketball,DUB,away,9.8,0.077,False,111.0,0.7772102692732737,19.804733395366075,20.334949399052448,20.334949399052448,18.799572303966865,0.4099379296621682,0.6015672072506764,0.4598104390911187,88.00000000000001,1.0622923492427343,0.955,1,-2.445666286151155,0.418583649662316,11.206331909629908,9.681818181818182,38.0,10.165909090909093,25.30321697467488,0.9909034907597536,10.440741000045255,10.877773347343048,1.109976872177862,10.747559182415143,10.877773347343048,-0.1302141649279029,MALEDON THEO,Theo Maledon,14.694318181818181,9.681818181818182,RMB,False,False,73.24976388098638,2,0.217289220496974,0.0,39.52894111348701,4.0,deep,1.04,-0.2,0.86,1,0.077
11508,Jacob,Toppin,Forward,Hapoel IBI Tel Aviv,HTA,FC Bayern Munich,BAY,home,9.8,0.003,False,,0.0,19.804733395366075,19.804733395366075,19.804733395366075,13.921974759903074,0.3510916213221157,0.3510916213221157,0.35,81.9984540697545,0.9974756531960828,1.045,1,8.766135192749648,0.7693323947529245,4.39909982141395,,,,,0.9,4.585454741392435,4.938228629115094,0.5039008805219484,4.698238135046987,4.938228629115094,-0.239990494068107,TOPPIN JACOB,Jacob Toppin,,,,False,True,89.07353842548312,3,0.1818979403709974,30.6968253968254,43.452654200427176,4.0,deep,,0.09,0.02,2,0.003
11529,Alize,Johnson,Forward,Paris Basketball,PBB,Panathinaikos AKTOR Athens,PAO,away,9.8,0.002,False,,0.0,19.804733395366075,19.804733395366075,19.804733395366075,19.276904732335385,0.4156967588822349,0.4156967588822348,0.35,82.41060349139468,1.001926866949797,0.955,1,-3.381689824450132,0.3881379007362857,7.212012136662092,,,,,0.9,6.900742831887721,7.168586815516707,0.7314884505629292,7.706577248788678,7.168586815516707,0.5379904332719709,JOHNSON ALIZE,Alize Johnson,,,,False,False,115.13941514141666,2,0.1467624466129982,24.032456140350877,33.28933581840373,1.0,thin,,-0.42,0.07,1,0.002
3860,Devin,Booker,Center,Armani Olimpia Milan,MIL,Partizan Mozzart Bet Belgrade,PAR,away,9.7,0.016,False,211.0,0.8708851514029393,19.67883205573576,22.65807673661027,22.65807673661027,23.58433756618172,0.4676642527979797,0.4822692299121729,0.727777881702503,83.57377072261507,1.0144890730469769,0.955,1,-2.133590616966191,0.4288536922730516,7.760711632472284,9.078947368421051,36.0,9.532894736842106,35.58932238193019,0.6823203285420943,8.28515846309907,8.640470542895805,0.8907701590614233,9.0233912505682,8.640470542895805,0.3829207076723939,BOOKER DEVIN,Devin Booker,18.90175438596491,9.078947368421053,MIL,False,True,27.653231410073104,1,0.4503575353387812,20.09298245614035,34.74876861603107,1.0,thin,1.15,0.57,0.5,3,0.016
3914,Nigel,Williams-Goss,Guard,Zalgiris Kaunas,ZAL,Crvena Zvezda Meridianbet Belgrade,CZV,away,9.7,0.036,False,189.0,0.853776569153141,19.67883205573576,21.29348507756044,21.29348507756044,18.78024746257242,0.4097047830023532,0.3977534074143201,0.5744934685428484,81.23123149323949,0.9891896493697208,0.955,1,-4.182288691281983,0.3626243267137152,5.892023690694892,8.095238095238095,31.0,8.5,32.04106776180698,0.7887679671457907,6.814848465199424,7.061971448834317,0.7280382936942595,7.281001624439157,7.061971448834317,0.21903017560484,WILLIAMS GOSS NIGEL,Nigel Williams-Goss,17.76031746031746,8.095238095238095,ZAL,False,True,110.61248764144212,3,0.16142927146234426,29.957539682539682,31.54874361300777,2.0,thin,0.48,-0.1,0.07,3,0.036
4210,Anthony,Brown,Forward,Besiktas Istanbul,BJK,Valencia Basket,VBC,home,9.7,0.008,False,75.0,0.7001416012499486,19.67883205573576,20.13884046920385,20.13884046920385,22.69812483159889,0.4569724424624569,0.3613418008627175,0.6919730796216738,83.59465633667503,1.0147146376788243,1.045,1,1.8206091954137984,0.5607978535920614,5.993700098303234,,,,33.973990417522245,0.7307802874743327,6.355580508667539,6.712000099426769,0.6919587731367803,6.417428975745734,6.712000099426769,-0.2945711236810346,BROWN ANTHONY,Anthony Brown,,,,False,False,72.75699018885871,2,0.21678949772603137,0.0,27.41186290070354,0.0,thin,,-0.38,-0.17,1,0.008
11492,Jaylen,Nowell,Guard,Besiktas Istanbul,BJK,Valencia Basket,VBC,home,9.7,0.014,False,,0.0,19.67883205573576,19.67883205573576,19.67883205573576,19.441369084973505,0.4176809570287319,0.4176809570287318,0.35,83.59465633667503,1.0147146376788243,1.045,1,1.8206091954137984,0.5607978535920614,7.308260680824479,,,,,0.9,7.749510047801445,8.184100907921161,0.8437217430846559,7.824923350553246,8.184100907921161,-0.3591775573679152,NOWELL JAYLEN,Jaylen Nowell,,,,False,False,69.84111739131866,2,0.21982621948836767,0.0,27.41186290070354,0.0,thin,,-0.15,0.12,1,0.014
3841,Tomas,Satoransky,Guard,Hapoel IBI Tel Aviv,HTA,FC Bayern Munich,BAY,home,9.6,0.004,False,151.0,0.8625602875536055,19.55147705515876,23.709914922026545,25.20174894391298,19.114071947653848,0.4137322449655627,0.4439318124116966,0.8283503145363346,81.9984540697545,0.9974756531960828,1.045,1,8.766135192749648,0.7693323947529245,5.959778482983856,10.125,37.0,10.63125,34.92128678986995,0.7023613963039015,8.817248284779925,9.49558775858601,0.9891237248527096,9.034116456059769,9.49558775858601,-0.4614713025262418,SATORANSKY TOMAS,Tomas Satoransky,23.043333333333333,10.125,BAR,True,True,165.3679543173185,3,0.12539762065973592,24.15039682539682,43.452654200427176,4.0,deep,0.07,-1.12,-0.25,2,0.004
3875,Marko,Guduric,Guard,Armani Olimpia Milan,MIL,Partizan Mozzart Bet Belgrade,PAR,away,9.6,0.039,False,231.0,0.8775328070678684,19.55147705515876,21.758156503999903,21.758156503999903,21.207806757075,0.4389923372680627,0.4879986795576443,0.3938638524498825,83.57377072261507,1.0144890730469769,0.955,1,-2.133590616966191,0.4288536922730516,8.310319735826093,10.263157894736842,35.0,10.776315789473683,31.567419575633128,0.8029774127310062,9.186534973971796,9.580502918250131,0.9979690539843888,10.005083146734338,9.580502918250131,0.4245802284842064,GUDURIC MARKO,Marko Guduric,20.3,10.263157894736842,MIL,False,True,123.86358555552243,3,0.14941557624757945,57.79210526315789,34.74876861603107,1.0,thin,0.39,0.34,0.66,3,0.039
4675,Antonio,Blakeney,Guard,Hapoel IBI Tel Aviv,HTA,FC Bayern Munich,BAY,home,9.6,0.011,False,58.0,0.7077498170514311,19.55147705515876,20.03860987920088,21.299444431640776,15.545005296001046,0.3706728505050728,0.4320658841433334,0.2046275145530911,81.9984540697545,0.9974756531960828,1.045,1,8.766135192749648,0.7693323947529245,5.71092730035762,10.214285714285714,41.0,10.725,29.99041752224504,0.8502874743326488,8.769331896991284,9.443985007860835,0.9837484383188372,8.98502152151159,9.443985007860835,-0.458963486349246,BLAKENEY ANTONIO,Antonio Blakeney,22.128571428571426,10.214285714285714,HTA,False,True,169.03925936014417,4,0.10598072614111656,24.15039682539682,43.452654200427176,4.0,deep,-0.36,-1.25,-0.37,3,0.011
7422,Ercan,Osmani,Forward,Anadolu Efes Istanbul,EFS,FC Barcelona,BAR,away,9.6,0.027,False,98.0,0.7783340379905695,19.55147705515876,18.01712918148873,18.01712918148873,12.329845719457252,0.3318832066087592,0.4078985688109244,0.7125737837749698,79.57930869110298,0.9713488831066464,0.955,1,-3.238390640548716,0.3927596216582184,4.234995777847899,10.763157894736842,36.0,11.301315789473684,28.15879534565366,0.8420602327173169,7.562007258030173,7.859012368994236,0.8186471217702329,8.184119335344821,7.859012368994236,0.3251069663505852,OSMANI ERCAN,Ercan Osmani,23.148684210526316,10.763157894736842,EFS,False,True,78.09681935944452,3,0.1874559255446211,24.596491228070178,31.667246603489886,1.0,thin,0.33,0.07,0.27,3,0.027
8714,Kobi,Simmons,Guard,Kosner Baskonia Vitoria-Gasteiz,KBA,Olympiacos Piraeus,OLY,home,9.6,0.006,False,31.0,0.5936507936507937,19.55147705515876,21.04432666889268,21.04432666889268,24.553428611046563,0.4793559575605232,0.4849192462468157,0.4627831715210356,78.91970211455063,0.9642251320798813,1.045,1,-4.217236513868823,0.3615234551224682,10.390866231231048,8.842105263157896,31.0,9.28421052631579,29.24298425735797,0.8727104722792608,9.53366229650031,9.87832654984047,1.0289923489417157,9.958410426968031,9.87832654984047,0.0800838771275636,SIMMONS KOBI,Kobi Simmons,18.092105263157894,8.842105263157896,KBA,False,True,113.82310352886977,1,0.15603712948362994,43.64736842105263,27.031493496639413,1.0,thin,0.42,0.16,0.56,3,0.006
4280,Marek,Blazevic,Center,Zalgiris Kaunas,ZAL,Crvena Zvezda Meridianbet Belgrade,CZV,away,9.5,0.002,False,66.0,0.4746664990985184,19.42266839363508,11.685914319454367,11.685914319454367,6.733344090328367,0.2643636014100615,0.3394953307350428,0.3527697511242321,81.23123149323949,0.9891896493697208,0.955,1,-4.182288691281983,0.3626243267137152,2.276629271554968,,,,25.08145106091718,0.995927446954141,2.1506772958849583,2.2286660865248336,0.2345964301605088,2.297789153338799,2.2286660865248336,0.0691230668139653,BLAZEVIC MAREK,Marek Blazevic,,,,False,True,37.39102938598627,3,0.23811414153238875,33.391666666666666,31.54874361300777,2.0,thin,,0.42,-0.14,2,0.002
4884,Jimmy,Clark III,Guard,Maccabi Rapyd Tel Aviv,MTA,LDLC ASVEL Villeurbanne,ASV,away,9.5,0.024,False,45.0,0.6459555063433708,19.42266839363508,19.53966220291284,19.53966220291284,15.79447777553016,0.3736826384837047,0.4169498406520808,0.5040188712213874,83.80559424073098,1.0169927670426289,0.955,1,0.7783277526979853,0.5260745044859986,6.423459198088996,8.368421052631579,37.0,8.786842105263158,25.492128678987,0.9753935660506504,7.372044979590302,7.759869470558948,0.8168283653219945,7.914189076550496,7.759869470558948,0.1543196059915477,CLARK JIMMY,Jimmy Clark III,19.200438596491228,8.368421052631579,MTA,False,True,76.85881767564166,3,0.20269678762081575,44.842543859649126,36.68846303064842,3.0,deep,0.84,0.78,0.59,3,0.024
8730,Kenneth,Faried,Center,Kosner Baskonia Vitoria-Gasteiz,KBA,Olympiacos Piraeus,OLY,home,9.5,0.019,False,42.0,0.5091772903467732,19.42266839363508,15.073489174274512,15.073489174274512,14.676816897903644,0.3601984967458387,0.4586785616143352,0.3386514271648257,78.91970211455063,0.9642251320798813,1.045,1,-4.217236513868823,0.3615234551224682,2.7381629678422685,6.0,35.0,6.300000000000001,36.865160848733744,0.4067419575633128,4.731020866501923,4.902058367493349,0.5160061439466683,4.941799495506658,4.902058367493349,0.0397411280133095,FARIED KENNETH,Kenneth Faried,10.455681818181818,6.0,PAO,True,True,12.831178785345536,1,0.5401780517900042,32.89780701754386,27.031493496639413,1.0,thin,0.63,1.19,0.72,1,0.019
11516,Jae,Crowder,Forward,LDLC ASVEL Villeurbanne,ASV,Maccabi Rapyd Tel Aviv,MTA,home,9.5,0.023,False,,0.0,19.42266839363508,19.42266839363508,19.42266839363508,21.67305675163424,0.4446053966456985,0.4446053966456985,0.35,85.28902647908335,1.0330138352168343,1.045,1,-0.7783277526979853,0.4739254955140013,8.672362194226567,,,,,0.9,9.361810286526602,9.80549034442162,1.032156878360171,9.277043676855437,9.80549034442162,-0.5284466675661861,CROWDER JAE,Jae Crowder,,,,False,False,111.16061973107125,1,0.1487377800985264,38.51315789473684,33.785179762515206,2.0,thin,,-0.04,0.39,1,0.023
3907,Jaron,Blossomgame,Forward,Dubai Basketball,DUB,Real Madrid,RMB,home,9.4,0.034,False,179.0,0.8657766344769113,19.292406071164727,21.30201784508069,21.30201784508069,14.628892650555388,0.3596203094290412,0.3762443957031376,0.5841185015544804,80.18097815455228,0.9778469133118988,1.045,1,2.445666286151155,0.581416350337684,4.176401407640618,10.534883720930232,43.0,11.061627906976744,33.0403832991102,0.7587885010266942,8.166105064578316,8.640895764890436,0.9192442303074932,8.46604403246455,8.640895764890436,-0.1748517324258856,BLOSSOMGAME JARON,Jaron Blossomgame,23.71550387596899,10.534883720930232,,False,False,129.1467544127351,3,0.1415898416809716,0.3364035087719298,42.18550382311964,6.0,deep,0.1,-1.13,-0.47,2,0.034
4360,Evan,Fournier,Guard,Olympiacos Piraeus,OLY,Kosner Baskonia Vitoria-Gasteiz,KBA,away,9.4,0.057,False,76.0,0.7798087010105611,19.292406071164727,22.56376965864398,22.56376965864398,16.632439877303373,0.3837923237893811,0.434080684201755,0.5089975902106219,84.59918244028657,1.0255635195978292,0.955,1,4.217236513868823,0.6384765448775318,5.287369851178792,8.162790697674419,39.0,8.57093023255814,33.921971252566735,0.7323408624229979,6.868254633116281,7.306776581865399,0.7773166576452551,7.221185332030868,7.306776581865399,-0.0855912498345308,FOURNIER EVAN,Evan Fournier,19.894186046511628,8.162790697674419,OLY,False,True,130.25376552737606,3,0.14765170522595986,21.52015503875969,48.988140015097606,5.0,deep,0.35,-0.61,-0.04,3,0.057
7220,Ebuka,Izundu,Center,Crvena Zvezda Meridianbet Belgrade,CZV,Zalgiris Kaunas,ZAL,home,9.4,0.023,False,33.0,0.5022626311226881,19.292406071164727,16.144883192023745,16.144883192023745,10.246023415909796,0.3067427048160946,0.513350247740195,0.1605316973415133,79.86923629161679,0.9744801011921956,1.045,1,4.182288691281983,0.6373756732862847,3.876806424261669,8.743589743589743,34.0,9.180769230769233,30.258726899383984,0.7370636550308007,6.9214747543049,7.362632717470811,0.7832587997309374,7.439049921053236,7.362632717470811,0.0764172035824248,IZUNDU EBUKA,Ebuka Izundu,12.176068376068375,8.743589743589743,CZV,False,False,49.02853846457771,3,0.2477218900227624,17.426923076923078,40.757368672423816,3.0,deep,-0.26,-0.29,0.19,1,0.023
11499,Tosan,Evbuomwan,Forward,FC Barcelona,BAR,Anadolu Efes Istanbul,EFS,home,9.4,0.006,False,,0.0,19.292406071164727,19.292406071164727,19.292406071164727,18.781330564526687,0.4097178502041855,0.4097178502041855,0.35,81.50327139185147,0.9921276802747302,1.045,1,3.238390640548716,0.6072403783417816,6.925541744584833,,,,,0.9,7.180217640657292,7.6162294483262,0.810237175353851,7.420685308786099,7.6162294483262,-0.1955441395401012,EVBUOMWAN TOSAN,Tosan Evbuomwan,,,,False,False,67.39339537518283,1,0.22255554830516705,45.160000000000004,38.53914354250818,3.0,deep,,0.72,0.61,1,0.006
11518,Mathis,Dossou-yovo,Forward,LDLC ASVEL Villeurbanne,ASV,Maccabi Rapyd Tel Aviv,MTA,home,9.4,0.002,False,4.0,0.0507515674464742,19.292406071164727,15.796513631625078,15.796513631625078,14.39645248617413,0.3568160096769144,0.3489945177836135,0.2715283165244375,85.28902647908335,1.0330138352168343,1.045,1,-0.7783277526979853,0.4739254955140013,4.798173063841293,,,,25.90006844626968,0.954996577686516,5.179625220854878,5.425100865791924,0.5771383899778643,5.132726249833107,5.425100865791924,-0.292374615958817,DOSSOU YOVO MATHIS,Mathis Dossou-yovo,,,,False,False,114.78677449308125,4,0.12096887632772346,38.51315789473684,33.785179762515206,2.0,thin,,-0.16,-0.12,1,0.002
3981,Mouhamet,Diouf,Center,Virtus Bologna,VIR,Fenerbahce Tarfin Istanbul,FBT,away,9.3,0.006,False,64.0,0.6862683889617062,19.16069008774769,17.859951407146514,17.859951407146514,16.778558455487566,0.3855551873361085,0.4898013794068675,0.4311721494730118,79.64752553076217,0.9720856249749656,0.955,1,-6.715750981453553,0.2862583806159248,8.218161075956571,9.078947368421051,33.0,9.532894736842106,24.97741273100616,1.0,8.108724537770168,8.340843573274439,0.8968649003520901,8.66583734624117,8.340843573274439,0.3249937729667316,DIOUF MOUHAMET,Mouhamet Diouf,16.096052631578946,9.078947368421053,VIR,False,False,46.468479525277615,2,0.2776369817866081,0.0,29.455473509825026,1.0,thin,0.03,-0.7,-0.11,2,0.006
11517,Tyty,Washington,Guard,LDLC ASVEL Villeurbanne,ASV,Maccabi Rapyd Tel Aviv,MTA,home,9.3,0.008,False,,0.0,19.16069008774769,19.16069008774769,19.16069008774769,20.581151563118965,0.4314319872323546,0.4314319872323546,0.35,85.28902647908335,1.0330138352168343,1.045,1,-0.7783277526979853,0.4739254955140013,7.991430406566028,,,,,0.9,8.626744790947182,9.03558822091943,0.9715686259053148,8.548633839534356,9.03558822091943,-0.4869543813850736,WASHINGTON TYTY,Tyty Washington,,,,False,False,87.63132090688515,3,0.17942063183650195,48.113596491228066,33.785179762515206,2.0,thin,,0.67,0.59,1,0.008
11530,Maozinha,Pereira,Forward,Paris Basketball,PBB,Panathinaikos AKTOR Athens,PAO,away,9.3,0.002,False,,0.0,19.16069008774769,19.16069008774769,19.16069008774769,16.931064961848854,0.3873951187400684,0.3873951187400684,0.35,82.41060349139468,1.001926866949797,0.955,1,-3.381689824450132,0.3881379007362857,5.903110729162124,,,,,0.9,5.648333402411417,5.867566629358477,0.6309211429417717,6.307917676840796,5.867566629358477,0.4403510474823182,PEREIRA MAOZINHA,Maozinha Pereira,,,,False,False,115.78345844903505,3,0.14198978092425338,24.032456140350877,33.28933581840373,1.0,thin,,-0.44,-0.08,1,0.002
11489,Jason,Burnell,Forward,Armani Olimpia Milan,MIL,Partizan Mozzart Bet Belgrade,PAR,away,9.2,0.003,False,,0.0,19.027520443383978,19.027520443383978,19.027520443383978,16.646068232894475,0.3839567445740065,0.3839567445740065,0.35,83.57377072261507,1.0144890730469769,0.955,1,-2.133590616966191,0.4288536922730516,5.752233151793054,,,,,0.9,5.572976682597557,5.811975845325915,0.63173650492673,6.06954583443917,5.811975845325915,0.2575699891132545,BURNELL JASON,Jason Burnell,,,,False,True,40.280486295008465,1,0.3208254920337207,46.76491228070175,34.74876861603107,1.0,thin,,1.13,0.69,2,0.003
3845,Joffrey,Lauvergne,Center,Partizan Mozzart Bet Belgrade,PAR,Armani Olimpia Milan,MIL,home,9.1,0.012,False,139.0,0.7659380565498441,18.892897138073582,19.39876075141636,19.39876075141636,21.122189278460525,0.4379593958455017,0.5371208943794705,0.537416696763965,81.57101133892995,0.9928592717031776,1.045,1,2.133590616966191,0.5711463077269484,5.670643261973665,,,,35.00342231348392,0.4998288843258042,5.883507522434431,6.219541882226646,0.683466140904027,5.94271660200719,6.219541882226646,-0.2768252802194562,LAUVERGNE JOFFREY,Joffrey Lauvergne,,,,False,True,51.7483561828367,1,0.27265701812404747,26.050877192982455,28.487721241744293,2.0,thin,,-0.03,0.42,2,0.012
3856,Isaia,Cordinier,Guard,Anadolu Efes Istanbul,EFS,FC Barcelona,BAR,away,9.1,0.008,False,153.0,0.8448717434490481,18.892897138073582,22.22983028353663,22.22983028353663,16.355103787372787,0.3804463722395773,0.4161223831117583,0.6629784693435218,79.57930869110298,0.9713488831066464,0.955,1,-3.238390640548716,0.3927596216582184,5.817567067808877,6.842105263157895,30.0,7.184210526315789,29.83983572895277,0.8548049281314168,5.966837796591129,6.201191092139638,0.6814495705647954,6.457718290350906,6.201191092139638,0.256527198211268,CORDINIER ISAIA,Isaia Cordinier,19.108333333333334,6.842105263157895,EFS,False,True,122.86906942938641,3,0.15320467851595126,79.56973684210527,31.667246603489886,1.0,thin,0.39,0.88,0.63,3,0.008
11500,Stanley,Umude,Guard,FC Barcelona,BAR,Anadolu Efes Istanbul,EFS,home,9.1,0.002,False,,0.0,18.892897138073582,18.892897138073582,18.892897138073582,17.48605566470079,0.3940908646950898,0.3940908646950898,0.35,81.50327139185147,0.9921276802747302,1.045,1,3.238390640548716,0.6072403783417816,6.201985317307567,,,,,0.9,6.430053564726415,6.820512380666655,0.7495068550183137,6.645398010262127,6.820512380666655,-0.1751143704045281,UMUDE STANLEY,Stanley Umude,,,,False,False,106.75770597388183,4,0.1503605766320111,38.11958333333334,38.53914354250818,3.0,deep,,0.11,0.16,1,0.002
11534,Olivier,Sarr,Center,Real Madrid,RMB,Dubai Basketball,DUB,away,9.1,0.003,False,,0.0,18.892897138073582,18.892897138073582,18.892897138073582,16.197661207061753,0.3785468890322938,0.3785468890322938,0.35,88.00000000000001,1.0622923492427343,0.955,1,-2.445666286151155,0.418583649662316,5.518416833579066,,,,,0.9,5.598374243042407,5.832713035325227,0.6409574764093656,5.762891589988302,5.832713035325227,-0.0698214453369248,SARR OLIVIER,Olivier Sarr,,,,False,False,55.4682534888279,2,0.2540694566826503,5.975378787878788,39.52894111348701,4.0,deep,,-0.75,-0.57,1,0.003
11536,Damian,Jones,Center,Real Madrid,RMB,Dubai Basketball,DUB,away,9.1,0.002,False,,0.0,18.892897138073582,18.892897138073582,18.892897138073582,13.153633127402369,0.3418218797724746,0.3418218797724746,0.35,88.00000000000001,1.0622923492427343,0.955,1,-2.445666286151155,0.418583649662316,4.046579641301554,,,,,0.9,4.1052113168460265,4.277048750410072,0.4700053571879199,4.225849638826577,4.277048750410072,-0.0511991115834948,JONES DAMIAN,Damian Jones,,,,False,False,55.4682534888279,2,0.2540694566826503,5.975378787878788,39.52894111348701,4.0,deep,,-0.75,-0.72,1,0.002
3803,Gabriel,Deck,Forward,Real Madrid,RMB,Dubai Basketball,DUB,away,9.0,0.008,False,226.0,0.8694421689336137,18.75682017181651,21.36100733091768,21.36100733091768,18.28349932202712,0.4037117108019925,0.4429390574154458,0.4680954656218431,88.00000000000001,1.0622923492427343,0.955,1,-2.445666286151155,0.418583649662316,6.484268438409427,8.136363636363637,41.0,8.54318181818182,31.644079397672822,0.8006776180698152,7.583839893694588,7.901287031810323,0.8779207813122581,7.806703383130591,7.901287031810323,-0.0945836486797322,DECK GABRIEL,Gabriel Deck,19.01212121212121,8.136363636363637,RMB,False,False,124.75994511482261,2,0.14618716189144573,46.46401515151515,39.52894111348701,4.0,deep,0.1,-0.0,0.4,2,0.008
3859,Vladimir,Lucic,Forward,FC Bayern Munich,BAY,Hapoel IBI Tel Aviv,HTA,away,9.0,0.012,False,204.0,0.8710251043955599,18.75682017181651,25.03388390968829,25.03388390968829,24.98407858923061,0.4845515812613136,0.4699495589983066,0.8380070285276351,85.40476190476191,1.034263777814163,0.955,1,-8.766135192749648,0.2306676052470754,7.412421718733158,9.263157894736842,33.0,9.726315789473684,37.28952772073922,0.6313141683778234,8.418218921510126,8.612399961417161,0.9569333290463512,8.726451494379909,8.612399961417161,0.1140515329627476,LUCIC VLADIMIR,Vladimir Lucic,20.121491228070177,9.263157894736842,BAY,False,False,75.36287202662751,1,0.24934953003429627,21.794298245614034,27.43830246639978,0.0,thin,1.17,0.18,0.62,2,0.012
7194,Chuma,Okeke,Forward,Real Madrid,RMB,Dubai Basketball,DUB,away,9.0,0.016,False,43.0,0.6206580160888419,18.75682017181651,18.206788743348017,18.206788743348017,13.830776822542838,0.3499913538454747,0.4084532013269286,0.6047745358090186,88.00000000000001,1.0622923492427343,0.955,1,-2.445666286151155,0.418583649662316,4.767814491834898,7.772727272727272,43.0,8.161363636363637,28.12046543463381,0.8439767282683095,6.665967204930578,6.9449936930474925,0.7716659658941658,6.861857510182399,6.9449936930474925,-0.0831361828650933,OKEKE CHUMA,Chuma Okeke,17.498863636363637,7.7727272727272725,RMB,False,False,127.91416370239227,4,0.12460080801970422,46.46401515151515,39.52894111348701,4.0,deep,-0.29,-0.11,0.19,2,0.016
8762,Jared,Rhoden,Guard,Paris Basketball,PBB,Panathinaikos AKTOR Athens,PAO,away,9.0,0.008,False,26.0,0.5409962103499617,18.75682017181651,20.109000081623048,20.109000081623048,18.42038243481356,0.4053631520676584,0.3889428980088568,0.6104513064133017,82.41060349139468,1.001926866949797,0.955,1,-3.381689824450132,0.3881379007362857,6.713865164281606,5.473684210526316,26.0,5.747368421052632,27.096509240246405,0.9371047227926078,5.712102840362266,5.933811200887064,0.6593123556541182,6.379133792504335,5.933811200887064,0.4453225916172707,RHODEN JARED,Jared Rhoden,14.596052631578948,5.473684210526316,PBB,False,False,104.597900478901,3,0.16125009916242397,17.974122807017544,33.28933581840373,1.0,thin,0.38,-0.31,-0.07,1,0.008
11490,Garrison,Mathews,Guard,Armani Olimpia Milan,MIL,Partizan Mozzart Bet Belgrade,PAR,away,9.0,0.006,False,,0.0,18.75682017181651,18.75682017181651,18.75682017181651,15.369901828278993,0.3685602955925576,0.3685602955925576,0.35,83.57377072261507,1.0144890730469769,0.955,1,-2.133590616966191,0.4288536922730516,5.098262004953188,,,,,0.9,4.93938519625558,5.151212554152886,0.5723569504614319,5.379499421958823,5.151212554152886,0.2282868678059362,MATHEWS GARRISON,Garrison Mathews,,,,False,True,126.86492188770582,4,0.1288050802479051,57.79210526315789,34.74876861603107,1.0,thin,,0.23,0.11,2,0.006
11537,Gonzalo,Corbalan,Guard,Valencia Basket,VBC,Besiktas Istanbul,BJK,away,9.0,0.002,False,,0.0,18.75682017181651,18.75682017181651,18.75682017181651,20.33517624495312,0.4284643911389774,0.4284643911389774,0.35,,1.0,0.955,1,-1.8206091954137984,0.4392021464079386,7.841609017647871,,,,,0.9,7.488736611853716,7.817643531234702,0.868627059026078,8.334459798774526,7.817643531234702,0.5168162675398245,CORBALAN GONZALO,Gonzalo Corbalan,,,,False,False,102.614799598855,3,0.1545404123901208,68.62651515151515,30.76560469937195,2.0,thin,,0.9,0.69,1,0.002
4124,Kevin,Kokila,Center,Virtus Bologna,VIR,Fenerbahce Tarfin Istanbul,FBT,away,8.9,0.002,False,83.0,0.6585219587515173,18.619289544612755,14.651974665085298,14.651974665085298,10.827987586400008,0.313763875117693,0.3261302061279649,0.7532212126896697,79.64752553076217,0.9720856249749656,0.955,1,-6.715750981453553,0.2862583806159248,3.517919105693656,,,,25.07597535934292,0.9962012320328542,3.2658312558084583,3.3593184124737183,0.3774515070195189,3.49021135584034,3.3593184124737183,0.1308929433666215,KOKILA KEVIN,Kevin Kokila,,,,False,False,49.67645626733883,3,0.22776825818240362,0.0,29.455473509825026,1.0,thin,,-0.87,-0.84,1,0.002
7203,Miles,Norris,Forward,FC Bayern Munich,BAY,Hapoel IBI Tel Aviv,HTA,away,8.9,0.003,False,36.0,0.4864563562794619,18.619289544612755,14.13522968125911,14.13522968125911,8.010564701389397,0.2797727689803215,0.3281018882470769,0.2916274694261524,85.40476190476191,1.034263777814163,0.955,1,-8.766135192749648,0.2306676052470754,2.436242362750237,4.225,39.0,4.43625,26.46132785763176,0.926933607118412,3.466407018076496,3.5463657986436314,0.3984680672633293,3.593329299827269,3.5463657986436314,0.0469635011836371,NORRIS MILES,Miles Norris,11.144166666666667,4.225,BAR,True,False,86.2615262550567,5,0.14079368949157525,21.794298245614034,27.43830246639978,0.0,thin,-0.37,-0.18,-0.22,0,0.003
3853,Jerian,Grant,Guard,Panathinaikos AKTOR Athens,PAO,Paris Basketball,PBB,home,8.8,0.015,False,172.0,0.8732831231013599,18.48030525646232,22.88146422500272,29.269347181873272,18.415797913343845,0.4053078416076293,0.3733332332810613,0.6599341166067073,88.49288762446658,1.0676155355869732,1.045,1,3.381689824450132,0.6118620992637143,5.02371740106287,7.931818181818182,42.0,8.32840909090909,33.97672826830938,0.7306981519507186,7.551419637255166,8.013462384422384,0.9106207255025436,7.759329167315173,8.013462384422384,-0.2541332171072108,GRANT JERIAN,Jerian Grant,22.57462121212121,7.931818181818182,PAO,False,False,107.53339036513411,4,0.1754513647767639,20.42878787878788,46.821222213168895,5.0,deep,0.71,-0.25,-0.11,2,0.015
3884,Neal,Sako,Center,Valencia Basket,VBC,Besiktas Istanbul,BJK,away,8.8,0.012,False,89.0,0.7196463443852581,18.48030525646232,16.180594185569696,16.180594185569696,13.163919346054092,0.3419459789809402,0.4615103910747811,0.5665039726496451,,1.0,0.955,1,-1.8206091954137984,0.4392021464079386,5.123241328502814,5.886363636363637,42.0,6.180681818181819,28.13415468856948,0.8432922655715263,5.329964551124438,5.564057738237645,0.632279288436096,5.931891797332673,5.564057738237645,0.3678340590950277,SAKO NEAL,Neal Sako,12.763636363636364,5.886363636363637,VBC,False,False,11.264698599409453,1,0.589558082412783,34.56401515151515,30.76560469937195,2.0,thin,0.86,1.32,0.79,1,0.012
3930,Yam,Madar,Guard,Maccabi Rapyd Tel Aviv,MTA,LDLC ASVEL Villeurbanne,ASV,away,8.8,0.045,False,121.0,0.7135189054440545,18.48030525646232,11.946767452132818,11.946767452132818,10.137665508103014,0.3054354090016539,0.3669497896167801,0.3397830962491333,83.80559424073098,1.0169927670426289,0.955,1,0.7783277526979853,0.5260745044859986,3.5755167529248,1.2142857142857142,28.0,1.275,25.77686516084873,0.9611567419575634,2.0966659651349104,2.206966216003011,0.2507916154548876,2.250855892006248,2.206966216003011,0.0438896760032365,MADAR YAM,Yam Madar,3.6976190476190474,1.2142857142857142,HTA,True,True,84.4517124264217,5,0.12393107720353776,44.842543859649126,36.68846303064842,3.0,deep,-0.38,0.52,0.25,1,0.045
4108,Dj,Stewart,Guard,Kosner Baskonia Vitoria-Gasteiz,KBA,Olympiacos Piraeus,OLY,home,8.8,0.004,False,55.0,0.6606953972721471,18.48030525646232,19.00651778690872,19.00651778690872,20.301681227946943,0.4280602868477163,0.3592501757713065,0.7525775328500977,78.91970211455063,0.9642251320798813,1.045,1,-4.217236513868823,0.3615234551224682,6.498898064467907,,,,27.17864476386037,0.8910677618069816,6.548388882591588,6.785128500023594,0.7710373295481356,6.840135731698822,6.785128500023594,0.0550072316752272,STEWART DJ,Dj Stewart,,,,False,True,115.86091241085371,4,0.14092741115507704,43.64736842105263,27.031493496639413,1.0,thin,,0.09,0.0,2,0.004
8463,Kai,Jones,Center,Anadolu Efes Istanbul,EFS,FC Barcelona,BAR,away,8.8,0.024,False,36.0,0.5418378411399074,18.48030525646232,16.37822037828143,22.81753472665827,17.608631232142134,0.3955696910171566,0.4402112239117075,0.1856171039844509,79.57930869110298,0.9713488831066464,0.955,1,-3.238390640548716,0.3927596216582184,7.481195547893297,7.0,37.0,7.35,25.697467488021903,0.9651266255989048,6.672017429124713,6.934067333240719,0.7879621969591726,7.2209117214840095,6.934067333240719,0.2868443882432903,JONES KAI,Kai Jones,14.645614035087718,7.0,EFS,False,True,48.29083450577288,3,0.25326209587639836,6.818859649122807,31.667246603489886,1.0,thin,-0.25,-0.58,-0.24,2,0.024
11501,Tyrese,Martin,Forward,FC Barcelona,BAR,Anadolu Efes Istanbul,EFS,home,8.8,0.012,False,,0.0,18.48030525646232,18.48030525646232,18.48030525646232,16.193039510393607,0.3784911300680227,0.3784911300680227,0.35,81.50327139185147,0.9921276802747302,1.045,1,3.238390640548716,0.6072403783417816,5.516029641172516,,,,,0.9,5.718872948373181,6.066146005659053,0.6893347733703469,5.910399739209332,6.066146005659053,-0.1557462664497206,MARTIN TYRESE,Tyrese Martin,,,,False,False,68.20549618988524,2,0.21318722268375556,45.160000000000004,38.53914354250818,3.0,deep,,0.69,0.45,1,0.012
11512,Aj,Lawson,Guard,Kosner Baskonia Vitoria-Gasteiz,KBA,Olympiacos Piraeus,OLY,home,8.8,0.005,False,,0.0,18.48030525646232,18.48030525646232,18.48030525646232,16.502338271930135,0.3822226987606317,0.3822226987606317,0.35,78.91970211455063,0.9642251320798813,1.045,1,-4.217236513868823,0.3615234551224682,5.6768114431421965,,,,,0.9,5.720041855416401,5.926834784917928,0.6735039528315826,5.974883804787432,5.926834784917928,0.0480490198695031,LAWSON AJ,Aj Lawson,,,,False,True,116.38712494130012,5,0.1370257090934689,43.64736842105263,27.031493496639413,1.0,thin,,0.07,0.09,2,0.005
11519,Hugo,Besson,Guard,LDLC ASVEL Villeurbanne,ASV,Maccabi Rapyd Tel Aviv,MTA,home,8.8,0.002,False,,0.0,18.48030525646232,18.48030525646232,18.48030525646232,16.87281251721605,0.3866923257590042,0.3866923257590042,0.35,85.28902647908335,1.0330138352168343,1.045,1,-0.7783277526979853,0.4739254955140013,5.872128402940122,,,,,0.9,6.338959427115189,6.639378875869061,0.7544748722578477,6.281563252333378,6.639378875869061,-0.3578156235356822,BESSON HUGO,Hugo Besson,,,,False,False,88.31170573817053,4,0.17304951076715938,48.113596491228066,33.785179762515206,2.0,thin,,0.65,0.4,1,0.002
3831,Darius,Thompson,Guard,Armani Olimpia Milan,MIL,Partizan Mozzart Bet Belgrade,PAR,away,8.7,0.016,False,164.0,0.8665979219452177,18.339867307365207,22.784291455219023,22.784291455219023,20.643944898694816,0.4321895642881931,0.4774088692743731,0.6566336752419359,83.57377072261507,1.0144890730469769,0.955,1,-2.133590616966191,0.4288536922730516,7.959967327779019,9.886363636363637,44.0,10.380681818181818,31.4113620807666,0.8076591375770021,8.831729868533849,9.210481864861745,1.05867607642089,9.618663828585516,9.210481864861745,0.40818196372377,THOMPSON DARIUS,Darius Thompson,18.832954545454545,9.886363636363637,VBC,True,True,122.83745060430331,2,0.1564621541603728,57.79210526315789,34.74876861603107,1.0,thin,0.51,0.37,0.63,2,0.016
3881,Leandro,Bolmaro,Guard,Armani Olimpia Milan,MIL,Partizan Mozzart Bet Belgrade,PAR,away,8.7,0.007,False,120.0,0.784369816372273,18.339867307365207,18.10564618361155,18.10564618361155,7.806305223977945,0.277308458204259,0.3962618540020557,0.5249459305491864,83.57377072261507,1.0144890730469769,0.955,1,-2.133590616966191,0.4288536922730516,2.930416553522864,8.131578947368421,29.0,8.538157894736843,26.05338809034908,0.9473305954825462,5.862543516434433,6.113960859747868,0.7027541218100999,6.384913952808393,6.113960859747868,0.270953093060525,BOLMARO LEANDRO,Leandro Bolmaro,17.24956140350877,8.131578947368421,MIL,False,True,127.51609587591078,6,0.1243333991720202,57.79210526315789,34.74876861603107,1.0,thin,-0.11,0.21,0.22,3,0.007
4257,Jaime,Pradilla,Forward,Real Madrid,RMB,Dubai Basketball,DUB,away,8.7,0.014,False,163.0,0.7977527629747129,18.339867307365207,15.022783423959698,15.022783423959698,9.701230410936478,0.3001699901010028,0.3934489858084106,0.4455111780455114,88.00000000000001,1.0622923492427343,0.955,1,-2.445666286151155,0.418583649662316,3.675469546037872,9.295454545454543,44.0,9.760227272727272,25.741273100616016,0.9629363449691992,7.149572565406916,7.448841983202276,0.8561887337014111,7.359674401974865,7.448841983202276,-0.0891675812274108,PRADILLA JAIME,Jaime Pradilla,19.507954545454545,9.295454545454545,VBC,True,False,131.0981690217806,5,0.1028106043145193,46.46401515151515,39.52894111348701,4.0,deep,-0.64,-0.22,0.06,1,0.014
7338,Both,Gach,Forward,LDLC ASVEL Villeurbanne,ASV,Maccabi Rapyd Tel Aviv,MTA,home,8.7,0.019,False,24.0,0.505287888097555,18.339867307365207,19.19179210760654,19.19179210760654,18.364112620164644,0.4046842787425933,0.3922658000823922,0.6782178217821782,85.28902647908335,1.0330138352168343,1.045,1,-0.7783277526979853,0.4739254955140013,6.248308687288345,,,,27.652292950034223,0.8673853524982889,6.745045840104744,7.064710759308373,0.8120357194607326,6.683972751626851,7.064710759308373,-0.3807380076815221,GACH BOTH,Both Gach,,,,False,False,111.39149601709977,2,0.14696974155895418,38.51315789473684,33.785179762515206,2.0,thin,,-0.05,0.14,1,0.019
11488,Santi,Yusta,Forward,Anadolu Efes Istanbul,EFS,FC Barcelona,BAR,away,8.7,0.006,False,6.0,0.0304483178089974,18.339867307365207,17.103717574754384,17.103717574754384,8.731491371112984,0.2884704675325017,0.2882733205838758,0.3401716336781629,79.57930869110298,0.9713488831066464,0.955,1,-3.238390640548716,0.3927596216582184,1.959978625011572,,,,29.426420260095824,0.7786789869952088,1.8181510111435857,1.889560641469012,0.2171908783297715,1.967726866312615,1.889560641469012,0.078166224843603,YUSTA SANTI,Santi Yusta,,,,False,True,79.01023096617887,4,0.17795250152968387,24.596491228070178,31.667246603489886,1.0,thin,,0.04,-0.3,2,0.006
11538,Mo,Gueye,Forward,Valencia Basket,VBC,Besiktas Istanbul,BJK,away,8.7,0.003,False,,0.0,18.339867307365207,18.339867307365207,18.339867307365207,17.908403351465626,0.3991863244942115,0.3991863244942115,0.35,,1.0,0.955,1,-1.8206091954137984,0.4392021464079386,6.433910740288244,,,,,0.9,6.144384756975273,6.414247454337248,0.7372698223376148,6.838286669630533,6.414247454337248,0.424039215293285,GUEYE MO,Mo Gueye,,,,False,False,73.27645917971746,2,0.20018121235139255,13.811363636363637,30.76560469937195,2.0,thin,,-0.11,0.14,1,0.003
11547,Wendell,Moore Jr,Guard,Virtus Bologna,VIR,Fenerbahce Tarfin Istanbul,FBT,away,8.7,0.006,False,,0.0,18.339867307365207,18.339867307365207,18.339867307365207,15.814679458585964,0.3739263638955188,0.3739263638955188,0.35,79.64752553076217,0.9720856249749656,0.955,1,-6.715750981453553,0.2862583806159248,5.322173027509981,,,,,0.9,4.940795538456707,5.082229951436007,0.5841643622340239,5.28025465631047,5.082229951436007,0.198024704874463,MOORE WENDELL,Wendell Moore Jr,,,,False,False,109.46139872546698,4,0.14350301743218793,74.17587719298245,29.455473509825026,1.0,thin,,0.9,0.47,1,0.006
3892,Rokas,Jokubaitis,Guard,FC Bayern Munich,BAY,Hapoel IBI Tel Aviv,HTA,away,8.6,0.049,False,193.0,0.8093897328470706,18.19797569732141,16.437491056022715,16.437491056022715,12.492027603668047,0.3338398676656056,0.437978738106165,0.2258742441921404,85.40476190476191,1.034263777814163,0.955,1,-8.766135192749648,0.2306676052470754,5.234754489659998,,,,25.86447638603696,0.9567761806981518,5.170481691457157,5.289747954431384,0.6150869714455098,5.359798563540599,5.289747954431384,0.0700506091092147,JOKUBAITIS ROKAS,Rokas Jokubaitis,,,,False,False,100.35929802674896,5,0.14073581290298806,37.52280701754386,27.43830246639978,0.0,thin,,0.16,0.36,1,0.049
4670,Saben,Lee,Guard,Zalgiris Kaunas,ZAL,Crvena Zvezda Meridianbet Belgrade,CZV,away,8.6,0.024,False,48.0,0.6190766417796739,18.19797569732141,15.857995370184195,15.857995370184195,10.181061118298024,0.3059589600808626,0.4185572375746086,0.1719446399249354,81.23123149323949,0.9891896493697208,0.955,1,-4.182288691281983,0.3626243267137152,3.7767405029569794,5.0,33.0,5.25,27.274469541409992,0.8862765229295004,4.261146963946577,4.415666518829508,0.5134495952127335,4.552620373718185,4.415666518829508,0.1369538548886772,LEE SABEN,Saben Lee,8.62280701754386,5.131578947368421,EFS,True,True,116.04797734881836,5,0.12022196602094933,29.957539682539682,31.54874361300777,2.0,thin,-0.27,-0.29,0.06,1,0.024
11493,Mady,Sissoko,Center,Besiktas Istanbul,BJK,Valencia Basket,VBC,home,8.6,0.004,False,,0.0,18.19797569732141,18.19797569732141,18.19797569732141,15.305797590334764,0.3677869030119087,0.3677869030119087,0.35,83.59465633667503,1.0147146376788243,1.045,1,1.8206091954137984,0.5607978535920614,5.066344704488723,,,,,0.9,5.372234367074015,5.673508117278876,0.6597102461952181,5.424513534954149,5.673508117278876,-0.2489945823247277,SISSOKO MADY,Mady Sissoko,,,,False,False,34.228591750026695,1,0.34711362164989346,0.0,27.41186290070354,0.0,thin,,-0.34,-0.41,1,0.004
4081,Conor,Morgan,Forward,Besiktas Istanbul,BJK,Valencia Basket,VBC,home,8.5,0.004,False,118.0,0.720401525000184,18.054630426330945,15.823139756241837,15.823139756241837,11.11823758616633,0.3172656279432692,0.3178010802403129,0.5104219620071978,83.59465633667503,1.0147146376788243,1.045,1,1.8206091954137984,0.5607978535920614,2.2681641727030737,,,,32.16153319644079,0.6419233401779603,2.4051086591020123,2.539986636470021,0.2988219572317672,2.4285136468162096,2.539986636470021,-0.1114729896538113,MORGAN CONOR,Conor Morgan,,,,False,False,77.07269090182072,4,0.17033207673748835,0.0,27.41186290070354,0.0,thin,,-0.53,-0.45,1,0.004
7210,Omari,Moore,Guard,Valencia Basket,VBC,Besiktas Istanbul,BJK,away,8.5,0.018,False,43.0,0.6118555488079519,18.054630426330945,17.535575158148287,17.535575158148287,15.195904827857976,0.3664610897756528,0.4177253628077669,0.3642793987621574,,1.0,0.955,1,-1.8206091954137984,0.4392021464079386,6.019467179464525,7.590909090909091,43.0,7.970454545454546,26.034223134839152,0.9482888432580424,6.649027371646357,6.941054080961577,0.8165945977601856,7.399919933386555,6.941054080961577,0.458865852424978,MOORE OMARI,Omari Moore,16.859469696969697,7.590909090909091,VBC,False,False,103.83604461252321,4,0.14447838128288393,68.62651515151515,30.76560469937195,2.0,thin,0.14,0.85,0.62,2,0.018
7268,Rj,Cole,Guard,Armani Olimpia Milan,MIL,Partizan Mozzart Bet Belgrade,PAR,away,8.5,0.003,False,18.0,0.4235344288802103,18.054630426330945,18.55456653049912,18.55456653049912,11.759665184176512,0.325004201261247,0.3420975070249158,0.631728045325779,83.57377072261507,1.0144890730469769,0.955,1,-2.133590616966191,0.4288536922730516,3.599592189512148,,,,27.1047227926078,0.8947638603696099,3.487418331219477,3.636977554003897,0.4278797122357526,3.798157898506412,3.636977554003897,0.1611803445025152,COLE RJ,Rj Cole,,,,False,True,127.06717552902322,5,0.12741618296885238,57.79210526315789,34.74876861603107,1.0,thin,,0.23,0.0,2,0.003
3776,Wenyen,Gabriel,Center,Besiktas Istanbul,BJK,Valencia Basket,VBC,home,8.4,0.009,False,68.0,0.6924425542761201,17.909831494393796,16.74671285245184,16.74671285245184,11.270489843397597,0.3191024919308288,0.3559062426035544,0.3837557373777689,83.59465633667503,1.0147146376788243,1.045,1,1.8206091954137984,0.5607978535920614,3.1053459220141817,5.368421052631579,36.0,5.636842105263158,29.516769336071185,0.7741615331964408,4.73266417459477,4.998070965683249,0.5950084482956248,4.778719452156811,4.998070965683249,-0.2193515135264379,GABRIEL WENYEN,Wenyen Gabriel,16.05263157894737,5.368421052631579,BAY,True,False,35.67985459489626,3,0.3194318008568943,0.0,27.41186290070354,0.0,thin,0.06,-0.42,-0.5,1,0.009
7212,Derrick,Alston Jr.,Forward,Virtus Bologna,VIR,Fenerbahce Tarfin Istanbul,FBT,away,8.4,0.016,False,37.0,0.6381542247001958,17.909831494393796,20.67327430945013,20.67327430945013,20.484869681581326,0.4302703839558768,0.4032844924199499,0.5986394557823129,79.64752553076217,0.9720856249749656,0.955,1,-6.715750981453553,0.2862583806159248,7.260552707687816,8.473684210526315,37.0,8.897368421052631,29.037645448323065,0.8788706365503081,7.415994754573234,7.628283819483266,0.9081290261289602,7.925513316473064,7.628283819483266,0.2972294969897984,ALSTON DERRICK,Derrick Alston Jr.,21.840350877192986,8.473684210526315,VIR,False,False,27.743913606903618,1,0.42698213587219447,62.588596491228074,29.455473509825026,1.0,thin,1.75,1.7,1.07,2,0.016
11513,Damion,Baugh,Guard,Kosner Baskonia Vitoria-Gasteiz,KBA,Olympiacos Piraeus,OLY,home,8.4,0.002,False,,0.0,17.909831494393796,17.909831494393796,17.909831494393796,12.833334576876096,0.3379576029241151,0.3379576029241151,0.35,78.91970211455063,0.9642251320798813,1.045,1,-4.217236513868823,0.3615234551224682,3.903410692011788,,,,,0.9,3.933136191120105,4.075328289648201,0.4851581297200239,4.10836709316983,4.075328289648201,0.0330388035216291,BAUGH DAMION,Damion Baugh,,,,False,True,116.95759870336863,6,0.1327958237814109,43.64736842105263,27.031493496639413,1.0,thin,,0.05,-0.1,2,0.002
3780,Furkan,Korkmaz,Forward,Besiktas Istanbul,BJK,Valencia Basket,VBC,home,8.3,0.01,False,13.0,0.2239802574951363,17.763578901509966,16.01505083882621,16.01505083882621,9.297363325083197,0.2952974915301757,0.2815821855764644,0.2627370927957813,83.59465633667503,1.0147146376788243,1.045,1,1.8206091954137984,0.5607978535920614,2.06973882681166,,,,29.188227241615333,0.7905886379192333,2.194703026506198,2.317781501159866,0.279250783272273,2.216060480431323,2.317781501159866,-0.1017210207285432,KORKMAZ FURKAN,Furkan Korkmaz,,,,False,False,76.88077981923635,3,0.1723979507516922,0.0,27.41186290070354,0.0,thin,,-0.52,-0.61,1,0.01
3816,Markus,Howard,Guard,Kosner Baskonia Vitoria-Gasteiz,KBA,Olympiacos Piraeus,OLY,home,8.3,0.012,False,127.0,0.8202536420909408,17.763578901509966,20.998467906596712,20.998467906596712,22.427285435438343,0.4537048709842619,0.3901196689350603,0.5022899957527693,78.91970211455063,0.9642251320798813,1.045,1,-4.217236513868823,0.3615234551224682,8.07183635577673,4.184210526315789,23.0,4.393421052631579,27.581108829568787,0.9225667351129364,5.782966839094938,5.992034654347763,0.7219318860659955,6.040612251431821,5.992034654347763,0.0485775970840576,HOWARD MARKUS,Markus Howard,12.49517543859649,4.184210526315789,KBA,False,True,113.86896229116572,2,0.15569710104067136,43.64736842105263,27.031493496639413,1.0,thin,0.33,0.16,0.17,2,0.012
3905,Iffe,Lundberg,Guard,Maccabi Rapyd Tel Aviv,MTA,LDLC ASVEL Villeurbanne,ASV,away,8.3,0.068,False,145.0,0.8234212313699432,17.763578901509966,20.717491440265288,20.717491440265288,15.234887640666214,0.3669314021787882,0.4030630408490285,0.4172034229930793,83.80559424073098,1.0169927670426289,0.955,1,0.7783277526979853,0.5260745044859986,4.883369145387675,5.2105263157894735,16.0,5.471052631578948,31.824777549623544,0.7952566735112937,4.9335118409130505,5.193051320621464,0.6256688338098149,5.296324917778309,5.193051320621464,0.1032735971568445,LUNDBERG IFFE,Iffe Lundberg,10.26842105263158,5.2105263157894735,MTA,False,True,75.6809884382892,2,0.2149151259061944,44.842543859649126,36.68846303064842,3.0,deep,0.95,0.83,0.55,2,0.068
4251,Brancou,Badio,Guard,Panathinaikos AKTOR Athens,PAO,Paris Basketball,PBB,home,8.3,0.126,False,61.0,0.6942651083853176,17.763578901509966,18.070248120531968,23.114970296547103,14.954355739584551,0.3635468944162805,0.4159019095376886,0.4933373252875941,88.49288762446658,1.0676155355869732,1.045,1,3.381689824450132,0.6118620992637143,5.404959237762539,8.704545454545455,40.0,9.139772727272728,27.61943874058864,0.8690280629705681,8.23881360205574,8.742915380655367,1.0533632988741404,8.465648812723229,8.742915380655367,-0.2772665679321378,BADIO BRANCOU,Brancou Badio,18.632575757575758,8.704545454545455,VBC,True,False,112.34460646960486,5,0.13855973828535487,20.42878787878788,46.821222213168895,5.0,deep,0.1,-0.41,-0.01,1,0.126
8846,Tonye,Jekiri,Center,Partizan Mozzart Bet Belgrade,PAR,Armani Olimpia Milan,MIL,home,8.3,0.017,False,126.0,0.7399633825693925,17.763578901509966,18.685694214661336,18.685694214661336,18.79746398395236,0.4099124936050659,0.4761418092161605,0.3764079364194755,81.57101133892995,0.9928592717031776,1.045,1,2.133590616966191,0.5711463077269484,5.7319023784233645,3.8947368421052633,15.0,4.089473684210526,32.19164955509925,0.6404175222450377,4.8033888134416864,5.077732591979101,0.6117750110818194,4.851728044655296,5.077732591979101,-0.2260045473238054,JEKIRI TONYE,Tonye Jekiri,7.608771929824561,3.8947368421052633,PAR,False,True,52.461422719591724,2,0.2626345946235426,26.050877192982455,28.487721241744293,2.0,thin,-0.1,-0.06,0.16,2,0.017
3797,Moustapha,Fall,Center,Panathinaikos AKTOR Athens,PAO,Paris Basketball,PBB,home,8.2,0.018,False,191.0,0.8378909703055961,17.615872647679453,19.804837918576155,19.804837918576155,12.468618719298732,0.3335574486232289,0.5262216802052823,0.8159820321054234,88.49288762446658,1.0676155355869732,1.045,1,3.381689824450132,0.6118620992637143,3.410641343281057,0.2558139534883721,3.0,0.2686046511627907,34.60369609856263,0.5198151950718686,1.693284606334566,1.7968902737228458,0.2191329602101031,1.7399049802075803,1.7968902737228458,-0.0569852935152654,FALL MOUSTAPHA,Moustapha Fall,0.3124031007751938,0.2558139534883721,OLY,True,False,23.890836609064703,2,0.45324481502277936,24.013636363636365,46.821222213168895,5.0,deep,0.72,0.72,0.75,0,0.018
3801,Nicolo,Melli,Forward,Fenerbahce Tarfin Istanbul,FBT,Virtus Bologna,VIR,home,8.2,0.037,False,207.0,0.8719202662071374,17.615872647679453,22.157229597287497,22.157229597287497,15.321366865313196,0.3679747402304851,0.4176923591531462,0.6509344559393258,84.08511383883945,1.0200115787022004,1.045,1,6.715750981453553,0.7137416193840752,4.349243381735196,8.232558139534884,35.0,8.64418604651163,35.67967145790554,0.6796098562628338,7.119474457793594,7.627620980660511,0.9301976805683552,7.492214751125878,7.627620980660511,-0.1354062295346336,MELLI NICOLO,Nicolo Melli,19.32906976744186,8.232558139534884,FBT,False,True,101.89917495114747,3,0.17860609194615756,60.734496124031004,41.842645519558225,5.0,deep,0.45,0.66,0.62,3,0.037
3861,Thomas,Walkup,Guard,Olympiacos Piraeus,OLY,Kosner Baskonia Vitoria-Gasteiz,KBA,away,8.2,0.007,False,277.0,0.8943258970080453,17.615872647679453,22.83397664772966,22.83397664772966,13.274693548490315,0.3432824264458647,0.3896110224098572,0.8537487207547328,84.59918244028657,1.0255635195978292,0.955,1,4.217236513868823,0.6384765448775318,3.813980455836692,8.209302325581396,37.0,8.619767441860466,33.752224503764545,0.7374332648870636,6.318364307271671,6.721777048490104,0.8197289083524517,6.643038456685173,6.721777048490104,-0.0787385918049308,WALKUP THOMAS,Thomas Walkup,20.669767441860465,8.209302325581396,OLY,False,True,129.9835585382904,2,0.14941987266012743,21.52015503875969,48.988140015097606,5.0,deep,0.38,-0.6,-0.22,3,0.007
3925,Devon,Hall,Guard,Armani Olimpia Milan,MIL,Partizan Mozzart Bet Belgrade,PAR,away,8.2,0.022,False,160.0,0.8662674888610036,17.615872647679453,24.21612985192037,24.21612985192037,23.296192924977067,0.4641879003007347,0.3533888276114368,0.6243624715047666,83.57377072261507,1.0144890730469769,0.955,1,-2.133590616966191,0.4288536922730516,6.692422335587506,6.8604651162790695,35.0,7.203488372093023,31.236139630390145,0.8129158110882957,6.581550456383525,6.863802677793672,0.8370491070480088,7.167986595284763,6.863802677793672,0.3041839174910912,HALL DEVON,Devon Hall,20.554263565891475,6.8604651162790695,FBT,True,True,121.40561220760196,1,0.16629474080884243,57.79210526315789,34.74876861603107,1.0,thin,0.63,0.42,0.14,2,0.022
3838,Collin,Malcolm,Forward,Anadolu Efes Istanbul,EFS,FC Barcelona,BAR,away,8.1,0.008,False,95.0,0.7920597072744785,17.466712732902263,20.5024272651279,20.5024272651279,14.590310768907866,0.3591548341036871,0.3663471277329322,0.5194984852755649,79.57930869110298,0.9713488831066464,0.955,1,-3.238390640548716,0.3927596216582184,4.663862792505356,8.095238095238095,40.0,8.5,29.24845995893224,0.8725462012320329,6.236222059678019,6.481155681351596,0.8001426767100736,6.749264288779548,6.481155681351596,0.2681086074279522,MALCOLM COLLIN,Collin Malcolm,23.70436507936508,8.095238095238095,HTA,True,True,75.61152127580536,2,0.21331375493741442,24.596491228070178,31.667246603489886,1.0,thin,0.61,0.15,0.12,2,0.008
3880,Derek ,Willis,Forward,Partizan Mozzart Bet Belgrade,PAR,Armani Olimpia Milan,MIL,home,8.1,0.011,False,126.0,0.7692401885241714,17.466712732902263,15.539033889163465,15.539033889163465,10.883350505683913,0.3144318071045686,0.3999388558895279,0.3550646167530746,81.57101133892995,0.9928592717031776,1.045,1,2.133590616966191,0.5711463077269484,2.9859467951227154,5.868421052631579,28.0,6.161842105263158,31.27994524298425,0.6860027378507871,4.892438923658132,5.171868766360826,0.63850231683467,4.941674316734654,5.171868766360826,-0.2301944496261718,WILLIS DEREK,Derek  Willis,11.951754385964913,5.868421052631579,PBB,True,True,44.13564088829321,2,0.2603957867740848,91.91929824561403,28.487721241744293,2.0,thin,0.52,2.05,1.23,1,0.011
3980,Aleksander,Balcerowski,Center,FC Barcelona,BAR,Anadolu Efes Istanbul,EFS,home,8.0,0.007,False,74.0,0.4764951688429496,17.316099157178396,10.413046646368612,10.413046646368612,5.349215677958066,0.2476646329935921,0.3245881644125858,0.3511065887771162,81.50327139185147,0.9921276802747302,1.045,1,3.238390640548716,0.6072403783417816,1.661242922058182,,,,25.86447638603696,0.9567761806981518,1.7223325155329463,1.8269195003692045,0.2283649375461505,1.7800139542413578,1.8269195003692045,-0.0469055461278467,BALCEROWSKI ALEKSANDER,Aleksander Balcerowski,,,,False,False,33.56156298098835,3,0.23679679557383887,59.17375,38.53914354250818,3.0,deep,,1.28,0.23,1,0.007
7209,Lamar,Stevens,Forward,Partizan Mozzart Bet Belgrade,PAR,Armani Olimpia Milan,MIL,home,8.0,0.095,False,23.0,0.4938033088390378,17.316099157178396,18.62272186625119,18.62272186625119,16.519603767174342,0.3824310002138791,0.3904325451808619,0.3274336283185841,81.57101133892995,0.9928592717031776,1.045,1,2.133590616966191,0.5711463077269484,5.085887513526641,4.815789473684211,23.0,5.056578947368421,29.229295003422312,0.7885352498288845,5.108659070273081,5.400438246815306,0.6750547808519133,5.160070409554709,5.400438246815306,-0.2403678372605968,STEVENS LAMAR,Lamar Stevens,12.080701754385965,4.815789473684211,PBB,True,True,41.05195291120548,1,0.3120707726636208,91.91929824561403,28.487721241744293,2.0,thin,0.98,2.15,1.23,1,0.095
7215,Dylan,Osetkowski,Forward,Valencia Basket,VBC,Besiktas Istanbul,BJK,away,8.0,0.013,False,71.0,0.6905020878597474,17.316099157178396,18.312267624059483,18.312267624059483,16.749520829946537,0.3852048597310502,0.3750669071232359,0.5089356302929844,,1.0,0.955,1,-1.8206091954137984,0.4392021464079386,4.665634028596235,6.7105263157894735,37.0,7.046052631578948,30.14647501711157,0.7426762491444217,5.627403777871129,5.874560559665643,0.7343200699582054,6.262921636728408,5.874560559665643,0.3883610770627648,OSETKOWSKI DYLAN,Dylan Osetkowski,18.487280701754386,6.7105263157894735,PAR,True,False,73.30405886302319,3,0.1998799594594245,13.811363636363637,30.76560469937195,2.0,thin,0.35,-0.11,0.03,1,0.013
7226,Allan,Dokossi,Center,Paris Basketball,PBB,Panathinaikos AKTOR Athens,PAO,away,8.0,0.003,False,34.0,0.538874777603148,17.316099157178396,16.641417514865058,16.641417514865058,13.659466936709425,0.3479245670160199,0.4475448849374305,0.3865030674846625,82.41060349139468,1.001926866949797,0.955,1,-3.381689824450132,0.3881379007362857,5.563620146615023,7.7105263157894735,34.0,8.096052631578948,26.798083504449007,0.9100958247775496,6.556042802582257,6.810507671635408,0.851313458954426,7.321624864934143,6.810507671635408,0.5111171932987348,DOKOSSI ALLAN,Allan Dokossi,14.471929824561402,7.7105263157894735,PBB,False,False,24.81357209283718,1,0.4014334021633218,2.1912280701754385,33.28933581840373,1.0,thin,0.41,-0.04,0.06,1,0.003
8727,Braxton,Key,Forward,Fenerbahce Tarfin Istanbul,FBT,Virtus Bologna,VIR,home,8.0,0.03,False,34.0,0.5515452070459722,17.316099157178396,17.14261042556717,17.14261042556717,8.659743870503826,0.2876048619745743,0.343395226710524,0.1605316973415133,84.08511383883945,1.0200115787022004,1.045,1,6.715750981453553,0.7137416193840752,2.285852364607272,5.113636363636363,34.0,5.369318181818182,29.626283367556468,0.7686858316221766,4.245019201679075,4.548003889611367,0.5685004862014209,4.467267306060282,4.548003889611367,-0.0807365835510856,KEY BRAXTON,Braxton Key,13.15378787878788,5.113636363636363,VBC,True,True,106.9137941228678,5,0.13818400176892304,60.734496124031004,41.842645519558225,5.0,deep,-0.24,0.49,0.18,1,0.03
11509,Eugene,German,Guard,Hapoel IBI Tel Aviv,HTA,FC Bayern Munich,BAY,home,8.0,0.002,False,,0.0,17.316099157178396,17.316099157178396,18.405632625939983,6.9138846099789415,0.2665417522294461,0.2665417522294461,0.35,81.9984540697545,0.9974756531960828,1.045,1,8.766135192749648,0.7693323947529245,1.6585550267903892,,,,,0.9,1.728814830351313,1.8618181557031672,0.2327272694628959,1.7713365898198474,1.8618181557031672,-0.0904815658833197,GERMAN EUGENE,Eugene German,,,,False,True,171.76177008216666,6,0.09158183994161015,24.15039682539682,43.452654200427176,4.0,deep,,-1.34,-1.09,2,0.002
11535,Max,Shulga,Guard,Real Madrid,RMB,Dubai Basketball,DUB,away,8.0,0.003,False,,0.0,17.316099157178396,17.316099157178396,17.316099157178396,12.21863802888292,0.3305415292788436,0.3305415292788436,0.35,88.00000000000001,1.0622923492427343,0.955,1,-2.445666286151155,0.418583649662316,3.634890569794437,,,,,0.9,3.68755720270897,3.841912317933818,0.4802390397417272,3.795922078182393,3.841912317933818,-0.0459902397514251,SHULGA MAX,Max Shulga,,,,False,False,76.26861412286043,3,0.18503127861665242,0.0,39.52894111348701,4.0,deep,,-0.3,-0.31,1,0.003
7243,Nathan,Sestina,Forward,LDLC ASVEL Villeurbanne,ASV,Maccabi Rapyd Tel Aviv,MTA,home,7.9,0.003,False,91.0,0.6566404068944778,17.164031920507846,13.220205539092907,13.220205539092907,6.508939547538698,0.2616562482923405,0.2408663409551749,0.2464955181968826,85.28902647908335,1.0330138352168343,1.045,1,-0.7783277526979853,0.4739254955140013,1.2238054610825395,0.5263157894736842,17.0,0.5526315789473684,29.388090349075977,0.7805954825462011,0.8693334982988468,0.9105334291936668,0.1152573961004641,0.861462108998166,0.9105334291936668,-0.0490713201955007,SESTINA NATHAN,Nathan Sestina,2.145614035087719,0.4473684210526316,MIL,True,False,117.3630825856134,8,0.1012396435175356,38.51315789473684,33.785179762515206,2.0,thin,-0.9,-0.25,-0.67,0,0.003
8834,Chris,Silva,Center,Fenerbahce Tarfin Istanbul,FBT,Virtus Bologna,VIR,home,7.9,0.014,False,16.0,0.2283181515647457,17.164031920507846,13.738957492365785,13.738957492365785,7.327876808869407,0.2715364063324551,0.3210477430549894,0.2083333333333333,84.08511383883945,1.0200115787022004,1.045,1,6.715750981453553,0.7137416193840752,1.7607451218504853,1.5813953488372092,16.0,1.6604651162790698,30.031485284052017,0.7484257357973991,1.7620968740606096,1.887865061700973,0.2389702609748067,1.854351507406229,1.887865061700973,-0.033513554294744,SILVA CHRIS,Chris Silva,3.2379844961240307,1.5813953488372092,FBT,False,True,28.97729761921936,2,0.32163300496441743,22.660077519379847,41.842645519558225,5.0,deep,-0.24,0.39,-0.23,2,0.014
3826,Frank,Ntilikina,Guard,Paris Basketball,PBB,Panathinaikos AKTOR Athens,PAO,away,7.8,0.008,False,45.0,0.6142197320820335,17.01051102289062,17.35624632959373,17.35624632959373,15.06913733888378,0.364931689558378,0.28149920881934,0.3047783995026201,82.41060349139468,1.001926866949797,0.955,1,-3.381689824450132,0.3881379007362857,3.5679127656148006,1.441860465116279,24.0,1.5139534883720929,28.177960301163587,0.8411019849418206,2.1933468827616363,2.278478988227794,0.2921126907984351,2.4494750198897743,2.278478988227794,0.1709960316619803,NTILIKINA FRANK,Frank Ntilikina,9.15891472868217,1.441860465116279,OLY,True,False,107.35065423093032,4,0.1391763106258119,17.974122807017544,33.28933581840373,1.0,thin,-0.05,-0.4,-0.56,0,0.008
4097,Nikola,Tanaskovic,Center,Partizan Mozzart Bet Belgrade,PAR,Armani Olimpia Milan,MIL,home,7.8,0.03,False,44.0,0.5622808206838388,17.01051102289062,15.94477685418018,15.94477685418018,5.434178259301571,0.2486896733364944,0.3211537366378771,0.6355338881395012,81.57101133892995,0.9928592717031776,1.045,1,2.133590616966191,0.5711463077269484,1.4010031646775154,,,,28.944558521560573,0.8027720739219714,1.4535939359136654,1.5366154168568027,0.1970019765201029,1.468222277713147,1.5366154168568027,-0.0683931391436556,TANASKOVIC NIKOLA,Nikola Tanaskovic,,,,False,True,55.20234008007289,4,0.22410995049756863,26.050877192982455,28.487721241744293,2.0,thin,,-0.21,-0.53,2,0.03
11502,Olivier,Nkamboua,Forward,FC Barcelona,BAR,Anadolu Efes Istanbul,EFS,home,7.8,0.011,False,,0.0,17.01051102289062,17.01051102289062,17.01051102289062,14.377772483936226,0.356590642749538,0.356590642749538,0.35,81.50327139185147,0.9921276802747302,1.045,1,3.238390640548716,0.6072403783417816,4.614281218218097,,,,,0.9,4.783964146618445,5.074465766455055,0.6505725341609045,4.944180557919849,5.074465766455055,-0.1302852085352057,NKAMBOUA OLIVIER,Olivier Nkamboua,,,,False,False,69.67529042345694,3,0.1962318019683873,45.160000000000004,38.53914354250818,3.0,deep,,0.64,0.32,1,0.011
3824,Luca,Vildoza,Guard,Partizan Mozzart Bet Belgrade,PAR,Armani Olimpia Milan,MIL,home,7.7,0.05,False,203.0,0.8483321840984434,16.85553646432671,19.42323638939667,19.42323638939667,18.01559658055337,0.400479568915031,0.40125987574496,0.4499515854080751,81.57101133892995,0.9928592717031776,1.045,1,2.133590616966191,0.5711463077269484,5.00953887689884,8.078947368421053,31.0,8.482894736842105,31.14031485284052,0.6929842573579739,7.108363297343018,7.514354842468941,0.9758902392816806,7.179898796617832,7.514354842468941,-0.334456045851109,VILDOZA LUCA,Luca Vildoza,17.35877192982456,8.078947368421053,VIR,True,True,104.78215438238166,3,0.1563799789099812,46.35175438596491,28.487721241744293,2.0,thin,0.35,0.35,0.31,2,0.05
3960,Tamir,Blatt,Guard,Hapoel IBI Tel Aviv,HTA,FC Bayern Munich,BAY,home,7.7,0.01,False,162.0,0.8356204594164376,16.85553646432671,19.142157622484643,20.3465871654606,10.874599180478803,0.3143262257857427,0.4142860183702263,0.3634356075293015,81.9984540697545,0.9974756531960828,1.045,1,8.766135192749648,0.7693323947529245,3.511800573385924,8.842105263157896,38.0,9.28421052631579,29.40999315537304,0.7795003422313483,6.99423208992707,7.532321022247204,0.9782235093827536,7.166261534245609,7.532321022247204,-0.3660594880015946,BLATT TAMIR,Tamir Blatt,19.42982456140351,8.842105263157896,MTA,True,True,169.93571161686043,5,0.1012395459050443,24.15039682539682,43.452654200427176,4.0,deep,-0.49,-1.28,-0.45,2,0.01
4195,Justinian,Jessup,Guard,FC Bayern Munich,BAY,Hapoel IBI Tel Aviv,HTA,away,7.7,0.008,False,55.0,0.6911860776077057,16.85553646432671,19.12014767853336,19.12014767853336,16.1119421307707,0.3775127218734664,0.3809177551270131,0.3499340625242417,85.40476190476191,1.034263777814163,0.955,1,-8.766135192749648,0.2306676052470754,5.106665931672101,7.657894736842105,37.0,8.04078947368421,28.358658453114305,0.8320670773442848,6.555908566217669,6.70713213913649,0.871056121965778,6.795952758903242,6.70713213913649,0.0888206197667518,JESSUP JUSTINIAN,Justinian Jessup,18.814035087719297,7.657894736842105,BAY,False,False,97.67664140423832,2,0.16370439486126004,37.52280701754386,27.43830246639978,0.0,thin,0.42,0.25,0.17,2,0.008
4758,Perry,Dozier,Guard,Anadolu Efes Istanbul,EFS,FC Barcelona,BAR,away,7.7,0.01,False,,0.0,16.85553646432671,16.85553646432671,16.85553646432671,4.04277929160927,0.2319029885111953,0.2319029885111953,0.35,79.57930869110298,0.9713488831066464,0.955,1,-3.238390640548716,0.3927596216582184,0.8437793396538267,,,,,0.9,0.7827219337989538,0.8134640908572005,0.1056446871243117,0.8471149913007593,0.8134640908572005,0.0336509004435587,DOZIER PERRY,Perry Dozier,,,,False,True,128.24336324859632,5,0.11616584617578252,79.56973684210527,31.667246603489886,1.0,thin,,0.69,-0.22,2,0.01
3828,Georgios,Papagiannis,Center,Anadolu Efes Istanbul,EFS,FC Barcelona,BAR,away,7.5,0.002,True,219.0,0.8372910301812653,16.541226364358852,18.25019126734765,0.0,0.0,0.1831284361633178,0.4657086569126549,0.4370021597668601,79.57930869110298,0.9713488831066464,0.955,0,-3.238390640548716,0.3927596216582184,0.0,0.6842105263157895,5.0,0.718421052631579,29.245722108145102,0.7877138945927447,0.0,0.0,0.0,0.0,0.0,0.0,PAPAGIANNIS GEORGIOS,Georgios Papagiannis,1.944298245614035,0.6842105263157895,EFS,False,True,46.41886361670666,1,0.28220903027063826,6.818859649122807,31.667246603489886,1.0,thin,-0.08,-0.48,-0.09,2,0.002
3842,Scottie,Wilbekin,Guard,Besiktas Istanbul,BJK,Valencia Basket,VBC,home,7.5,0.04,False,197.0,0.8472143676245775,16.541226364358852,23.05924337691245,23.05924337691245,22.10181644622409,0.4497782148135952,0.4906809031945405,0.6955196479443843,83.59465633667503,1.0147146376788243,1.045,1,1.8206091954137984,0.5607978535920614,8.082931420486416,0.813953488372093,7.0,0.8546511627906977,33.489390828199866,0.745318275154004,3.946239605426301,4.167543875474606,0.5556725167299474,3.984641899282233,4.167543875474606,-0.1829019761923733,WILBEKIN SCOTTIE,Scottie Wilbekin,2.068604651162791,0.813953488372093,FBT,True,False,66.46070607014197,1,0.2575877613799434,0.0,27.41186290070354,0.0,thin,1.35,-0.03,0.48,0,0.04
3846,Tyson,Ward,Forward,Olympiacos Piraeus,OLY,Kosner Baskonia Vitoria-Gasteiz,KBA,away,7.5,0.044,False,96.0,0.7945765164425691,16.541226364358852,20.56305859966059,20.56305859966059,11.990224459050424,0.3277858088164668,0.3936918653652624,0.6622134870982797,84.59918244028657,1.0255635195978292,0.955,1,4.217236513868823,0.6384765448775318,4.1281192671873725,6.325581395348837,35.0,6.641860465116279,29.182751540041068,0.874517453798768,5.334468339109298,5.675061630500607,0.7566748840667475,5.608584215678854,5.675061630500607,-0.0664774148217528,WARD TYSON,Tyson Ward,15.537596899224807,6.325581395348837,OLY,False,True,63.54144248780628,2,0.24449415113081108,15.184108527131782,48.988140015097606,5.0,deep,0.78,0.1,0.22,3,0.044
3883,Johannes,Voigtmann,Center,FC Bayern Munich,BAY,Hapoel IBI Tel Aviv,HTA,away,7.5,0.008,False,241.0,0.8580712884629883,16.541226364358852,18.28397536691228,18.28397536691228,12.559239473524432,0.3346507526108987,0.4376020764265736,0.5062593564803568,85.40476190476191,1.034263777814163,0.955,1,-8.766135192749648,0.2306676052470754,3.0223959223480774,3.8157894736842106,29.0,4.006578947368421,34.001368925393564,0.5499315537303218,3.4554779818895693,3.5351846649962155,0.4713579553328287,3.582000097646288,3.5351846649962155,0.0468154326500727,VOIGTMANN JOHANNES,Johannes Voigtmann,7.871052631578948,3.8157894736842106,BAY,False,False,37.09377015310854,2,0.3301682868310708,28.985964912280703,27.43830246639978,0.0,thin,0.2,0.46,0.27,1,0.008
3948,Mbaye,Ndiaye,Forward,Olympiacos Piraeus,OLY,Kosner Baskonia Vitoria-Gasteiz,KBA,away,7.5,0.008,False,68.0,0.7249424289819796,16.541226364358852,17.828220515048283,17.828220515048283,9.111878121537858,0.2930596850318453,0.3802084696087053,0.2539162306360576,84.59918244028657,1.0255635195978292,0.955,1,4.217236513868823,0.6384765448775318,2.989805221370756,8.631578947368421,32.0,9.063157894736843,27.73990417522245,0.8630047912388775,6.243631047189215,6.64227224503916,0.8856362993385546,6.564464968899759,6.64227224503916,-0.077807276139401,NDIAYE MBAYE,Mbaye Ndiaye,19.91578947368421,8.631578947368421,ASV,True,True,66.27628057241859,4,0.21197700818065987,15.184108527131782,48.988140015097606,5.0,deep,0.45,0.01,0.11,2,0.008
4159,Khadeen,Carrington,Guard,Hapoel IBI Tel Aviv,HTA,FC Bayern Munich,BAY,home,7.5,0.002,False,42.0,0.5682924538446933,16.541226364358852,17.276648142549725,18.363699343196284,4.117128817254904,0.232799986484389,0.3015435523520652,0.5617905934170102,81.9984540697545,0.9974756531960828,1.045,1,8.766135192749648,0.7693323947529245,0.8693429689641429,,,,30.99520876112252,0.7002395619438739,0.9061701258807824,0.9758847291805244,0.1301179638907365,0.9284581971385032,0.9758847291805244,-0.0474265320420213,CARRINGTON KHADEEN,Khadeen Carrington,,,,False,True,171.80122109679533,7,0.09137319037946212,24.15039682539682,43.452654200427176,4.0,deep,,-1.34,-0.95,2,0.002
4246,Semi,Ojeleye,Forward,Crvena Zvezda Meridianbet Belgrade,CZV,Zalgiris Kaunas,ZAL,home,7.5,0.037,False,112.0,0.8056541242763867,16.541226364358852,20.264075753636188,20.264075753636188,15.091618758304987,0.3652029190985832,0.4157301431300088,0.3784505222759725,79.86923629161679,0.9744801011921956,1.045,1,4.182288691281983,0.6373756732862847,4.98998815874804,7.846153846153846,39.0,8.238461538461538,31.822039698836413,0.7953388090349076,6.82657759915868,7.261687048509162,0.9682249398012216,7.337056530979885,7.261687048509162,0.0753694824707231,OJELEYE SEMI,Semi Ojeleye,22.927777777777777,7.846153846153846,CZV,False,False,84.17981327399013,3,0.1940187783344238,23.16111111111111,40.757368672423816,3.0,deep,0.45,-0.0,0.28,2,0.037
11520,Yves,Pons,Forward,LDLC ASVEL Villeurbanne,ASV,Maccabi Rapyd Tel Aviv,MTA,home,7.5,0.002,False,30.0,0.360073407046022,16.541226364358852,14.932927044609704,14.932927044609704,12.59607920016629,0.3350952095168951,0.2929370707911939,0.2301072178151379,85.28902647908335,1.0330138352168343,1.045,1,-0.7783277526979853,0.4739254955140013,3.246494637806623,,,,27.4031485284052,0.8798425735797399,3.5045892012680246,3.670680618646421,0.4894240824861894,3.472856861497243,3.670680618646421,-0.1978237571491781,PONS YVES,Yves Pons,,,,False,False,115.65036108009662,6,0.1143555753501079,38.51315789473684,33.785179762515206,2.0,thin,,-0.19,-0.39,1,0.002
11558,Justin,Minaya,Forward,FC Barcelona,BAR,Anadolu Efes Istanbul,EFS,home,7.5,0.001,False,,0.0,16.541226364358852,16.541226364358852,16.541226364358852,12.832249151998395,0.3379445076971193,0.3379445076971193,0.35,81.50327139185147,0.9921276802747302,1.045,1,3.238390640548716,0.6072403783417816,3.902929310086988,,,,,0.9,4.046453391814034,4.292170380672788,0.5722893840897051,4.1819703440874125,4.292170380672788,-0.1102000365853754,MINAYA JUSTIN,Justin Minaya,,,,False,False,70.1445750819887,4,0.19081817423810415,45.160000000000004,38.53914354250818,3.0,deep,,0.63,0.23,1,0.001
3911,Kevarrius,Hayes,Center,Partizan Mozzart Bet Belgrade,PAR,Armani Olimpia Milan,MIL,home,7.3,0.077,False,191.0,0.8420001768150344,16.22110162060428,17.117885113995182,17.117885113995182,11.298464922965058,0.3194400003339295,0.4058356525302824,0.5174150910926988,81.57101133892995,0.9928592717031776,1.045,1,2.133590616966191,0.5711463077269484,3.5365966543215603,6.744186046511628,40.0,7.08139534883721,29.57426420260096,0.7712867898699521,5.666150615694514,5.989770716012384,0.8205165364400526,5.723172309199051,5.989770716012384,-0.2665984068133324,HAYES KEVARRIUS,Kevarrius Hayes,16.212015503875968,6.744186046511628,,False,True,54.02923182025788,3,0.24059843675484127,26.050877192982455,28.487721241744293,2.0,thin,-0.28,-0.15,-0.16,3,0.077
3957,Oscar,Da Silva,Forward,FC Bayern Munich,BAY,Hapoel IBI Tel Aviv,HTA,away,7.3,0.01,False,157.0,0.7925413281694044,16.22110162060428,15.28913470488501,15.28913470488501,7.429981947976336,0.2727682649359397,0.3731335823838746,0.3448343381527687,85.40476190476191,1.034263777814163,0.955,1,-8.766135192749648,0.2306676052470754,2.3527242384940164,7.131578947368421,36.0,7.488157894736843,28.02737850787132,0.8486310746064338,5.155944967527061,5.274875915371578,0.7225857418317231,5.344729578349558,5.274875915371578,0.0698536629779793,DA SILVA OSCAR,Oscar Da Silva,14.657894736842104,7.131578947368421,BAY,False,False,85.1076212314308,3,0.15228713878547326,21.794298245614034,27.43830246639978,0.0,thin,-0.16,-0.14,0.01,1,0.01
3963,Alessandro,Pajola,Guard,Partizan Mozzart Bet Belgrade,PAR,Armani Olimpia Milan,MIL,home,7.3,0.013,False,168.0,0.8156961575602443,16.22110162060428,17.779163545517505,17.779163545517505,12.881302286307912,0.338536314593967,0.3094817007433325,0.3854358143013455,81.57101133892995,0.9928592717031776,1.045,1,2.133590616966191,0.5711463077269484,3.6090214821345774,4.342105263157895,24.0,4.559210526315789,26.89390828199863,0.9053045859000683,4.200858051262844,4.440788507789224,0.6083271928478389,4.243133673021236,4.440788507789224,-0.1976548347679889,PAJOLA ALESSANDRO,Alessandro Pajola,12.053508771929826,4.342105263157895,VIR,True,True,106.42622722626083,5,0.14314325195583416,46.35175438596491,28.487721241744293,2.0,thin,0.06,0.29,-0.1,1,0.013
3942,Maodo,Lo,Guard,Zalgiris Kaunas,ZAL,Crvena Zvezda Meridianbet Belgrade,CZV,away,7.2,0.021,False,234.0,0.8606789619006434,16.05885875730698,19.39395204729141,19.39395204729141,15.834453600156351,0.3741649311863825,0.4182069557451521,0.3822165236322702,81.23123149323949,0.9891896493697208,0.955,1,-4.182288691281983,0.3626243267137152,3.7250892039727614,6.857142857142857,41.0,7.2,33.74948665297741,0.5625256673511294,5.294268564296307,5.486251621653261,0.7619793918962862,5.656410148179363,5.486251621653261,0.1701585265261025,LO MAODO,Maodo Lo,17.59285714285714,6.857142857142857,ZAL,False,True,112.51202067171116,4,0.14702861172637022,29.957539682539682,31.54874361300777,2.0,thin,0.21,-0.17,0.12,3,0.021
7867,Armando,Bacot,Center,Maccabi Rapyd Tel Aviv,MTA,LDLC ASVEL Villeurbanne,ASV,away,7.2,0.004,False,26.0,0.3585263211350877,16.05885875730698,11.541130123152676,11.541130123152676,4.099745169408762,0.23259025956617,0.1969101343376337,0.184322033898305,83.80559424073098,1.0169927670426289,0.955,1,0.7783277526979853,0.5260745044859986,0.743875802281688,0.813953488372093,32.0,0.8546511627906977,26.570841889117045,0.9214579055441476,0.7633099269601963,0.8034657161196792,0.1115924605721776,0.8194441437478408,0.8034657161196792,0.0159784276281615,BACOT ARMANDO,Armando Bacot,6.116666666666666,0.813953488372093,FBT,True,True,54.08058130149813,4,0.17587365328630017,16.830263157894738,36.68846303064842,3.0,deep,-1.13,-0.56,-1.2,1,0.004
11539,Elias,Valtonen,Forward,Valencia Basket,VBC,Besiktas Istanbul,BJK,away,7.2,0.005,False,,0.0,16.05885875730698,16.05885875730698,16.05885875730698,9.453564782862705,0.2971820010791124,0.2971820010791124,0.35,,1.0,0.955,1,-1.8206091954137984,0.4392021464079386,2.5284863695519464,,,,,0.9,2.4147044829221085,2.5207588221061346,0.3501053919591853,2.6874035610999085,2.5207588221061346,0.1666447389937739,VALTONEN ELIAS,Elias Valtonen,,,,False,False,75.5574677297757,5,0.17528380991756068,13.811363636363637,30.76560469937195,2.0,thin,,-0.18,-0.37,1,0.005
3917,Kamar,Baldwin,Guard,FC Bayern Munich,BAY,Hapoel IBI Tel Aviv,HTA,away,7.1,0.007,False,50.0,0.6378711278981594,15.895162233062988,18.41033499041973,18.41033499041973,9.684508547840576,0.2999682473571884,0.3226456295872776,0.4584567462210898,85.40476190476191,1.034263777814163,0.955,1,-8.766135192749648,0.2306676052470754,2.492994530121837,1.3157894736842106,9.0,1.3815789473684212,29.04312114989733,0.7978439425051335,1.7647345789194575,1.8054412888410631,0.2542875054705723,1.829350227997284,1.8054412888410631,0.0239089391562208,BALDWIN KAMAR,Kamar Baldwin,3.8649122807017546,1.3157894736842106,BAY,False,False,98.38645409235195,3,0.1576270643653797,37.52280701754386,27.43830246639978,0.0,thin,0.2,0.23,-0.08,1,0.007
4129,Myles,Cale,Guard,LDLC ASVEL Villeurbanne,ASV,Maccabi Rapyd Tel Aviv,MTA,home,7.1,0.003,False,52.0,0.6280062147085941,15.895162233062988,15.013075743752191,15.013075743752191,9.099573738346418,0.2929112374568503,0.2513308307942936,0.4051847932884891,85.28902647908335,1.0330138352168343,1.045,1,-0.7783277526979853,0.4739254955140013,1.9924793379430497,2.75,39.0,2.8875,27.575633127994525,0.8712183436002737,2.641526251368785,2.7667149151281043,0.3896781570602964,2.6176085241522697,2.7667149151281043,-0.1491063909758345,CALE MYLES,Myles Cale,12.897916666666665,2.75,BAR,True,False,91.77893525088066,5,0.14058238630328554,48.113596491228066,33.785179762515206,2.0,thin,-0.08,0.53,-0.22,0,0.003
3891,Vitto,Brown,Forward,Besiktas Istanbul,BJK,Valencia Basket,VBC,home,7.0,0.006,False,44.0,0.5378161475964874,15.730012047872329,12.44705120936301,12.44705120936301,4.974040457589606,0.2431382905678585,0.2744269211238213,0.3063267911281315,83.59465633667503,1.0147146376788243,1.045,1,1.8206091954137984,0.5607978535920614,0.9405119294092932,,,,31.21971252566735,0.6890143737166324,0.9972970266589056,1.0532252298533114,0.1504607471219016,1.007002086997041,1.0532252298533114,-0.0462231428562702,BROWN VITTO,Vitto Brown,,,,False,False,80.44877944869955,5,0.13398934183794514,0.0,27.41186290070354,0.0,thin,,-0.64,-0.71,1,0.006
3973,Joel,Parra,Forward,FC Barcelona,BAR,Anadolu Efes Istanbul,EFS,home,7.0,0.035,False,170.0,0.8037613686388324,15.730012047872329,15.36135273147104,15.36135273147104,8.85374611676871,0.2899454232650933,0.3298285954953387,0.271582780149908,81.50327139185147,0.9921276802747302,1.045,1,3.238390640548716,0.6072403783417816,2.7024514860299385,6.85,40.0,7.1925,26.49144421629021,0.9254277891854894,5.381870734581922,5.708679656687331,0.8155256652410473,5.562111218991126,5.708679656687331,-0.1465684376962048,PARRA JOEL,Joel Parra,18.65625,6.85,BAR,False,False,71.32444871487652,5,0.17720725280458577,45.160000000000004,38.53914354250818,3.0,deep,0.03,0.59,0.17,2,0.035
3992,Terry,Tarpey,Guard,Paris Basketball,PBB,Panathinaikos AKTOR Athens,PAO,away,7.0,0.003,False,65.0,0.5371832988100197,15.730012047872329,8.534487011041357,8.534487011041357,1.8970212564123403,0.2060152563189363,0.2896028966010837,0.1469753936131599,82.41060349139468,1.001926866949797,0.955,1,-3.381689824450132,0.3881379007362857,0.3410798869210755,2.744186046511628,39.0,2.8813953488372093,32.58316221765914,0.6208418891170431,1.7059920192399969,1.7722080353420635,0.2531725764774377,1.9052092799831972,1.7722080353420635,0.1330012446411339,TARPEY TERRY,Terry Tarpey,6.4368217054263575,2.744186046511628,,False,False,116.17241354948268,8,0.06843636537097088,17.974122807017544,33.28933581840373,1.0,thin,-1.18,-0.71,-0.68,1,0.003
4212,Yoan,Makoundou,Center,FC Barcelona,BAR,Anadolu Efes Istanbul,EFS,home,7.0,0.006,False,50.0,0.5476691542448316,15.730012047872329,11.199809273935502,11.199809273935502,3.8839060088919233,0.2299862444384582,0.3447588724036369,0.2971600543091599,81.50327139185147,0.9921276802747302,1.045,1,3.238390640548716,0.6072403783417816,1.26243722059554,0.8837209302325582,9.0,0.927906976744186,26.143737166324435,0.9428131416837784,1.07327557068489,1.1384491970456585,0.1626355995779512,1.1092198953082566,1.1384491970456585,-0.0292293017374019,MAKOUNDOU YOAN,Yoan Makoundou,0.8717054263565892,0.8837209302325582,,False,False,32.774800353421455,2,0.2546880886230315,59.17375,38.53914354250818,3.0,deep,-0.72,1.32,0.33,1,0.006
4375,Arnas,Butkevicius,Forward,Zalgiris Kaunas,ZAL,Crvena Zvezda Meridianbet Belgrade,CZV,away,7.0,0.011,False,164.0,0.8348282829880005,15.730012047872329,19.63270623261538,19.63270623261538,14.857375608116726,0.3623768670272516,0.3420913841546428,0.4610333243445818,81.23123149323949,0.9891896493697208,0.955,1,-4.182288691281983,0.3626243267137152,2.8103780998044834,6.880952380952381,38.0,7.225,33.94113620807666,0.5529431895961672,4.96212164442245,5.142060246460474,0.7345800352086391,5.3015435248782605,5.142060246460474,0.1594832784177864,BUTKEVICIUS ARNAS,Arnas Butkevicius,16.31547619047619,6.880952380952381,ZAL,False,True,78.50408107062674,3,0.20005450323078572,13.373015873015872,31.54874361300777,2.0,thin,0.44,-0.16,-0.15,3,0.011
7229,Mouhamed,Faye,Center,Paris Basketball,PBB,Panathinaikos AKTOR Athens,PAO,away,7.0,0.006,False,38.0,0.581030821293061,15.730012047872329,16.62188159893142,16.62188159893142,12.373456981868951,0.3324093594476914,0.3778722235959006,0.5076481835564054,82.41060349139468,1.001926866949797,0.955,1,-3.381689824450132,0.3881379007362857,4.675585703307043,7.052631578947368,38.0,7.405263157894737,21.650924024640656,1.0,5.838459933443343,6.065072691653303,0.8664389559504719,6.520246238292338,6.065072691653303,0.4551735466390347,FAYE MOUHAMED,Mouhamed Faye,17.174122807017543,7.052631578947368,PBB,False,False,24.833108008770818,2,0.4009621460824854,2.1912280701754385,33.28933581840373,1.0,thin,0.39,-0.04,-0.22,2,0.006
8993,Cory,Joseph,Guard,Olympiacos Piraeus,OLY,Kosner Baskonia Vitoria-Gasteiz,KBA,away,7.0,0.019,False,16.0,0.3461069523816011,15.730012047872329,15.66431768722559,15.66431768722559,3.8228930430496666,0.2292501468477367,0.2999735316176546,0.2083333333333333,84.59918244028657,1.0255635195978292,0.955,1,4.217236513868823,0.6384765448775318,0.5667507976160979,2.511627906976744,16.0,2.6372093023255814,35.115674195756334,0.4942162902121833,1.697986133028073,1.8063985649746448,0.2580569378535208,1.7852384940263684,1.8063985649746448,-0.0211600709482768,JOSEPH CORY,Cory Joseph,5.792635658914729,2.511627906976744,OLY,False,True,137.15321749879445,6,0.10250340491461207,21.52015503875969,48.988140015097606,5.0,deep,-0.61,-0.85,-0.71,2,0.019
3952,Mam,Jaiteh,Center,Dubai Basketball,DUB,Real Madrid,RMB,home,6.8,0.009,False,114.0,0.7006237451567449,15.395350694650958,13.115298339418894,13.115298339418894,4.066394269444171,0.2321878939906987,0.4551457985942149,0.4338163284845562,80.18097815455228,0.9778469133118988,1.045,1,2.445666286151155,0.581416350337684,1.217463051922673,,,,31.84394250513347,0.6578028747433264,1.244064649326594,1.316396602126154,0.1935877356067873,1.2897588283693466,1.316396602126154,-0.0266377737568073,JAITEH MAM,Mam Jaiteh,,,,False,False,53.36076180748462,3,0.19729355666439585,5.129385964912281,42.18550382311964,6.0,deep,,-0.86,-0.32,1,0.009
7217,Tyson,Carter,Guard,Crvena Zvezda Meridianbet Belgrade,CZV,Zalgiris Kaunas,ZAL,home,6.8,0.035,False,15.0,0.2771584409332135,15.395350694650958,14.228858511421151,14.228858511421151,9.60277972328336,0.2989822210262507,0.2507114392658722,0.3732433667727708,79.86923629161679,0.9744801011921956,1.045,1,4.182288691281983,0.6373756732862847,1.9607088803493675,0.5641025641025641,12.0,0.5923076923076923,28.711841204654345,0.8144079397672828,1.1433269232297796,1.2161997999777712,0.1788529117614369,1.2288228101533667,1.2161997999777712,0.0126230101755955,CARTER TYSON,Tyson Carter,4.142735042735042,0.5641025641025641,CZV,False,False,106.10716036884254,4,0.11824272270116482,39.900000000000006,40.757368672423816,3.0,deep,-0.42,0.08,-0.45,1,0.035
7390,Tobias,Jensen,Guard,FC Bayern Munich,BAY,Hapoel IBI Tel Aviv,HTA,away,6.8,0.003,False,54.0,0.5487092063904557,15.395350694650958,12.797865980674285,12.797865980674285,2.8910852611335294,0.2180082500834102,0.2310352023742523,0.3593215750853187,85.40476190476191,1.034263777814163,0.955,1,-8.766135192749648,0.2306676052470754,0.667942468387203,,,,22.39835728952772,1.0,0.6597414091844157,0.6749595062783057,0.0992587509232802,0.6838978006821518,0.6749595062783057,0.008938294403846,JENSEN TOBIAS,Tobias Jensen,,,,False,False,103.9989231020974,6,0.10957378264572563,37.52280701754386,27.43830246639978,0.0,thin,,0.03,-0.55,1,0.003
7328,Kaodirichi,Akobundu-Ehiogu,Center,Zalgiris Kaunas,ZAL,Crvena Zvezda Meridianbet Belgrade,CZV,away,6.7,0.017,False,19.0,0.2840095828515426,15.225839526620254,12.81282117655339,12.81282117655339,4.234408907539078,0.2342149249438793,0.2677652502223203,0.4287690179806362,81.23123149323949,0.9891896493697208,0.955,1,-4.182288691281983,0.3626243267137152,1.021337276674084,,,,26.98425735797399,0.9007871321013003,0.9648329307843968,0.999820119976088,0.1492268835785206,1.030829984294891,0.999820119976088,0.0310098643188029,AKOBUNDU EHIOGU KAODIRICHI,Kaodirichi Akobundu-Ehiogu,,,,False,True,36.26412252888725,2,0.2610761838279055,33.391666666666666,31.54874361300777,2.0,thin,,0.48,-0.4,2,0.017
11498,Davion,Mintz,Guard,Dubai Basketball,DUB,Real Madrid,RMB,home,6.6,0.003,False,,0.0,15.054874697642871,15.05487469764287,15.05487469764287,7.709773584842287,0.2761438416999595,0.2761438416999595,0.35,80.18097815455228,0.9778469133118988,1.045,1,2.445666286151155,0.581416350337684,1.9161058467196963,,,,,0.9,1.957972806244456,2.0718125465511643,0.3139109919016916,2.029888650825204,2.0718125465511643,-0.0419238957259602,MINTZ DAVION,Davion Mintz,,,,False,False,95.35630407869502,4,0.13635281195701957,13.350877192982457,42.18550382311964,6.0,deep,,-0.35,-0.56,1,0.003
3904,Justin,Anderson,Forward,Dubai Basketball,DUB,Real Madrid,RMB,home,6.5,0.02,False,88.0,0.7762719054041819,14.882456207718809,19.44395951500904,19.44395951500904,9.181710834451236,0.2939021894244687,0.315304478706336,0.4263670630171278,80.18097815455228,0.9778469133118988,1.045,1,2.445666286151155,0.581416350337684,1.7565389290422673,5.5,34.0,5.775,32.865160848733744,0.6067419575633128,4.090072819564322,4.327876340700968,0.6658271293386104,4.24030015687853,4.327876340700968,-0.0875761838224375,ANDERSON JUSTIN,Justin Anderson,20.391666666666666,5.5,DUB,False,False,131.00481274280673,4,0.12923973538108371,0.3364035087719298,42.18550382311964,6.0,deep,-0.23,-1.2,-0.79,2,0.02
4167,Ish,Wainright,Forward,Hapoel IBI Tel Aviv,HTA,FC Bayern Munich,BAY,home,6.5,0.009,False,66.0,0.7354569045326301,14.882456207718809,19.300247797841955,19.300247797841955,8.4034750484537,0.2845130787792475,0.2168567457153064,0.7126232201533407,81.9984540697545,0.9974756531960828,1.045,1,8.766135192749648,0.7693323947529245,1.1797878066923255,4.190476190476191,42.0,4.4,32.05201916495551,0.6473990417522244,3.112702448793084,3.352172731701411,0.5157188818002171,3.189262171963553,3.352172731701411,-0.1629105597378575,WAINRIGHT ISH,Ish Wainright,23.04404761904762,4.190476190476191,HTA,False,True,89.57802402300725,4,0.17726445759167656,30.6968253968254,43.452654200427176,4.0,deep,0.19,0.08,-0.61,3,0.009
7225,David,Kramer,Guard,Crvena Zvezda Meridianbet Belgrade,CZV,Zalgiris Kaunas,ZAL,home,6.5,0.022,False,35.0,0.3119095162115183,14.882456207718809,11.097793058656206,11.097793058656206,4.164822507135868,0.233375392215439,0.1981825283021126,0.2205218838437775,79.86923629161679,0.9744801011921956,1.045,1,4.182288691281983,0.6373756732862847,0.6309667806294573,0.2727272727272727,18.0,0.2863636363636364,29.711156741957563,0.7644421629021219,0.423649488498809,0.4506518762957409,0.0693310578916524,0.4553292189661115,0.4506518762957409,0.0046773426703706,KRAMER DAVID,David Kramer,3.60719696969697,0.2727272727272727,RMB,True,False,109.23822582160749,6,0.09222336887926044,39.900000000000006,40.757368672423816,3.0,deep,-0.84,-0.03,-0.72,0,0.022
7234,Yankuba,Sima,Center,Valencia Basket,VBC,Besiktas Istanbul,BJK,away,6.5,0.007,False,15.0,0.1536580789909991,14.882456207718809,11.264698599409453,11.264698599409453,5.969001616159035,0.2551421081429288,0.242088218500214,0.2288406433665892,,1.0,0.955,1,-1.8206091954137984,0.4392021464079386,1.071009778259156,0.0681818181818181,9.0,0.0715909090909091,30.17659137577002,0.7411704312114991,0.4481939171131793,0.4678786901534883,0.0719813369466905,0.4988096628104568,0.4678786901534883,0.0309309726569685,SIMA YANKUBA,Yankuba Sima,1.1238636363636365,0.06818181818181818,VBC,False,False,16.180594185569696,2,0.410441917587217,34.56401515151515,30.76560469937195,2.0,thin,-0.2,1.05,-0.21,1,0.007
7238,Rodions,Kurucs,Forward,Kosner Baskonia Vitoria-Gasteiz,KBA,Olympiacos Piraeus,OLY,home,6.5,0.008,False,35.0,0.5577572026166854,14.882456207718809,16.77016382108516,16.77016382108516,12.280453474726365,0.3312873084771927,0.3271084990016851,0.5126100309393615,78.91970211455063,0.9642251320798813,1.045,1,-4.217236513868823,0.3615234551224682,3.283607706892574,4.842105263157895,27.0,5.08421052631579,28.65160848733744,0.817419575633128,4.250832798293108,4.404510374331792,0.6776169806664295,4.4402178664708085,4.404510374331792,0.0357074921390161,KURUCS RODIONS,Rodions Kurucs,14.473684210526315,4.842105263157895,KBA,False,True,41.07882081420353,2,0.2898955604288191,31.9140350877193,27.031493496639413,1.0,thin,0.73,0.73,0.23,2,0.008
7424,Aliou,Diarra,Center,Virtus Bologna,VIR,Fenerbahce Tarfin Istanbul,FBT,away,6.5,0.006,False,28.0,0.3877504164572687,14.882456207718809,11.8873237861426,11.8873237861426,4.65225966114364,0.2392561310016983,0.3806699322709296,0.2243797195253506,79.64752553076217,0.9720856249749656,0.955,1,-6.715750981453553,0.2862583806159248,1.7709753701143274,4.7368421052631575,31.0,4.973684210526316,24.750171115674195,1.0,3.296073200985945,3.390426058676524,0.5216040090271575,3.52253108463632,3.390426058676524,0.1321050259597957,DIARRA ALIOU,Aliou Diarra,7.8429824561403505,4.7368421052631575,VIR,False,False,52.441107146281524,4,0.1847911353322145,0.0,29.455473509825026,1.0,thin,-0.98,-1.02,-0.7,1,0.006
11525,Antonis,Karagiannidis,Center,Olympiacos Piraeus,OLY,Kosner Baskonia Vitoria-Gasteiz,KBA,away,6.5,0.002,False,,0.0,14.882456207718809,14.882456207718809,14.882456207718809,3.16498416005238,0.2213127332668159,0.2213127332668158,0.35,84.59918244028657,1.0255635195978292,0.955,1,4.217236513868823,0.6384765448775318,0.6304061656866327,,,,,0.9,0.6174280955851562,0.6568494313031087,0.1010537586620167,0.6491551268244597,0.6568494313031087,-0.0076943044786489,KARAGIANNIDIS ANTONIS,Antonis Karagiannidis,,,,False,True,58.55433465004815,4,0.20265667976346197,0.8399224806201551,48.988140015097606,5.0,deep,,-1.09,-1.36,2,0.002
3852,Edgaras,Ulanovas,Forward,Zalgiris Kaunas,ZAL,Crvena Zvezda Meridianbet Belgrade,CZV,away,6.4,0.011,False,269.0,0.8947537245998517,14.70858405684807,22.60370835523328,22.60370835523328,18.29924022443321,0.4039016186384163,0.3752761077181872,0.6286055202636498,81.23123149323949,0.9891896493697208,0.955,1,-4.182288691281983,0.3626243267137152,4.862222909421124,6.642857142857143,42.0,6.9750000000000005,34.732375085557834,0.7080287474332649,5.602499427141172,5.805659685409276,0.9071343258451992,5.98572479465112,5.805659685409276,0.1800651092418439,ULANOVAS EDGARAS,Edgaras Ulanovas,18.552380952380954,6.642857142857143,ZAL,False,True,75.53307894800884,1,0.23032859518202842,13.373015873015872,31.54874361300777,2.0,thin,0.83,-0.06,0.06,3,0.011
3915,Matteo,Spagnolo,Guard,Kosner Baskonia Vitoria-Gasteiz,KBA,Olympiacos Piraeus,OLY,home,6.4,0.015,False,102.0,0.7695869317890139,14.70858405684807,17.375805992721542,17.375805992721542,8.704455460563635,0.2881442898366036,0.3586919735767318,0.3417122147097679,78.91970211455063,0.9642251320798813,1.045,1,-4.217236513868823,0.3615234551224682,3.1222183080603303,6.105263157894737,37.0,6.4105263157894745,23.72347707049966,1.0,4.949451734278954,5.128386023472796,0.8013103161676244,5.16996199629515,5.128386023472796,0.0415759728223541,SPAGNOLO MATTEO,Matteo Spagnolo,15.064473684210528,6.105263157894737,KBA,False,True,117.49162420504089,7,0.12883619097096002,43.64736842105263,27.031493496639413,1.0,thin,-0.1,0.03,-0.03,3,0.015
3967,Dario,Brizuela,Guard,FC Barcelona,BAR,Anadolu Efes Istanbul,EFS,home,6.4,0.061,False,127.0,0.7744982892319169,14.70858405684807,15.193277998340106,15.193277998340106,6.930935388540757,0.2667474632098258,0.3566843089281358,0.123371382620446,81.50327139185147,0.9921276802747302,1.045,1,3.238390640548716,0.6072403783417816,1.6197612830887689,5.575,38.0,5.853750000000001,31.89596167008898,0.6552019164955509,4.139737291427213,4.391118855335398,0.6861123211461558,4.278378349812212,4.391118855335398,-0.1127405055231856,BRIZUELA DARIO,Dario Brizuela,14.764583333333334,5.575,BAR,False,False,110.4573251136153,5,0.12091687283667718,38.11958333333334,38.53914354250818,3.0,deep,-0.27,-0.02,-0.06,1,0.061
7219,Amath,M'baye,Forward,Paris Basketball,PBB,Panathinaikos AKTOR Athens,PAO,away,6.4,0.004,False,67.0,0.6850552321665772,14.70858405684807,17.606267020073624,17.606267020073624,11.217683510780104,0.3184654041630408,0.3386629820650091,0.4813536955327753,82.41060349139468,1.001926866949797,0.955,1,-3.381689824450132,0.3881379007362857,1.558219869377924,5.526315789473684,34.0,5.802631578947368,36.79671457905544,0.4101642710472279,3.76906746205252,3.915359255297971,0.6117748836403079,4.2092004092634525,3.915359255297971,0.2938411539654817,MBAYE AMATH,Amath M'baye,15.482456140350878,5.526315789473684,PBB,False,False,117.33788151670912,4,0.1304707703963507,24.032456140350877,33.28933581840373,1.0,thin,-0.29,-0.49,-0.33,2,0.004
3918,Marius,Grigonis,Forward,Zalgiris Kaunas,ZAL,Crvena Zvezda Meridianbet Belgrade,CZV,away,6.3,0.033,False,185.0,0.8155437302167753,14.533258245030646,17.340548446614466,17.340548446614466,11.001898862268886,0.315862046701375,0.3779659289518667,0.4755541053404213,81.23123149323949,0.9891896493697208,0.955,1,-4.182288691281983,0.3626243267137152,2.61298201308265,0.2045454545454545,27.0,0.2147727272727272,32.43258042436687,0.6283709787816565,1.1033062020510138,1.1433147689187952,0.1814785347490151,1.1787751833968554,1.1433147689187952,0.0354604144780601,GRIGONIS MARIUS,Marius Grigonis,2.514015151515151,0.20454545454545456,PAO,True,True,80.79623885662765,4,0.17669773917738177,13.373015873015872,31.54874361300777,2.0,thin,-0.01,-0.24,-0.02,1,0.033
4073,Tai,Odiase,Center,Hapoel IBI Tel Aviv,HTA,FC Bayern Munich,BAY,home,6.3,0.041,False,90.0,0.6923759579865811,14.533258245030646,13.299965626721738,13.299965626721738,5.4636878650461576,0.249045695198272,0.338121280208335,0.4471657218851927,81.9984540697545,0.9974756531960828,1.045,1,8.766135192749648,0.7693323947529245,1.2905802335647136,2.7142857142857144,37.0,2.85,31.028062970568104,0.6985968514715948,2.235661812315199,2.4076585179078105,0.3821680187155254,2.290649930283239,2.4076585179078105,-0.1170085876245714,ODIASE TAI,Tai Odiase,8.23373015873016,2.7142857142857144,HTA,False,True,29.71296519833224,2,0.30920854198046965,12.199603174603174,43.452654200427176,4.0,deep,-0.3,0.04,-0.34,2,0.041
4084,Dustin,Sleva,Forward,Zalgiris Kaunas,ZAL,Crvena Zvezda Meridianbet Belgrade,CZV,away,6.3,0.013,False,69.0,0.7008320569919477,14.533258245030646,16.562530880307737,16.562530880307737,5.982953985658464,0.2553104380287426,0.3070221517204329,0.3404021673024545,81.23123149323949,0.9891896493697208,0.955,1,-4.182288691281983,0.3626243267137152,1.2837550573745815,6.023809523809524,42.0,6.325,31.02258726899384,0.6988706365503081,3.8994224837675735,4.040825029042427,0.6414007982607027,4.166153008929077,4.040825029042427,0.1253279798866495,SLEVA DUSTIN,Dustin Sleva,18.316666666666666,6.023809523809524,ZAL,False,True,81.57425642293438,5,0.16876985007803047,13.373015873015872,31.54874361300777,2.0,thin,0.01,-0.27,-0.37,3,0.013
4156,Jeremy,Morgan,Forward,Paris Basketball,PBB,Panathinaikos AKTOR Athens,PAO,away,6.3,0.004,False,88.0,0.7167349605831741,14.533258245030646,16.217231584422816,16.217231584422816,7.005169145795775,0.2676430644826257,0.2985774383935477,0.5139972678925175,82.41060349139468,1.001926866949797,0.955,1,-3.381689824450132,0.3881379007362857,1.4222351637976334,4.868421052631579,32.0,5.1118421052631575,31.40041067761807,0.6799794661190965,3.3393211488431582,3.468932858902785,0.5506242633179024,3.729270459573659,3.468932858902785,0.2603376006708742,MORGAN JEREMY,Jeremy Morgan,14.91622807017544,4.868421052631579,PBB,False,False,118.72691695235993,5,0.12017736048778999,24.032456140350877,33.28933581840373,1.0,thin,-0.48,-0.54,-0.54,1,0.004
7232,Bodian,Massa,Forward,LDLC ASVEL Villeurbanne,ASV,Maccabi Rapyd Tel Aviv,MTA,home,6.3,0.003,False,49.0,0.5908671808732795,14.533258245030646,14.517899376666916,14.517899376666916,2.4480921014286827,0.2126637107209423,0.2592742999420448,0.3159907627038945,85.28902647908335,1.0330138352168343,1.045,1,-0.7783277526979853,0.4739254955140013,0.5095414038115292,3.973684210526316,36.0,4.172368421052632,28.944558521560573,0.8027720739219714,2.793773838099545,2.926177903157083,0.4644726830408068,2.7684775835082163,2.926177903157083,-0.1577003196488666,MASSA BODIAN,Bodian Massa,14.183333333333334,3.973684210526316,ASV,False,False,116.0653887480394,7,0.11117731514619546,38.51315789473684,33.785179762515206,2.0,thin,-0.66,-0.2,-0.56,1,0.003
11506,Ignas,Sargiunas,Guard,Fenerbahce Tarfin Istanbul,FBT,Virtus Bologna,VIR,home,6.3,0.008,False,,0.0,14.533258245030646,14.533258245030646,14.533258245030646,5.096619394381989,0.2446171575398291,0.2446171575398291,0.35,84.08511383883945,1.0200115787022004,1.045,1,6.715750981453553,0.7137416193840752,1.1220484943844788,,,,,0.9,1.1960050666637283,1.281368925970941,0.2033918930112605,1.258621946886836,1.281368925970941,-0.022746979084105,SARGIUNAS IGNAS,Ignas Sargiunas,,,,False,True,115.86451756492573,5,0.11145326793159133,38.52131782945737,41.842645519558225,5.0,deep,,-0.11,-0.57,2,0.008
3851,Andres,Feliz,Guard,Real Madrid,RMB,Dubai Basketball,DUB,away,6.2,0.086,False,124.0,0.7715018669435788,14.356478772266549,15.640328508896156,15.640328508896156,7.19397102914172,0.2699208854266844,0.3576424154699956,0.3071823454981573,88.00000000000001,1.0622923492427343,0.955,1,-2.445666286151155,0.418583649662316,2.030911277793907,5.954545454545454,39.0,6.252272727272727,29.21286789869952,0.7893566050650239,4.448628227333794,4.634840531272612,0.7475549243988084,4.579358414659007,4.634840531272612,-0.0554821166136054,FELIZ ANDRES,Andres Feliz,14.759848484848487,5.954545454545454,RMB,False,False,77.94438477114267,4,0.1671248215730994,0.0,39.52894111348701,4.0,deep,0.29,-0.36,-0.23,1,0.086
3927,Daulton,Hommes,Forward,Paris Basketball,PBB,Panathinaikos AKTOR Athens,PAO,away,6.2,0.004,False,58.0,0.6065209060525052,14.356478772266549,15.12745414700338,15.12745414700338,3.876341033983069,0.229894975972364,0.3007950470251248,0.4090134702172108,82.41060349139468,1.001926866949797,0.955,1,-3.381689824450132,0.3881379007362857,0.8603622512885165,2.3684210526315788,22.0,2.486842105263158,30.24229979466119,0.7378850102669405,1.689011885399263,1.7545688381510136,0.2829949738953247,1.886246290588244,1.7545688381510136,0.1316774524372304,HOMMES DAULTON,Daulton Hommes,7.507456140350876,2.3684210526315788,PBB,False,False,119.81669438977937,6,0.11210159396337202,24.032456140350877,33.28933581840373,1.0,thin,-0.67,-0.58,-0.55,1,0.004
3835,Usman,Garuba,Center,Real Madrid,RMB,Dubai Basketball,DUB,away,6.1,0.053,False,120.0,0.7128275133446288,14.178245638555763,13.169811954883636,13.169811954883636,2.820374982202342,0.2171551581997102,0.3569356641619274,0.2391365214227302,88.00000000000001,1.0622923492427343,0.955,1,-2.445666286151155,0.418583649662316,1.0066924174580771,5.818181818181818,41.0,6.109090909090909,24.56399726214921,1.0,3.950000979798418,4.115341562427793,0.6746461577750481,4.066078193185454,4.115341562427793,-0.0492633692423387,GARUBA USMAN,Usman Garuba,11.358333333333333,5.818181818181818,RMB,False,False,61.19133867201785,4,0.17710608084807147,5.975378787878788,39.52894111348701,4.0,deep,-0.95,-1.06,-0.81,1,0.053
7378,Agustin,Ubal,Guard,FC Barcelona,BAR,Anadolu Efes Istanbul,EFS,home,6.1,0.003,False,18.0,0.340621519495428,14.178245638555763,13.368325038236218,13.368325038236218,3.090607269873109,0.2204154051512172,0.331114613888569,0.2836219770727255,81.50327139185147,0.9921276802747302,1.045,1,3.238390640548716,0.6072403783417816,1.0233452328452388,,,,23.20328542094456,1.0,1.0609771429221833,1.1254039590901883,0.1844924523098669,1.096509589466952,1.1254039590901883,-0.0288943696232362,UBAL AGUSTIN,Agustin Ubal,,,,False,False,112.28227807371918,6,0.10639284418177415,38.11958333333334,38.53914354250818,3.0,deep,,-0.08,-0.2,1,0.003
3869,Mikael,Jantunen,Forward,Real Madrid,RMB,Dubai Basketball,DUB,away,6.0,0.043,False,97.0,0.7877434830685783,13.998558843898309,19.14174213404824,19.14174213404824,7.688627661581561,0.2758887243990559,0.3207959024859496,0.5961469355431432,88.00000000000001,1.0622923492427343,0.955,1,-2.445666286151155,0.418583649662316,2.2879516483485194,4.1395348837209305,36.0,4.3465116279069775,26.4476386036961,0.927618069815195,3.448148932481861,3.5924828089556087,0.5987471348259348,3.549478405935917,3.5924828089556087,-0.0430044030196921,JANTUNEN MIKAEL,Mikael Jantunen,15.55891472868217,4.1395348837209305,FBT,True,False,126.97921031169204,3,0.13099929759324708,46.46401515151515,39.52894111348701,4.0,deep,-0.25,-0.08,-0.21,1,0.043
4094,Kenan,Kamenjas,Center,Dubai Basketball,DUB,Real Madrid,RMB,home,5.9,0.023,False,68.0,0.6030383742145854,13.817418388294168,11.923044220809045,11.923044220809045,2.464490827890972,0.2128615549475449,0.3782458085098161,0.3112527212224795,80.18097815455228,0.9778469133118988,1.045,1,2.445666286151155,0.581416350337684,0.85271485675073,4.2631578947368425,34.0,4.476315789473685,26.704996577686515,0.9147501711156742,2.962323478157226,3.134557808676207,0.5312809845213909,3.0711288681879894,3.134557808676207,-0.0634289404882175,KAMENJAS KENAN,Kenan Kamenjas,8.003070175438596,4.2631578947368425,DUB,False,False,54.55301592609447,4,0.1793584667090778,5.129385964912281,42.18550382311964,6.0,deep,-1.02,-0.92,-0.66,1,0.023
11523,Shane,Hunter,Center,Maccabi Rapyd Tel Aviv,MTA,LDLC ASVEL Villeurbanne,ASV,away,5.9,0.005,False,,0.0,13.817418388294168,13.817418388294168,13.817418388294168,7.875373108221805,0.2781417352378584,0.2781417352378584,0.35,83.80559424073098,1.0169927670426289,0.955,1,0.7783277526979853,0.5260745044859986,1.9714229477697416,,,,,0.9,1.91470134912382,2.0154289054717185,0.3415981195714777,2.05550950164365,2.0154289054717185,0.0400805961719314,HUNTER SHANE,Shane Hunter,,,,False,True,51.80429303635663,3,0.21056168893369726,16.830263157894738,36.68846303064842,3.0,deep,,-0.44,-0.81,2,0.005
3954,Khalifa,Diop,Center,Kosner Baskonia Vitoria-Gasteiz,KBA,Olympiacos Piraeus,OLY,home,5.8,0.025,False,130.0,0.7327594936406341,13.634824271743346,12.831178785345536,12.831178785345536,8.268021190357297,0.2828788809129042,0.3491462572636393,0.3855506082377489,78.91970211455063,0.9642251320798813,1.045,1,-4.217236513868823,0.3615234551224682,2.8867486535897107,4.526315789473684,28.0,4.752631578947368,24.709103353867214,1.0,3.899963726390488,4.040956562512186,0.6967166487089975,4.073716713454481,4.040956562512186,0.0327601509422956,DIOP KHALIFA,Khalifa Diop,12.329824561403507,4.526315789473684,KBA,False,True,15.073489174274512,2,0.45982194820999567,32.89780701754386,27.031493496639413,1.0,thin,0.17,1.07,0.22,2,0.025
4234,Tyler,Ennis,Guard,Hapoel IBI Tel Aviv,HTA,FC Bayern Munich,BAY,home,5.7,0.003,True,30.0,0.4180444595517609,13.450776494245847,11.192588210635986,0.0,0.0,0.1831284361633178,0.2759628571210923,0.3639807958090574,81.9984540697545,0.9974756531960828,1.045,0,8.766135192749648,0.7693323947529245,0.0,0.7619047619047619,20.0,0.8,32.10403832991102,0.6447980835044489,0.0,0.0,0.0,0.0,0.0,0.0,ENNIS TYLER,Tyler Ennis,1.9936507936507937,0.7619047619047619,HTA,False,True,177.88528102870907,9,0.059195654444718734,24.15039682539682,43.452654200427176,4.0,deep,-1.57,-1.56,-1.16,2,0.003
11531,Nobel,Boungou-colo,Forward,Paris Basketball,PBB,Panathinaikos AKTOR Athens,PAO,away,5.7,0.005,False,5.0,0.055835713402989,13.450776494245847,13.17236824434921,13.17236824434921,2.049541321832845,0.2078553513076471,0.2104637550845098,0.3150523946900451,82.41060349139468,1.001926866949797,0.955,1,-3.381689824450132,0.3881379007362857,0.1509739569778336,,,,38.431211498973305,0.35,0.1444579448390526,0.1500649051845034,0.0263271763481584,0.1613270249630317,0.1500649051845034,0.0112621197785283,BOUNGOU COLO NOBEL,Nobel Boungou-colo,,,,False,False,121.77178029243353,7,0.0976134822234157,24.032456140350877,33.28933581840373,1.0,thin,,-0.64,-1.0,1,0.005
3836,Konstantinos,Mitoglou,Forward,Panathinaikos AKTOR Athens,PAO,Paris Basketball,PBB,home,5.5,0.084,False,210.0,0.8361082202187066,13.078319956410812,16.33330355147551,20.18212638412643,11.17942242379326,0.3180037990999101,0.4229305544626319,0.4003708138588579,88.49288762446658,1.0676155355869732,1.045,1,3.381689824450132,0.6118620992637143,3.473921758134336,3.772727272727273,39.0,3.961363636363637,30.305270362765228,0.7347364818617386,4.075728315881277,4.325106684219645,0.7863830334944809,4.187943342924211,4.325106684219645,-0.1371633412954338,MITOGLOU KONSTANTINOS,Konstantinos Mitoglou,9.118181818181817,3.772727272727273,PAO,False,False,127.05965065125586,5,0.11390590034419132,35.55227272727272,46.821222213168895,5.0,deep,-0.57,-0.39,0.11,1,0.084
3962,Mario,Nakic,Forward,Partizan Mozzart Bet Belgrade,PAR,Armani Olimpia Milan,MIL,home,5.5,0.011,False,37.0,0.3186313731096342,13.078319956410812,9.411802748069505,9.411802748069505,4.421589063874533,0.2364731803852822,0.2311205285792771,0.3006653799609135,81.57101133892995,0.9928592717031776,1.045,1,2.133590616966191,0.5711463077269484,1.0067066134888198,0.0789473684210526,1.0,0.0828947368421052,25.297741273100616,0.9851129363449692,0.4669450558957911,0.4936144503544146,0.0897480818826208,0.4716441893404612,0.4936144503544146,-0.0219702610139533,NAKIC MARIO,Mario Nakic,0.16359649122807018,0.07894736842105263,PAR,False,True,50.26287202938717,3,0.15771854280176162,91.91929824561403,28.487721241744293,2.0,thin,-0.57,1.85,0.34,2,0.011
4008,Metecan,Birsen,Forward,Besiktas Istanbul,BJK,Valencia Basket,VBC,home,5.5,0.012,False,77.0,0.5035067751411053,13.078319956410812,8.033649640421956,8.033649640421956,1.9044435482879136,0.2061048033699904,0.2102554501318717,0.1371237713918782,83.59465633667503,1.0147146376788243,1.045,1,1.8206091954137984,0.5607978535920614,0.2705230672254215,1.4883720930232558,32.0,1.5627906976744186,31.48802190280629,0.6755989048596852,1.061683692435755,1.121222686026922,0.203858670186713,1.072015322852445,1.121222686026922,-0.0492073631744771,BIRSEN METECAN,Metecan Birsen,6.274806201550388,1.4883720930232558,FBT,True,False,84.86218101764061,6,0.08648019597340996,0.0,27.41186290070354,0.0,thin,-1.16,-0.79,-1.08,0,0.012
4242,Davide,Casarin,Guard,Virtus Bologna,VIR,Fenerbahce Tarfin Istanbul,FBT,away,5.5,0.005,False,47.0,0.4550556372077844,13.078319956410812,12.389985001209649,12.389985001209649,3.585289392673249,0.2263835516548246,0.1433805430902691,0.3386687542477389,79.64752553076217,0.9720856249749656,0.955,1,-6.715750981453553,0.2862583806159248,0.5140607402572718,,,,23.362080766598226,1.0,0.4772240584495197,0.4908849970657916,0.0892518176483257,0.5100119074181634,0.4908849970657916,0.0191269103523717,CASARIN DAVIDE,Davide Casarin,,,,False,False,115.41128103162254,6,0.09694727905141924,74.17587719298245,29.455473509825026,1.0,thin,,0.7,-0.58,1,0.005
4258,Josep,Puerto,Guard,Valencia Basket,VBC,Besiktas Istanbul,BJK,away,5.5,0.016,False,154.0,0.7696022719067281,13.078319956410812,13.413896595587495,13.413896595587495,6.562342221748772,0.2623005306884095,0.2748538483740214,0.3896708680980019,,1.0,0.955,1,-1.8206091954137984,0.4392021464079386,1.5721442033346351,4.5227272727272725,38.0,4.7488636363636365,27.567419575633128,0.8716290212183436,3.1920818129465576,3.3322787313221447,0.60586886024039,3.552572205876651,3.3322787313221447,0.2202934745545062,PUERTO JOSEP,Josep Puerto,13.600378787878787,4.5227272727272725,VBC,False,False,107.95772317508401,5,0.11051921875091313,68.62651515151515,30.76560469937195,2.0,thin,-0.47,0.71,-0.03,1,0.016
7216,Davis,Bertans,Forward,Dubai Basketball,DUB,Real Madrid,RMB,home,5.5,0.033,False,29.0,0.5346108910747095,13.078319956410812,15.84752159256153,15.84752159256153,3.753522257629986,0.2284132154298163,0.2645333198302413,0.2285714285714286,80.18097815455228,0.9778469133118988,1.045,1,2.445666286151155,0.581416350337684,0.5518892471770392,4.2105263157894735,30.0,4.421052631578947,33.883641341546884,0.5558179329226558,2.807095067423409,2.9703041643386325,0.5400553026070241,2.9101989572978644,2.9703041643386325,-0.0601052070407681,BERTANS DAVIS,Davis Bertans,14.225877192982457,4.2105263157894735,DUB,False,False,134.60125066525424,6,0.10533500110858002,0.3364035087719298,42.18550382311964,6.0,deep,-0.69,-1.32,-1.09,1,0.033
7231,Brice,Dessert,Center,Anadolu Efes Istanbul,EFS,FC Barcelona,BAR,away,5.5,0.017,False,17.0,0.3182728442509097,13.078319956410812,12.401421829272923,17.277205136683172,5.466176554001124,0.2490757202580034,0.3045280114925587,0.3817427385892116,79.57930869110298,0.9713488831066464,0.955,1,-3.238390640548716,0.3927596216582184,1.6646038764572095,2.4473684210526314,19.0,2.569736842105263,23.520876112251884,1.0,1.979823484073663,2.0575829563291457,0.3741059920598447,2.142699828722165,2.0575829563291457,0.0851168723930193,DESSERT BRICE,Brice Dessert,5.781578947368421,2.4473684210526314,EFS,False,True,52.267633054781385,4,0.19176748216759218,6.818859649122807,31.667246603489886,1.0,thin,-0.95,-0.79,-0.88,2,0.017
8830,Francesco,Ferrari,Forward,Virtus Bologna,VIR,Fenerbahce Tarfin Istanbul,FBT,away,5.2,0.015,False,12.0,0.1965209356513704,12.508732692558164,10.626248972554604,10.626248972554604,5.182806163001615,0.2456569672238395,0.2673833436571068,0.2396946564885496,79.64752553076217,0.9720856249749656,0.955,1,-6.715750981453553,0.2862583806159248,1.3857960413900323,1.0789473684210529,15.0,1.1328947368421054,21.11978097193703,1.0,1.1155760880357448,1.1475103884772409,0.2206750747071617,1.192222140639179,1.1475103884772409,0.0447117521619382,FERRARI FRANCESCO,Francesco Ferrari,3.0289473684210524,1.0789473684210527,VIR,False,False,37.79093894379914,3,0.21947265898450505,62.588596491228074,29.455473509825026,1.0,thin,-0.12,1.36,0.26,1,0.015
3972,Justus,Hollatz,Guard,FC Bayern Munich,BAY,Hapoel IBI Tel Aviv,HTA,away,5.1,0.014,False,74.0,0.6216576841282769,12.315962949380586,11.517519633671824,11.517519633671824,1.8212951999657672,0.2051016510395391,0.2396671334678076,0.4231934067617325,85.40476190476191,1.034263777814163,0.955,1,-8.766135192749648,0.2306676052470754,0.4267795999643023,3.210526315789474,29.0,3.3710526315789475,25.44558521560575,0.9777207392197124,2.0712801309052216,2.119057853664397,0.4155015399341955,2.147119926690485,2.119057853664397,0.028062073026088,HOLLATZ JUSTUS,Justus Hollatz,11.405701754385966,3.210526315789474,BAY,False,False,105.27926944909986,7,0.09861161187838456,37.52280701754386,27.43830246639978,0.0,thin,-0.68,-0.01,-0.54,1,0.014
7223,Clement,Frisch,Forward,Kosner Baskonia Vitoria-Gasteiz,KBA,Olympiacos Piraeus,OLY,home,5.1,0.011,False,37.0,0.488512306074236,12.315962949380586,12.01437397681858,12.01437397681858,6.629248638851426,0.2631077304655913,0.3291334978868993,0.1826003824091778,78.91970211455063,0.9642251320798813,1.045,1,-4.217236513868823,0.3615234551224682,2.181907792867136,4.7105263157894735,38.0,4.946052631578947,24.73100616016427,1.0,3.7272483654390447,3.861997136156354,0.7572543404228146,3.893306457887973,3.861997136156354,0.0313093217316189,FRISCH CLEMENT,Clement Frisch,11.827631578947368,4.7105263157894735,KBA,False,True,45.834610658470105,3,0.20768513142561962,31.9140350877193,27.031493496639413,1.0,thin,-0.02,0.57,0.16,2,0.011
3830,Deividas,Sirvydis,Guard,Zalgiris Kaunas,ZAL,Crvena Zvezda Meridianbet Belgrade,CZV,away,5.0,0.02,False,110.0,0.717470733406487,12.12173954525633,12.674052124708483,12.674052124708483,1.954655831602031,0.2067105949466154,0.3203180884526836,0.3292778486939753,81.23123149323949,0.9891896493697208,0.955,1,-4.182288691281983,0.3626243267137152,0.5851636625122926,2.261904761904762,41.0,2.375,26.308008213552363,0.934599589322382,1.5031764961578589,1.5576853326429712,0.3115370665285942,1.6059976338775213,1.5576853326429712,0.0483123012345501,SIRVYDIS DEIVIDAS,Deividas Sirvydis,7.887698412698412,2.261904761904762,ZAL,False,True,119.23192059429408,7,0.0960839897046045,29.957539682539682,31.54874361300777,2.0,thin,-0.74,-0.4,-0.4,2,0.02
3950,Ognjen,Dobric,Forward,Crvena Zvezda Meridianbet Belgrade,CZV,Zalgiris Kaunas,ZAL,home,5.0,0.089,False,206.0,0.8146744907401698,12.12173954525633,14.955903416857588,14.955903416857588,8.150497270083703,0.2814610007398734,0.3174597114506656,0.3595852377326673,79.86923629161679,0.9744801011921956,1.045,1,4.182288691281983,0.6373756732862847,1.6910547161835523,2.871794871794872,26.0,3.015384615384616,31.928815879534564,0.6535592060232718,2.4434857156645244,2.599227550983234,0.5198455101966468,2.62620508857644,2.599227550983234,0.0269775375932059,DOBRIC OGNJEN,Ognjen Dobric,8.013247863247862,2.871794871794872,CZV,False,False,89.48798561076873,4,0.14319558143704916,23.16111111111111,40.757368672423816,3.0,deep,-0.34,-0.18,-0.27,1,0.089
3971,Vanja,Marinkovic,Guard,Partizan Mozzart Bet Belgrade,PAR,Armani Olimpia Milan,MIL,home,5.0,0.031,False,195.0,0.8383779392382277,12.12173954525633,18.43949211027551,18.43949211027551,4.874388242206816,0.2419360255305715,0.259199265622822,0.5036052192821555,81.57101133892995,0.9928592717031776,1.045,1,2.133590616966191,0.5711463077269484,0.9649603887614748,2.0789473684210527,19.0,2.182894736842105,29.724845995893222,0.7637577002053388,1.6946652658268917,1.7914554467679051,0.358291089353581,1.7117196454109969,1.7914554467679051,-0.0797358013569082,MARINKOVIC VANJA,Vanja Marinkovic,10.246052631578948,2.0789473684210527,PAR,False,True,105.76589866150283,4,0.1484596763127393,46.35175438596491,28.487721241744293,2.0,thin,0.11,0.31,-0.3,2,0.031
3975,Sebastian,Herrera,Guard,Paris Basketball,PBB,Panathinaikos AKTOR Athens,PAO,away,5.0,0.037,False,69.0,0.6622754745938048,12.12173954525633,12.078938166788484,12.078938166788484,1.8794101741968088,0.2058027854939256,0.2419541876343803,0.3655094025564602,82.41060349139468,1.001926866949797,0.955,1,-3.381689824450132,0.3881379007362857,0.3657302202774475,4.7368421052631575,37.0,4.973684210526316,28.914442162902123,0.8042778918548938,2.8594185935667884,2.97040346659012,0.594080693318024,3.1933272713942045,2.97040346659012,0.2229238048040844,HERRERA SEBASTIAN,Sebastian Herrera,15.557017543859649,4.7368421052631575,PBB,False,False,112.62796239373554,6,0.09685861898978243,17.974122807017544,33.28933581840373,1.0,thin,-0.68,-0.59,-0.82,2,0.037
3978,Eli,Ndiaye,Forward,Real Madrid,RMB,Dubai Basketball,DUB,away,5.0,0.02,False,67.0,0.5353397744929036,12.12173954525633,9.527242712880556,9.527242712880556,1.4282115767620855,0.200359250731703,0.2527154186013275,0.4101611934083618,88.00000000000001,1.0622923492427343,0.955,1,-2.445666286151155,0.418583649662316,0.3609310864726924,,,,22.26420260095825,1.0,0.3661606868344376,0.3814875745002395,0.0762975149000479,0.376920915096911,0.3814875745002395,-0.0045666594033285,NDIAYE ELI,Eli Ndiaye,,,,False,False,136.59370973285974,8,0.06520107180671675,46.46401515151515,39.52894111348701,4.0,deep,,-0.4,-0.69,1,0.02
4546,Joel,Ayayi,Guard,Paris Basketball,PBB,Panathinaikos AKTOR Athens,PAO,away,5.0,0.003,False,30.0,0.4220266032836508,12.12173954525633,11.26347417704759,11.26347417704759,1.7525288790160725,0.2042720122492413,0.2591403321900168,0.3866294384153408,82.41060349139468,1.001926866949797,0.955,1,-3.381689824450132,0.3881379007362857,0.4184187818763735,0.9210526315789472,17.0,0.9671052631578948,26.573579739904176,0.9213210130047912,0.6889240446147725,0.7156637978591254,0.143132759571825,0.769373167166602,0.7156637978591254,0.0537093693074766,AYAYI JOEL,Joel Ayayi,3.6017543859649126,0.9210526315789473,PBB,False,False,113.44342638347645,7,0.09031957434930461,17.974122807017544,33.28933581840373,1.0,thin,-0.86,-0.61,-0.76,1,0.003
4698,Onuralp,Bitim,Forward,Fenerbahce Tarfin Istanbul,FBT,Virtus Bologna,VIR,home,5.0,0.008,False,78.0,0.6483384106297125,12.12173954525633,11.389653418207756,11.389653418207756,2.407496234300293,0.2121739374477709,0.2515798262315198,0.2805836219438932,84.08511383883945,1.0200115787022004,1.045,1,6.715750981453553,0.7137416193840752,0.5298330655591302,1.627906976744186,34.0,1.7093023255813955,27.50444900752909,0.8747775496235455,1.267025636430916,1.3574585293856505,0.27149170587713,1.3333608006600388,1.3574585293856505,-0.0240977287256116,BITIM ONURALP,Onuralp Bitim,7.153100775193798,1.627906976744186,FBT,False,True,112.66675113022721,6,0.0918102814575843,60.734496124031004,41.842645519558225,5.0,deep,-1.04,0.3,-0.34,2,0.008
11510,Frederic,Bourdillon,Guard,Hapoel IBI Tel Aviv,HTA,FC Bayern Munich,BAY,home,5.0,0.002,False,6.0,0.0905885460965058,12.12173954525633,12.8756897555695,13.685831508324949,1.9677711786490044,0.2068688264836253,0.2166626848640712,0.3924054163322383,81.9984540697545,0.9974756531960828,1.045,1,8.766135192749648,0.7693323947529245,0.2015424418540153,,,,35.54551676933607,0.4727241615331966,0.2100801943826455,0.2262423442861016,0.0452484688572203,0.2152473061738062,0.2262423442861016,-0.0109950381122953,BOURDILLON FREDERIC,Frederic Bourdillon,,,,False,True,176.20217948377558,8,0.06809728609365039,24.15039682539682,43.452654200427176,4.0,deep,,-1.5,-1.38,2,0.002
3886,Daniel,Hackett,Guard,Virtus Bologna,VIR,Fenerbahce Tarfin Istanbul,FBT,away,4.8,0.02,False,247.0,0.8605964888695503,11.728931754167782,18.116126826074368,18.116126826074368,10.347021539091848,0.3079612077050365,0.3526428713332479,0.5020757512005278,79.64752553076217,0.9720856249749656,0.955,1,-6.715750981453553,0.2862583806159248,1.277081184852309,4.026315789473684,34.0,4.227631578947369,38.784394250513344,0.35,2.716905404396611,2.794679098531534,0.5822248121940696,2.903571358227333,2.794679098531534,0.108892259695799,HACKETT DANIEL,Daniel Hackett,13.124122807017542,4.026315789473684,VIR,False,False,109.68513920675784,5,0.14175232678383898,74.17587719298245,29.455473509825026,1.0,thin,0.05,0.9,0.38,1,0.02
3933,Leopold,Cavaliere,Forward,Paris Basketball,PBB,Panathinaikos AKTOR Athens,PAO,away,4.8,0.012,False,72.0,0.6404312712278983,11.728931754167782,12.132758013580451,12.132758013580451,1.887784218855193,0.2059038150703859,0.2857259201850949,0.2094676830440074,82.41060349139468,1.001926866949797,0.955,1,-3.381689824450132,0.3881379007362857,0.392985966157044,4.315789473684211,36.0,4.531578947368422,30.428473648186174,0.7285763175906913,2.6281223105437514,2.730129698193016,0.5687770204568784,2.935021359132421,2.730129698193016,0.2048916609394049,CAVALIERE LEOPOLD,Leopold Cavaliere,13.251754385964912,4.315789473684211,PBB,False,False,122.81139052320229,8,0.08990947844080349,24.032456140350877,33.28933581840373,1.0,thin,-0.99,-0.68,-0.67,1,0.012
3985,David,Lighty,Forward,LDLC ASVEL Villeurbanne,ASV,Maccabi Rapyd Tel Aviv,MTA,home,4.8,0.018,False,212.0,0.854241294297824,11.728931754167782,18.56072616039493,18.56072616039493,5.028058902986754,0.2437900020026733,0.2676700827733864,0.5724145900658244,85.28902647908335,1.0330138352168343,1.045,1,-0.7783277526979853,0.4739254955140013,0.4710513299631745,3.421052631578948,35.0,3.5921052631578947,38.34633812457221,0.35,2.419214538656896,2.53386728355566,0.5278890174074292,2.397309735180557,2.53386728355566,-0.1365575483751033,LIGHTY DAVID,David Lighty,16.125877192982454,3.4210526315789473,ASV,False,False,112.02256196431138,3,0.1421370714962357,38.51315789473684,33.785179762515206,2.0,thin,-0.18,-0.07,-0.45,2,0.018
3994,Yakuba,Ouattara,Guard,Paris Basketball,PBB,Panathinaikos AKTOR Athens,PAO,away,4.8,0.014,False,190.0,0.7997314334961029,11.728931754167782,12.996847415653551,12.996847415653551,4.333352862675611,0.2354086450980636,0.234360673595407,0.4225111191780573,82.41060349139468,1.001926866949797,0.955,1,-3.381689824450132,0.3881379007362857,0.523736707548269,3.789473684210526,34.0,3.978947368421053,34.68583162217659,0.5157084188911703,2.3760052846861583,2.4682270550197987,0.5142139697957914,2.653463361270488,2.4682270550197987,0.1852363062506894,OUATTARA YAKUBA,Yakuba Ouattara,15.066228070175438,3.789473684210526,PBB,False,False,111.71005314487049,5,0.10421915192532419,17.974122807017544,33.28933581840373,1.0,thin,-0.58,-0.55,-0.83,2,0.014
11495,Nikola,Djurisic,Guard,Crvena Zvezda Meridianbet Belgrade,CZV,Zalgiris Kaunas,ZAL,home,4.8,0.046,False,,0.0,11.728931754167782,11.728931754167782,11.728931754167782,2.576628878619432,0.2142144567091613,0.2142144567091613,0.35,79.86923629161679,0.9744801011921956,1.045,1,4.182288691281983,0.6373756732862847,0.4967560398371374,,,,,0.9,0.5058624253869027,0.5381048657840237,0.1121051803716716,0.5436898882420552,0.5381048657840237,0.0055850224580314,DJURISIC NIKOLA,Nikola Djurisic,,,,False,False,108.6070871260959,5,0.09746817173533273,39.900000000000006,40.757368672423816,3.0,deep,,-0.01,-0.64,1,0.046
11521,Marc-owen,Fodzo Dada,Guard,LDLC ASVEL Villeurbanne,ASV,Maccabi Rapyd Tel Aviv,MTA,home,4.8,0.002,False,,0.0,11.728931754167782,11.728931754167782,11.728931754167782,2.8254289451940164,0.217216132288257,0.217216132288257,0.35,85.28902647908335,1.0330138352168343,1.045,1,-0.7783277526979853,0.4739254955140013,0.5523558727773006,,,,,0.9,0.5962678651766209,0.6245265195229114,0.1301096915672732,0.590868951522108,0.6245265195229114,-0.0336575680008033,FODZO DADA MARC OWEN,Marc-owen Fodzo Dada,,,,False,False,95.06307924046507,6,0.10982967400770507,48.113596491228066,33.785179762515206,2.0,thin,,0.41,-0.42,1,0.002
11540,Mario,Saint-supery,Guard,Valencia Basket,VBC,Besiktas Istanbul,BJK,away,4.7,0.106,False,,0.0,11.530347367203488,11.530347367203488,11.530347367203488,2.770588704439969,0.2165545062135959,0.2165545062135959,0.35,,1.0,0.955,1,-1.8206091954137984,0.4392021464079386,0.5399851219298677,,,,,0.9,0.5156857914430236,0.5383348220904088,0.1145393238490231,0.5739235762115038,0.5383348220904088,0.0355887541210949,SAINT SUPERY MARIO,Mario Saint-supery,,,,False,False,109.84127240346803,6,0.09500035831267457,68.62651515151515,30.76560469937195,2.0,thin,,0.64,-0.31,1,0.106
3896,Juan,Nunez,Guard,FC Barcelona,BAR,Anadolu Efes Istanbul,EFS,home,4.6,0.017,False,71.0,0.612638123736983,11.330309319292514,12.657676337363975,12.657676337363975,2.048419265483652,0.2078418141362624,0.3330851644053076,0.2829934567315509,81.50327139185147,0.9921276802747302,1.045,1,3.238390640548716,0.6072403783417816,0.6822980678146218,-0.05,1.0,-0.0525,22.32443531827516,1.0,0.251852199321111,0.2671456818013071,0.0580751482176754,0.2602868059186786,0.2671456818013071,-0.0068588758826285,NUNEZ JUAN,Juan Nunez,0.13166666666666665,-0.05,BAR,False,False,112.99292677459142,7,0.10073709177572282,38.11958333333334,38.53914354250818,3.0,deep,-0.71,-0.11,-0.2,1,0.017
3979,Giannoulis,Larentzakis,Guard,Olympiacos Piraeus,OLY,Kosner Baskonia Vitoria-Gasteiz,KBA,away,4.6,0.005,False,157.0,0.7103768732374734,11.330309319292514,9.700318867785532,9.700318867785532,1.444045834561408,0.2005502848644655,0.2760083838744529,0.0658462432068461,84.59918244028657,1.0255635195978292,0.955,1,4.217236513868823,0.6384765448775318,0.2386638446917404,0.0,14.0,0.0,33.02395619438741,0.5988021902806295,0.0935002042389938,0.0994699729737794,0.0216239071682129,0.098304786217014,0.0994699729737794,-0.0011651867567653,LARENTZAKIS GIANNOULIS,Giannoulis Larentzakis,0.4868217054263566,0.0,OLY,False,True,143.1172163182345,7,0.0634764777221255,21.52015503875969,48.988140015097606,5.0,deep,-1.39,-1.06,-0.91,2,0.005
4005,Edwin,Jackson,Forward,LDLC ASVEL Villeurbanne,ASV,Maccabi Rapyd Tel Aviv,MTA,home,4.6,0.027,False,121.0,0.7400711356277846,11.330309319292514,14.940555871075167,14.940555871075167,2.519362882327009,0.2135235648418473,0.2400713497052833,0.3341986902812773,85.28902647908335,1.0330138352168343,1.045,1,-0.7783277526979853,0.4739254955140013,0.2408750864143816,2.3684210526315788,23.0,2.486842105263158,37.034907597535934,0.3982546201232032,1.6380353553698932,1.715666027116206,0.3729708754600448,1.6232037470220884,1.715666027116206,-0.0924622800941177,JACKSON EDWIN,Edwin Jackson,8.689912280701753,2.3684210526315788,ASV,False,False,115.64273225363115,5,0.11441399650472134,38.51315789473684,33.785179762515206,2.0,thin,-0.64,-0.19,-0.64,1,0.027
3936,Nikos,Rogkavopoulos,Forward,Panathinaikos AKTOR Athens,PAO,Paris Basketball,PBB,home,4.5,0.207,False,,0.0,11.12881761043486,11.12881761043486,13.751241615747608,5.591133662750707,0.2505832789453143,0.2505832789453143,0.35,88.49288762446658,1.0676155355869732,1.045,1,3.381689824450132,0.6118620992637143,1.2609401456102376,,,,,0.9,1.406778256899235,1.4928536866457265,0.3317452636990503,1.4455103920924086,1.4928536866457265,-0.0473432945533178,ROGKAVOPOULOS NIKOS,Nikos Rogkavopoulos,,,,False,False,132.26413659229652,6,0.07761063067785569,35.55227272727272,46.821222213168895,5.0,deep,,-0.56,-0.78,1,0.207
3977,Sergio,Llull,Guard,Real Madrid,RMB,Dubai Basketball,DUB,away,4.5,0.029,False,247.0,0.8472206683029813,11.12881761043486,15.493189121374618,15.493189121374618,4.976905115518851,0.2431728515463465,0.2914927668525315,0.1308691551024941,88.00000000000001,1.0622923492427343,0.955,1,-2.445666286151155,0.418583649662316,0.5077561448697877,1.7272727272727273,40.0,1.813636363636364,38.87748117727584,0.35,1.2574249584219526,1.3100587112492272,0.2911241580553838,1.294376439184466,1.3100587112492272,-0.0156822720647613,LLULL SERGIO,Sergio Llull,9.6875,1.7272727272727273,RMB,False,False,78.09152415866421,5,0.1655525627888977,0.0,39.52894111348701,4.0,deep,0.18,-0.36,-0.5,1,0.029
3984,Sertac,Sanli,Center,Fenerbahce Tarfin Istanbul,FBT,Virtus Bologna,VIR,home,4.5,0.109,False,212.0,0.7831927658276123,11.12881761043486,11.509346332740549,11.509346332740549,3.6491946161024087,0.2271545432031186,0.3327193711597386,0.3981358674609946,84.08511383883945,1.0200115787022004,1.045,1,6.715750981453553,0.7137416193840752,0.5975633959230229,0.2631578947368421,10.0,0.2763157894736842,35.15674195756331,0.4921629021218343,0.4230819321172009,0.4532790504533484,0.1007286778785218,0.4452323990394219,0.4532790504533484,-0.0080466514139264,SANLI SERTAC,Sertac Sanli,1.444298245614035,0.2631578947368421,DUB,True,True,31.206908778844596,3,0.2694371569482242,22.660077519379847,41.842645519558225,5.0,deep,-0.64,0.27,-0.24,1,0.109
3988,John,Dibartolomeo,Guard,Maccabi Rapyd Tel Aviv,MTA,LDLC ASVEL Villeurbanne,ASV,away,4.5,0.026,False,222.0,0.814033987469319,11.12881761043486,13.340415130395687,13.340415130395687,4.379879175846401,0.2359699668852837,0.3214434361096348,0.1246933043856706,83.80559424073098,1.0169927670426289,0.955,1,0.7783277526979853,0.5260745044859986,0.6840424640854611,3.1842105263157894,32.0,3.343421052631579,35.28268309377139,0.4858658453114305,2.121301332444508,2.232897587177631,0.4961994638172513,2.277302957291145,2.232897587177631,0.0444053701135143,DIBARTOLOMEO JOHN,John Dibartolomeo,10.181578947368422,3.1842105263157894,MTA,False,True,83.05806474815881,4,0.13838823129993663,44.842543859649126,36.68846303064842,3.0,deep,-0.15,0.57,0.09,2,0.026
3991,Alberto,Abalde,Forward,Real Madrid,RMB,Dubai Basketball,DUB,away,4.5,0.06,False,244.0,0.8476784011325122,11.12881761043486,14.664851160056005,14.664851160056005,3.140544411054075,0.2210178772455236,0.298589689108215,0.5526228054043602,88.00000000000001,1.0622923492427343,0.955,1,-2.445666286151155,0.418583649662316,0.6660094943044809,3.590909090909091,42.0,3.7704545454545455,30.79534565366188,0.7102327173169062,2.4560268545019364,2.558832122944544,0.5686293606543431,2.52820120451662,2.558832122944544,-0.0306309184279238,ABALDE ALBERTO,Alberto Abalde,14.864393939393938,3.590909090909091,RMB,False,False,131.45610128568427,6,0.10036104278407003,46.46401515151515,39.52894111348701,4.0,deep,-0.8,-0.23,-0.39,1,0.06
3998,Dovydas,Giedraitis,Guard,Zalgiris Kaunas,ZAL,Crvena Zvezda Meridianbet Belgrade,CZV,away,4.5,0.013,False,110.0,0.7546143980628656,11.12881761043486,14.554140382859854,14.554140382859854,3.206589234827349,0.221814682235873,0.1876400509383078,0.3989902632198259,81.23123149323949,0.9891896493697208,0.955,1,-4.182288691281983,0.3626243267137152,0.5679350462830312,0.8571428571428571,22.0,0.9,26.12183436002738,0.9439082819986312,0.7004392999192259,0.7258389328729294,0.1612975406384287,0.7483511491966346,0.7258389328729294,0.0225122163237051,GIEDRAITIS DOVYDAS,Dovydas Giedraitis,5.944444444444445,0.8571428571428571,ZAL,False,True,117.3518323361427,6,0.11033723555387696,29.957539682539682,31.54874361300777,2.0,thin,-0.53,-0.34,-0.92,2,0.013
4012,Giampaolo,Ricci,Forward,Armani Olimpia Milan,MIL,Partizan Mozzart Bet Belgrade,PAR,away,4.5,0.035,False,194.0,0.7919003437432974,11.12881761043486,12.723155758057937,12.723155758057937,7.636823351552805,0.2752637256422384,0.241297496273497,0.3139051023214081,83.57377072261507,1.0144890730469769,0.955,1,-2.133590616966191,0.4288536922730516,0.920301079638106,4.421052631578948,38.0,4.642105263157895,35.011635865845314,0.4994182067077343,2.926616511513456,3.052125541196438,0.6782501202658752,3.187386933077561,3.052125541196438,0.1352613918811234,RICCI GIAMPAOLO,Giampaolo Ricci,16.416666666666668,4.421052631578948,MIL,False,True,46.58485098033451,3,0.21452678074614384,46.76491228070175,34.74876861603107,1.0,thin,0.05,0.92,-0.08,3,0.035
4061,Eleftherios,Mantzoukas,Forward,Panathinaikos AKTOR Athens,PAO,Paris Basketball,PBB,home,4.5,0.003,False,69.0,0.4748202721651595,11.12881761043486,8.037988110729682,9.932080880857516,1.3974485933437386,0.1999881073580765,0.1753931939702895,0.141835300317129,88.49288762446658,1.0676155355869732,1.045,1,3.381689824450132,0.6118620992637143,0.2451029721958466,,,,23.23340177960301,1.0,0.2734511492768951,0.2901825887011587,0.0644850197113686,0.2809799455392615,0.2901825887011587,-0.0092026431618971,MANTZOUKAS ELEFTHERIOS,Eleftherios Mantzoukas,,,,False,False,135.3549660920017,8,0.056055669927585414,35.55227272727272,46.821222213168895,5.0,deep,,-0.66,-1.18,1,0.003
4165,Tomer,Ginat,Forward,Hapoel IBI Tel Aviv,HTA,FC Bayern Munich,BAY,home,4.5,0.003,False,104.0,0.711817156815415,11.12881761043486,14.095114487834996,14.095114487834996,4.342754042286344,0.2355220666563483,0.316084571704369,0.5905866964775109,81.9984540697545,0.9974756531960828,1.045,1,8.766135192749648,0.7693323947529245,0.8991930531401162,1.0238095238095235,19.0,1.075,31.89869952087611,0.6550650239561944,1.0152220095076152,1.0933263274856522,0.2429614061079227,1.040192310165363,1.0933263274856522,-0.0531340173202892,GINAT TOMER,Tomer Ginat,3.267857142857143,1.0238095238095237,HTA,False,True,94.7831573330142,5,0.1294575515583809,30.6968253968254,43.452654200427176,4.0,deep,-0.55,-0.1,-0.24,2,0.003
7228,Klemen,Prepelic,Guard,Dubai Basketball,DUB,Real Madrid,RMB,home,4.5,0.015,False,142.0,0.7408787417011813,11.12881761043486,13.870965209284044,13.870965209284044,4.300688553089463,0.2350145629672079,0.3393025318286498,0.290100718585123,80.18097815455228,0.9778469133118988,1.045,1,2.445666286151155,0.581416350337684,0.8064742702738448,2.3684210526315788,35.0,2.486842105263158,33.946611909650926,0.5526694045174536,1.781740967374617,1.8853343004244247,0.4189631778720945,1.8471838612106344,1.8853343004244247,-0.038150439213791,PREPELIC KLEMEN,Klemen Prepelic,9.555263157894737,2.3684210526315788,DUB,False,False,96.54021356705385,5,0.12563007987970795,13.350877192982457,42.18550382311964,6.0,deep,-0.3,-0.39,-0.32,1,0.015
7239,Izan,Almansa,Forward,Real Madrid,RMB,Dubai Basketball,DUB,away,4.5,0.002,False,3.0,0.0200601846369935,11.12881761043486,9.516069506887856,9.516069506887856,1.4265366218323925,0.2003390430550019,0.1921554606460272,0.2886597938144329,88.00000000000001,1.0622923492427343,0.955,1,-2.445666286151155,0.418583649662316,0.2741168016966309,-0.0454545454545454,5.0,-0.0477272727272727,21.31690622861054,1.0,0.0835675261379598,0.0870655261463676,0.0193478946991928,0.086023294025956,0.0870655261463676,-0.0010422321204115,ALMANSA IZAN,Izan Almansa,0.21893939393939393,-0.045454545454545456,RMB,False,False,136.60488293885243,9,0.06512460634570184,46.46401515151515,39.52894111348701,4.0,deep,-1.5,-0.4,-0.97,1,0.002
7241,Gur,Lavy,Forward,Maccabi Rapyd Tel Aviv,MTA,LDLC ASVEL Villeurbanne,ASV,away,4.5,0.001,True,,0.0,11.12881761043486,11.12881761043486,0.0,0.0,0.1831284361633178,0.1831284361633177,0.35,83.80559424073098,1.0169927670426289,0.955,0,0.7783277526979853,0.5260745044859986,0.0,,,,,0.9,0.0,0.0,0.0,0.0,0.0,0.0,LAVY GUR,Gur Lavy,,,,False,True,99.6362047457877,6,0.10047230952244432,4.442105263157895,36.68846303064842,3.0,deep,,-0.83,-1.23,2,0.001
9063,Amit,Ebo,Guard,Maccabi Rapyd Tel Aviv,MTA,LDLC ASVEL Villeurbanne,ASV,away,4.5,0.002,False,0.0,0.0,11.12881761043486,9.870348213245997,9.870348213245997,2.1603991667420024,0.2091928078863222,0.2091928078863222,0.3104212860310421,83.80559424073098,1.0169927670426289,0.955,1,0.7783277526979853,0.5260745044859986,0.4070398403081445,0.0,3.0,0.0,26.98699520876112,0.9006502395619439,0.1581314110737796,0.1664503014462106,0.0369889558769357,0.1697604788962062,0.1664503014462106,0.0033101774499956,EBO AMIT,Amit Ebo,0.0,0.0,MTA,False,True,86.5281316653085,6,0.10239111888155226,44.842543859649126,36.68846303064842,3.0,deep,-0.7,0.45,-0.43,2,0.002
11541,Alvaro,Cardenas,Guard,Valencia Basket,VBC,Besiktas Istanbul,BJK,away,4.5,0.027,False,,0.0,11.12881761043486,11.12881761043486,11.12881761043486,1.871874521062684,0.2057118707835854,0.2057118707835855,0.35,,1.0,0.955,1,-1.8206091954137984,0.4392021464079386,0.3465601286399394,,,,,0.9,0.3309649228511421,0.345500973301338,0.076777994066964,0.3683416826198879,0.345500973301338,0.0228407093185499,CARDENAS ALVARO,Alvaro Cardenas,,,,False,False,110.24280216023665,7,0.0916920910461809,68.62651515151515,30.76560469937195,2.0,thin,,0.63,-0.36,1,0.027
3983,Dejan,Davidovac,Forward,Crvena Zvezda Meridianbet Belgrade,CZV,Zalgiris Kaunas,ZAL,home,4.4,0.022,False,173.0,0.7948475097420903,10.92587224063053,14.348465788023685,14.348465788023685,4.728137918463996,0.2401715725251618,0.3203871263708737,0.2707117740496832,79.86923629161679,0.9744801011921956,1.045,1,4.182288691281983,0.6373756732862847,1.0070383492877248,1.871794871794872,31.0,1.9653846153846155,31.704312114989733,0.6647843942505134,1.5538644707533769,1.6529040120775838,0.3756600027449053,1.670059601285968,1.6529040120775838,0.0171555892083843,DAVIDOVAC DEJAN,Dejan Davidovac,7.666666666666667,1.8717948717948718,CZV,False,False,90.09542323960264,5,0.1373796583180505,23.16111111111111,40.757368672423816,3.0,deep,-0.45,-0.2,-0.27,1,0.022
3986,Niels,Giffey,Forward,FC Bayern Munich,BAY,Hapoel IBI Tel Aviv,HTA,away,4.4,0.029,False,218.0,0.8225712513387724,10.92587224063053,15.111348623760508,15.111348623760508,5.120564320798892,0.2449060437200396,0.2993267539709646,0.204703276643033,85.40476190476191,1.034263777814163,0.955,1,-8.766135192749648,0.2306676052470754,0.7421794016296976,3.1052631578947367,34.0,3.2605263157894737,35.31553730321698,0.4842231348391511,2.13350861215218,2.182721744386095,0.4960731237241124,2.211626899986578,2.182721744386095,0.0289051556004831,GIFFEY NIELS,Niels Giffey,11.132017543859648,3.1052631578947367,BAY,False,False,85.2854073125553,4,0.15051630386689008,21.794298245614034,27.43830246639978,0.0,thin,-0.27,-0.15,-0.34,1,0.029
4007,Erkan,Yilmaz,Forward,Anadolu Efes Istanbul,EFS,FC Barcelona,BAR,away,4.4,0.007,False,82.0,0.554869608665602,10.92587224063053,8.055236073533715,8.055236073533715,2.548522299397036,0.2138753618141103,0.2566986797703251,0.2116324569159956,79.57930869110298,0.9713488831066464,0.955,1,-3.238390640548716,0.3927596216582184,0.5290262277214808,1.0,33.0,1.05,28.826830937713893,0.8086584531143053,0.7528808815548966,0.7824510025742174,0.1778297733123221,0.8148189719603547,0.7824510025742174,0.0323679693861372,YILMAZ ERKAN,Erkan Yilmaz,5.36359649122807,1.0,EFS,False,True,88.05871246739954,6,0.08380923056244151,24.596491228070178,31.667246603489886,1.0,thin,-1.2,-0.26,-0.6,2,0.007
4088,Berk,Ugurlu,Guard,Besiktas Istanbul,BJK,Valencia Basket,VBC,home,4.4,0.011,False,78.0,0.6441012299219431,10.92587224063053,13.10435926206952,13.10435926206952,4.65974623641624,0.2393464536068174,0.2579176253602362,0.3886544513669234,83.59465633667503,1.0147146376788243,1.045,1,1.8206091954137984,0.5607978535920614,0.8756253741728864,,,,30.428473648186174,0.7285763175906913,0.9284928290895555,0.98056250765246,0.222855115375559,0.9375283307394788,0.98056250765246,-0.0430341769129811,UGURLU BERK,Berk Ugurlu,,,,False,False,76.4155901849849,5,0.14638479292059864,0.0,27.41186290070354,0.0,thin,,-0.38,-0.65,1,0.011
11524,Nikolaos,Plotas,Guard,Olympiacos Piraeus,OLY,Kosner Baskonia Vitoria-Gasteiz,KBA,away,4.4,0.003,False,6.0,0.0143600634883125,10.92587224063053,8.23896125675028,8.23896125675028,1.2264996487315585,0.1979256751434101,0.1936398794617425,0.2570714237488801,84.59918244028657,1.0255635195978292,0.955,1,4.217236513868823,0.6384765448775318,0.2374992441402485,,,,22.302532511978097,1.0,0.232609885489794,0.2474614810889821,0.0562412457020414,0.2445627285111522,0.2474614810889821,-0.0028987525778298,PLOTAS NIKOLAOS,Nikolaos Plotas,,,,False,True,144.57857392926977,8,0.05391371642476269,21.52015503875969,48.988140015097606,5.0,deep,,-1.11,-1.28,2,0.003
11548,Tommaso,Baldasso,Guard,Virtus Bologna,VIR,Fenerbahce Tarfin Istanbul,FBT,away,4.4,0.004,False,7.0,0.0559347313512071,10.92587224063053,8.662797084993896,8.662797084993896,1.4788058686480043,0.2009696510924685,0.2014326569516271,0.2503523233952961,79.64752553076217,0.9720856249749656,0.955,1,-6.715750981453553,0.2862583806159248,0.2432073331615086,,,,28.670773442847366,0.8164613278576317,0.2257795265943338,0.2322426547602462,0.0527824215364196,0.2412917894132669,0.2322426547602462,0.0090491346530207,BALDASSO TOMMASO,Tommaso Baldasso,,,,False,False,119.1384689478383,8,0.0677833432633478,74.17587719298245,29.455473509825026,1.0,thin,,0.57,-0.4,1,0.004
3867,Kostas,Papanikolaou,Forward,Olympiacos Piraeus,OLY,Kosner Baskonia Vitoria-Gasteiz,KBA,away,4.3,0.091,False,257.0,0.8799201400195373,10.721473209879516,19.521196166841595,19.521196166841595,8.302967707882033,0.2833004969907158,0.3182347374887624,0.746109661465225,84.59918244028657,1.0255635195978292,0.955,1,4.217236513868823,0.6384765448775318,1.166605706827549,1.9069767441860463,38.0,2.002325581395349,36.16974674880219,0.4415126625598905,1.5776664661197113,1.678396769545437,0.3903248301268458,1.6587361058294874,1.678396769545437,-0.0196606637159495,PAPANIKOLAOU KOSTAS,Kostas Papanikolaou,11.982170542635659,1.9069767441860466,OLY,False,True,64.58330492062528,3,0.2321064379959875,15.184108527131782,48.988140015097606,5.0,deep,0.54,0.07,-0.15,2,0.091
4378,William,Rayman,Forward,Maccabi Rapyd Tel Aviv,MTA,LDLC ASVEL Villeurbanne,ASV,away,4.3,0.027,False,71.0,0.6220437621354464,10.721473209879516,11.462101290749892,15.825847548149405,7.433845683020012,0.2728148793894017,0.2611733841224465,0.3576189381751322,83.80559424073098,1.0169927670426289,0.955,1,0.7783277526979853,0.5260745044859986,1.504646818915292,2.763157894736842,38.0,2.901315789473684,29.50034223134839,0.7749828884325805,2.194736046815564,2.310195514646169,0.5372547708479464,2.356138099497144,2.310195514646169,0.0459425848509749,RAYMAN WILLIAM,William Rayman,11.973245614035088,2.763157894736842,MTA,False,True,99.30292106547267,5,0.10348123484223694,4.442105263157895,36.68846303064842,3.0,deep,-0.87,-0.82,-0.86,2,0.027
3997,Stefano,Tonut,Guard,Armani Olimpia Milan,MIL,Partizan Mozzart Bet Belgrade,PAR,away,4.2,0.02,False,125.0,0.7340111257603225,10.515620518181828,12.449743161004054,12.449743161004054,2.580227147096038,0.2142578684122286,0.2807803367773416,0.250012775269579,83.57377072261507,1.0144890730469769,0.955,1,-2.133590616966191,0.4288536922730516,0.4383805158702845,0.3684210526315789,20.0,0.3868421052631579,32.89801505817933,0.6050992470910334,0.3840516996338631,0.4005218985750354,0.0953623568035798,0.4182718727320265,0.4005218985750354,0.0177499741569911,TONUT STEFANO,Stefano Tonut,2.3605263157894734,0.3684210526315789,MIL,False,True,133.17199889851827,7,0.08549371120636141,57.79210526315789,34.74876861603107,1.0,thin,-0.97,0.01,-0.36,2,0.02
4038,Dimitris,Moraitis,Guard,Panathinaikos AKTOR Athens,PAO,Paris Basketball,PBB,home,4.2,0.006,False,8.0,0.0324718228961038,10.515620518181828,5.889328510524934,7.533468975044949,1.5142324796444764,0.2013970593104094,0.2179256202312853,0.1842578029889248,88.49288762446658,1.0676155355869732,1.045,1,3.381689824450132,0.6118620992637143,0.2861381914834834,,,,27.65776865160849,0.8671115674195755,0.3192324295873908,0.3387650520394304,0.0806583457236739,0.328021699367603,0.3387650520394304,-0.0107433526718274,MORAITIS DIMITRIS,Dimitris Moraitis,,,,False,False,124.5255260796119,7,0.045158417950422185,20.42878787878788,46.821222213168895,5.0,deep,,-0.84,-1.04,1,0.006
7230,Awudu,Abass,Forward,Dubai Basketball,DUB,Real Madrid,RMB,home,4.2,0.026,False,113.0,0.7071207838234758,10.515620518181828,12.8672516185329,12.8672516185329,1.8617608141623967,0.2055898528619881,0.2236982085394648,0.332159448354648,80.18097815455228,0.9778469133118988,1.045,1,2.445666286151155,0.581416350337684,0.2358158277306907,1.921052631578948,36.0,2.017105263157895,33.67556468172484,0.5662217659137578,1.2742039708134183,1.3482882730430308,0.3210210173911978,1.3210051594902692,1.3482882730430308,-0.0272831135527615,ABASS AWUDU,Awudu Abass,13.360964912280702,1.9210526315789473,DUB,False,False,137.58152063928287,7,0.08552580008086073,0.3364035087719298,42.18550382311964,6.0,deep,-1.1,-1.42,-1.33,1,0.026
8623,Kosta,Kondic,Guard,Dubai Basketball,DUB,Real Madrid,RMB,home,4.2,0.016,False,16.0,0.28549525598621,10.515620518181828,10.003803883701886,10.003803883701886,2.0677842385566905,0.2080754449690972,0.2397702474049584,0.2581081081081081,80.18097815455228,0.9778469133118988,1.045,1,2.445666286151155,0.581416350337684,0.4919414942962463,1.5789473684210529,20.0,1.6578947368421053,25.155373032169745,0.9922313483915128,1.169144615360928,1.2371205948889386,0.2945525225926044,1.2120870005577822,1.2371205948889386,-0.0250335943311563,KONDIC KOSTA,Kosta Kondic,4.948245614035088,1.5789473684210527,DUB,False,False,100.407374892636,6,0.09060499122074214,13.350877192982457,42.18550382311964,6.0,deep,-0.84,-0.53,-0.8,1,0.016
11542,Lucas,Mari,Guard,Valencia Basket,VBC,Besiktas Istanbul,BJK,away,4.2,0.008,False,5.0,0.0155828251071846,10.515620518181828,8.434898801507435,8.434898801507435,1.418755586350828,0.2002451679025285,0.1950088392811859,0.2725403657832384,,1.0,0.955,1,-1.8206091954137984,0.4392021464079386,0.2766698801179733,,,,20.947296372347708,1.0,0.2642197355126645,0.2758243230087144,0.0656724578592177,0.2940587815823901,0.2758243230087144,0.0182344585736757,MARI LUCAS,Lucas Mari,,,,False,False,112.93672096916409,8,0.06949646727501006,68.62651515151515,30.76560469937195,2.0,thin,,0.54,-0.45,1,0.008
3916,Gabriele,Procida,Forward,Real Madrid,RMB,Dubai Basketball,DUB,away,4.1,0.08,False,86.0,0.6905512712913616,10.308314165537452,13.881503230949283,13.881503230949283,2.080950828564308,0.208234294732403,0.3204976094095655,0.3039980127545971,88.00000000000001,1.0622923492427343,0.955,1,-2.445666286151155,0.418583649662316,0.6669397658537153,0.1590909090909091,12.0,0.1670454545454545,24.33401779603012,1.0,0.3674788789134086,0.3828609439443477,0.0933807180352067,0.3782778443974722,0.3828609439443477,-0.0045830995468754,PROCIDA GABRIELE,Gabriele Procida,0.9068181818181817,0.1590909090909091,RMB,False,False,132.23944921479102,7,0.0950000872469262,46.46401515151515,39.52894111348701,4.0,deep,-0.97,-0.25,-0.29,1,0.08
3976,Arijan,Lakic,Forward,Partizan Mozzart Bet Belgrade,PAR,Armani Olimpia Milan,MIL,home,4.0,0.256,False,36.0,0.4806785929549074,10.099554151946403,9.069292332286151,9.069292332286151,4.260680431465995,0.2345318806138788,0.215599855384851,0.1762817972898011,81.57101133892995,0.9928592717031776,1.045,1,2.133590616966191,0.5711463077269484,0.840668663633762,1.7894736842105263,32.0,1.8789473684210527,26.69678302532512,0.915160848733744,1.4628783558867493,1.5464301130485878,0.3866075282621469,1.4776001320804044,1.5464301130485878,-0.0688299809681833,LAKIC ARIJAN,Arijan Lakic,8.644736842105264,1.7894736842105263,PAR,False,True,50.60538244517052,4,0.15197891511110945,91.91929824561403,28.487721241744293,2.0,thin,-0.58,1.83,0.25,2,0.256
4000,Melih,Mahmutoglu,Guard,Fenerbahce Tarfin Istanbul,FBT,Virtus Bologna,VIR,home,4.0,0.051,False,144.0,0.6225822441931858,10.099554151946403,7.507290924812953,7.507290924812953,1.1108013367354588,0.1965298202208505,0.2067977403103129,0.1512924657008029,84.08511383883945,1.0200115787022004,1.045,1,6.715750981453553,0.7137416193840752,0.098904746315815,0.0232558139534883,15.0,0.0244186046511627,36.38877481177276,0.4305612594113622,0.0570426984174956,0.0611140732117497,0.0152785183029374,0.0600291705604396,0.0611140732117497,-0.00108490265131,MAHMUTOGLU MELIH,Melih Mahmutoglu,0.9717054263565891,0.023255813953488372,FBT,False,True,122.89048488514344,7,0.057572231414086295,38.52131782945737,41.842645519558225,5.0,deep,-1.43,-0.36,-0.85,2,0.051
4003,Enzo,Shahrvin,Center,Paris Basketball,PBB,Panathinaikos AKTOR Athens,PAO,away,4.0,0.085,False,26.0,0.2804908982247212,10.099554151946403,8.19169049390576,8.19169049390576,2.7312381469652043,0.2160797571147632,0.2635573778588687,0.1602059791160063,82.41060349139468,1.001926866949797,0.955,1,-3.381689824450132,0.3881379007362857,0.7198379643222647,0.631578947368421,13.0,0.6631578947368421,23.630390143737166,1.0,0.6381000084383136,0.6628670882118188,0.1657167720529547,0.7126141528936465,0.6628670882118188,0.0497470646818276,SHAHRVIN ENZO,Enzo Shahrvin,2.496052631578947,0.631578947368421,PBB,False,False,33.26329911379648,3,0.19760445175419278,2.1912280701754385,33.28933581840373,1.0,thin,-1.17,-0.49,-0.9,1,0.085
4009,Ousmane,Diop,Center,Armani Olimpia Milan,MIL,Partizan Mozzart Bet Belgrade,PAR,away,4.0,0.163,False,20.0,0.2406620414547902,10.099554151946403,7.384260760415403,7.384260760415403,2.591880177748375,0.2143984576733696,0.2575188057689712,0.1734516255825706,83.57377072261507,1.0144890730469769,0.955,1,-2.133590616966191,0.4288536922730516,0.6135724274965463,0.1578947368421052,11.0,0.1657894736842105,26.61464750171116,0.919267624914442,0.3295652478992168,0.3436987752398631,0.0859246938099657,0.358930512630507,0.3436987752398631,0.0152317373906439,DIOP OUSMANE,Ousmane Diop,0.35043859649122805,0.15789473684210525,MIL,False,True,42.92704738626797,3,0.14677139260395455,20.09298245614035,34.74876861603107,1.0,thin,-1.5,-0.25,-0.8,2,0.163
4013,Diego,Flaccadori,Guard,Armani Olimpia Milan,MIL,Partizan Mozzart Bet Belgrade,PAR,away,4.0,0.036,False,129.0,0.6616765119936142,10.099554151946403,8.996388201451806,8.996388201451806,1.4736110316299635,0.2009069774138432,0.215574120979644,0.260052545274437,83.57377072261507,1.0144890730469769,0.955,1,-2.133590616966191,0.4288536922730516,0.2304918758372679,0.1578947368421052,14.0,0.1657894736842105,30.48870636550308,0.725564681724846,0.1811081930047511,0.1888750847318499,0.0472187711829624,0.1972454831665356,0.1888750847318499,0.0083703984346857,FLACCADORI DIEGO,Diego Flaccadori,1.086842105263158,0.15789473684210525,MIL,False,True,136.62535385807053,8,0.061779155188066405,57.79210526315789,34.74876861603107,1.0,thin,-1.4,-0.11,-0.69,2,0.036
4016,Nicola,Akele,Forward,Armani Olimpia Milan,MIL,Partizan Mozzart Bet Belgrade,PAR,away,4.0,0.086,False,63.0,0.5382990293144695,10.099554151946403,9.388872538937315,9.388872538937315,4.394000232770532,0.2361403319189581,0.2642112181141329,0.2581566027337509,83.57377072261507,1.0144890730469769,0.955,1,-2.133590616966191,0.4288536922730516,0.818501386528818,2.263157894736842,29.0,2.376315789473684,30.899383983572896,0.7050308008213552,1.632776543425555,1.702798768356043,0.4256996920890107,1.7782618934446048,1.702798768356043,0.0754631250885617,AKELE NICOLA,Nicola Akele,7.03421052631579,2.263157894736842,VIR,True,True,49.91913419945513,4,0.15830699858708155,46.76491228070175,34.74876861603107,1.0,thin,-0.52,0.81,-0.03,1,0.086
4019,Panagiotis,Kalaitzakis,Guard,Panathinaikos AKTOR Athens,PAO,Paris Basketball,PBB,home,4.0,0.008,False,132.0,0.6261607420890454,10.099554151946403,6.897391539777081,8.82295580570639,2.6601303380403256,0.215221869187033,0.2437103857044132,0.2212623652879583,88.49288762446658,1.0676155355869732,1.045,1,3.381689824450132,0.6118620992637143,0.5593097111003905,0.5909090909090909,33.0,0.6204545454545455,27.745379876796715,0.8627310061601643,0.645150949907107,0.6846252913623211,0.1711563228405802,0.6629135743216215,0.6846252913623211,-0.0217117170406996,KALAITZAKIS PANAGIOTIS,Panagiotis Kalaitzakis,3.018939393939394,0.5909090909090909,PAO,False,False,123.51746305035975,6,0.05288808212418714,20.42878787878788,46.821222213168895,5.0,deep,-1.5,-0.8,-0.92,1,0.008
4023,Mitar,Bosnjakovic,Guard,Partizan Mozzart Bet Belgrade,PAR,Armani Olimpia Milan,MIL,home,4.0,0.02,False,7.0,0.0779828646957141,10.099554151946403,4.951653537125349,4.951653537125349,0.8141864210147165,0.1929512771715158,0.1862313510842011,0.19249343832021,81.57101133892995,0.9928592717031776,1.045,1,2.133590616966191,0.5711463077269484,0.1516270372199808,0.0,24.0,0.0,20.10403832991102,1.0,0.0629275214733016,0.06652160362769,0.0166304009069225,0.0635607968812146,0.06652160362769,-0.0029608067464753,BOSNJAKOVIC MITAR,Mitar Bosnjakovic,0.2473684210526316,0.0,PAR,False,True,119.25373723465299,7,0.03986665559648521,46.35175438596491,28.487721241744293,2.0,thin,-1.7,-0.16,-0.83,2,0.02
4026,Burakcan,Yildizli,Forward,Anadolu Efes Istanbul,EFS,FC Barcelona,BAR,away,4.0,0.02,False,9.0,0.1284098083280817,10.099554151946403,8.353071635892068,8.353071635892068,1.761834508486195,0.2043842810324178,0.1940113886819806,0.3086128754077701,79.57930869110298,0.9713488831066464,0.955,1,-3.238390640548716,0.3927596216582184,0.2146000608903143,0.0,1.0,0.0,32.4435318275154,0.62782340862423,0.0796284842538824,0.0827559695887596,0.0206889923971899,0.0861793694966855,0.0827559695887596,0.0034233999079259,YILDIZLI BURAKCAN,Burakcan Yildizli,0.0,0.0,EFS,False,True,87.7608769050412,5,0.08690800620197847,24.596491228070178,31.667246603489886,1.0,thin,-1.18,-0.25,-0.89,2,0.02
4036,Mert,Eksioglu,Guard,Fenerbahce Tarfin Istanbul,FBT,Virtus Bologna,VIR,home,4.0,0.004,False,3.0,0.0172480139452506,10.099554151946403,8.588920267334899,8.588920267334899,1.81548923756172,0.2050316043719424,0.2014952164005181,0.2876515307170741,84.08511383883945,1.0200115787022004,1.045,1,6.715750981453553,0.7137416193840752,0.3658123967953104,,,,24.744695414099933,1.0,0.3899238599804012,0.4177543487062913,0.1044385871765728,0.4103383350667257,0.4177543487062913,-0.0074160136395655,EKSIOGLU MERT,Mert Eksioglu,,,,False,True,121.80885554262149,6,0.06586707644348563,38.52131782945737,41.842645519558225,5.0,deep,,-0.32,-0.85,2,0.004
4174,Guy,Palatin,Guard,Hapoel IBI Tel Aviv,HTA,FC Bayern Munich,BAY,home,4.0,0.006,False,27.0,0.1490237939049432,10.099554151946403,5.5923420332119385,5.944213650407013,0.854668734880145,0.193439680468943,0.1961076300662459,0.1438996813649913,81.9984540697545,0.9974756531960828,1.045,1,8.766135192749648,0.7693323947529245,0.1591005142262255,0.0238095238095238,15.0,0.025,26.015058179329227,0.9492470910335388,0.0812270222859829,0.0874760802433753,0.0218690200608438,0.0832248741341695,0.0874760802433753,-0.0042512061092057,PALATIN GUY,Guy Palatin,0.5158730158730159,0.023809523809523808,HTA,False,True,183.48552720613316,11,0.029576925399623828,24.15039682539682,43.452654200427176,4.0,deep,-2.24,-1.75,-1.59,2,0.006
4175,Oz,Blayzer,Forward,Hapoel IBI Tel Aviv,HTA,FC Bayern Munich,BAY,home,4.0,0.01,False,72.0,0.4102829484236437,10.099554151946403,7.362155441095925,7.362155441095925,1.5122038835680114,0.2013725850914656,0.1978673639561311,0.1665594397337838,81.9984540697545,0.9974756531960828,1.045,1,8.766135192749648,0.7693323947529245,0.1682346446223657,0.0,3.0,0.0,33.75496235455168,0.5622518822724161,0.0701445641305903,0.075541012680739,0.0188852531701847,0.0718698329283944,0.075541012680739,-0.0036711797523445,BLAYZER OZ,Oz Blayzer,0.0,0.0,HTA,False,True,101.51611637975327,6,0.06761822462804869,30.6968253968254,43.452654200427176,4.0,deep,-1.44,-0.32,-0.9,2,0.01
4551,Bar,Timor,Guard,Hapoel IBI Tel Aviv,HTA,FC Bayern Munich,BAY,home,4.0,0.011,False,71.0,0.6155548407445399,10.099554151946403,10.490780556228186,11.150863201037112,1.6032893003769122,0.2024714950516246,0.2328409745956672,0.2368613516186422,81.9984540697545,0.9974756531960828,1.045,1,8.766135192749648,0.7693323947529245,0.1944617891115204,0.4285714285714285,26.0,0.45,34.58179329226557,0.5209103353867213,0.3491157939143355,0.3759744028921539,0.0939936007230384,0.3577026116318091,0.3759744028921539,-0.0182717912603447,TIMOR BAR,Bar Timor,1.3765873015873016,0.42857142857142855,HTA,False,True,178.58708868311692,10,0.055483915692684176,24.15039682539682,43.452654200427176,4.0,deep,-1.66,-1.58,-1.35,2,0.011
7245,David,Mutaf,Guard,Anadolu Efes Istanbul,EFS,FC Barcelona,BAR,away,4.0,0.009,False,23.0,0.1850826076875416,10.099554151946403,6.0989785647042245,6.0989785647042245,0.9004799622392039,0.1939923750252802,0.2013123721399652,0.2178522712183423,79.57930869110298,0.9713488831066464,0.955,1,-3.238390640548716,0.3927596216582184,0.1812777572628804,0.2894736842105263,20.0,0.3039473684210526,24.2984257357974,1.0,0.2283801733049985,0.2373500243511495,0.0593375060877873,0.2471685795024903,0.2373500243511495,0.0098185551513408,MUTAF DAVID,David Mutaf,1.3096491228070175,0.2894736842105263,EFS,False,True,138.9999211482188,8,0.04203325164264514,79.56973684210527,31.667246603489886,1.0,thin,-1.76,0.31,-0.54,2,0.009
7246,Stefan,Miljenovic,Guard,Crvena Zvezda Meridianbet Belgrade,CZV,Zalgiris Kaunas,ZAL,home,4.0,0.079,False,13.0,0.1598212519713568,10.099554151946403,6.605231584455932,6.605231584455932,1.0157328531732217,0.1953828561167839,0.2141471589461643,0.2672209026128266,79.86923629161679,0.9744801011921956,1.045,1,4.182288691281983,0.6373756732862847,0.2163029181134679,0.717948717948718,26.0,0.7538461538461538,25.111567419575632,0.9944216290212184,0.5267732133761726,0.5603484565306543,0.1400871141326636,0.5661643465421433,0.5603484565306543,0.0058158900114889,MILJENOVIC STEFAN,Stefan Miljenovic,2.295299145299145,0.717948717948718,CZV,False,False,113.73078729580776,8,0.05488989619166516,39.900000000000006,40.757368672423816,3.0,deep,-1.43,-0.19,-0.73,1,0.079
7248,Nemanja,Dangubic,Forward,Dubai Basketball,DUB,Real Madrid,RMB,home,4.0,0.078,False,91.0,0.5518292684429471,10.099554151946403,9.64656256544962,9.64656256544962,1.3957597712515788,0.1999677323794792,0.1855882336118213,0.2565798646829043,80.18097815455228,0.9778469133118988,1.045,1,2.445666286151155,0.581416350337684,0.1493671291313106,0.2105263157894736,26.0,0.2210526315789473,33.46748802190281,0.5766255989048594,0.190128114376779,0.2011824738125323,0.050295618453133,0.1971114717964244,0.2011824738125323,-0.0040710020161078,DANGUBIC NEMANJA,Nemanja Dangubic,2.825438596491228,0.21052631578947367,DUB,False,False,140.80220969236615,8,0.06411858615182872,0.3364035087719298,42.18550382311964,6.0,deep,-1.52,-1.52,-1.56,1,0.078
7250,Ioannis,Kouzeloglou,Forward,Panathinaikos AKTOR Athens,PAO,Paris Basketball,PBB,home,4.0,0.023,False,3.0,0.0347005057767141,10.099554151946403,9.24659186776046,11.425483222634336,2.7611977584270084,0.2164412081196693,0.2089305887269938,0.2991452991452991,88.49288762446658,1.0676155355869732,1.045,1,3.381689824450132,0.6118620992637143,0.3893572462476633,0.0,4.0,0.0,31.50171115674196,0.6749144421629021,0.1737558472047198,0.1843873089477223,0.0460968272369305,0.1785397816531889,0.1843873089477223,-0.0058475272945333,KOUZELOGLOU IOANNIS,Ioannis Kouzeloglou,0.3844696969696969,0.0,PAO,False,False,134.14636233497092,7,0.06448428320046655,35.55227272727272,46.821222213168895,5.0,deep,-1.51,-0.62,-1.0,1,0.023
7254,Itay,Segev,Center,Hapoel IBI Tel Aviv,HTA,FC Bayern Munich,BAY,home,4.0,0.027,False,1.0,0.0062996462012698,10.099554151946403,9.069929772605828,9.069929772605828,2.7944770663077656,0.2168427099646254,0.211253451106879,0.3104212860310421,81.9984540697545,0.9974756531960828,1.045,1,8.766135192749648,0.7693323947529245,0.4044919810862791,-0.0476190476190476,3.0,-0.05,31.29637234770705,0.6851813826146476,0.1388690643994872,0.1495527113866428,0.0373881778466607,0.1422846742440739,0.1495527113866428,-0.0072680371425688,SEGEV ITAY,Itay Segev,0.07103174603174603,-0.047619047619047616,HTA,False,True,33.943001052448146,3,0.21086518864515083,12.199603174603174,43.452654200427176,4.0,deep,-1.07,-0.19,-0.95,2,0.027
7255,Omiros,Netzipoglou,Guard,Olympiacos Piraeus,OLY,Kosner Baskonia Vitoria-Gasteiz,KBA,away,4.0,0.015,False,4.0,0.029958126525795,10.099554151946403,7.303046554421172,7.303046554421172,1.0871739476052342,0.196244765003919,0.1821202835793759,0.2385008517887563,84.59918244028657,1.0255635195978292,0.955,1,4.217236513868823,0.6384765448775318,0.1979964276379748,-0.0930232558139534,11.0,-0.0976744186046511,23.86858316221766,1.0,0.0229032022149425,0.0243655179566253,0.0060913794891563,0.0240801013832009,0.0243655179566253,-0.0002854165734243,NETZIPOGLOU OMIROS,Omiros Netzipoglou,0.33798449612403103,-0.09302325581395349,OLY,False,True,145.51448863159888,9,0.04778932303502605,21.52015503875969,48.988140015097606,5.0,deep,-1.69,-1.14,-1.34,2,0.015
8644,Stefan,Joksimovic,Forward,Kosner Baskonia Vitoria-Gasteiz,KBA,Olympiacos Piraeus,OLY,home,4.0,0.072,False,11.0,0.1219356927652988,10.099554151946403,8.294318294329408,8.294318294329408,4.1749440709861565,0.2334975049280679,0.1956963916413264,0.3349436392914654,78.91970211455063,0.9642251320798813,1.045,1,-4.217236513868823,0.3615234551224682,0.8170214899963407,-0.131578947368421,13.0,-0.1381578947368421,17.872689938398356,1.0,0.2497487560188077,0.2587777593376535,0.0646944398344133,0.2608756780668614,0.2587777593376535,0.0020979187292078,JOKSIMOVIC STEFAN,Stefan Joksimovic,1.719736842105263,-0.13157894736842105,KBA,False,True,49.55466634095928,4,0.1433788051185562,31.9140350877193,27.031493496639413,1.0,thin,-0.72,0.45,-0.53,2,0.072
8681,Aleksej,Nedeljkovic,Forward,Crvena Zvezda Meridianbet Belgrade,CZV,Zalgiris Kaunas,ZAL,home,4.0,0.034,False,0.0,0.0,10.099554151946403,8.32952919748157,8.32952919748157,1.8298431541225708,0.2052047787661389,0.2052047787661389,0.2886597938144329,79.86923629161679,0.9744801011921956,1.045,1,4.182288691281983,0.6373756732862847,0.375492559618456,0.0,5.0,0.0,18.40657084188912,1.0,0.1529503914924541,0.1626990773681445,0.0406747693420361,0.1643877407844808,0.1626990773681445,0.0016886634163363,NEDELJKOVIC ALEKSEJ,Aleksej Nedeljkovic,0.0,0.0,CZV,False,False,96.11435983014475,6,0.07975123556801238,23.16111111111111,40.757368672423816,3.0,deep,-1.27,-0.4,-0.91,1,0.034
8770,Ruzgar,Fenemen,Guard,Anadolu Efes Istanbul,EFS,FC Barcelona,BAR,away,4.0,0.009,False,0.0,0.0,10.099554151946403,9.687821728485758,9.687821728485758,1.4303525175071763,0.2003850803451726,0.2003850803451726,0.3357314148681055,79.57930869110298,0.9713488831066464,0.955,1,-3.238390640548716,0.3927596216582184,0.2866213041425954,0.0,1.0,0.0,18.494182067077343,1.0,0.1063523463556295,0.1105294370873396,0.0276323592718349,0.1151017533399098,0.1105294370873396,0.0045723162525702,FENEMEN RUZGAR,Ruzgar Fenemen,0.0,0.0,EFS,False,True,135.41107798443727,7,0.06676702406188491,79.56973684210527,31.667246603489886,1.0,thin,-1.31,0.44,-0.47,2,0.009
9061,Matteo,Baiocchi,Guard,Virtus Bologna,VIR,Fenerbahce Tarfin Istanbul,FBT,away,4.0,0.02,False,5.0,0.0952051528066547,10.099554151946403,9.40578996938708,9.40578996938708,1.605640449560403,0.2024998607477599,0.171684696260228,0.2697495183044316,79.64752553076217,0.9720856249749656,0.955,1,-6.715750981453553,0.2862583806159248,0.2756638928859138,-0.1578947368421052,7.0,-0.1657894736842105,19.16495550992471,1.0,0.0144159548432544,0.0148286236321006,0.0037071559080251,0.0154064081571025,0.0148286236321006,0.0005777845250019,BAIOCCHI MATTEO,Matteo Baiocchi,1.3030701754385965,-0.15789473684210525,VIR,False,False,118.39547606344512,7,0.07359700151147743,74.17587719298245,29.455473509825026,1.0,thin,-1.16,0.59,-0.52,1,0.02
9062,Kilian,Fischer,Forward,FC Bayern Munich,BAY,Hapoel IBI Tel Aviv,HTA,away,4.0,0.052,False,0.0,0.0,10.099554151946403,9.3083448405036,9.3083448405036,2.102789528704723,0.2084977701156422,0.2084977701156422,0.3225806451612903,85.40476190476191,1.034263777814163,0.955,1,-8.766135192749648,0.2306676052470754,0.438426927757457,0.0,2.0,0.0,19.644079397672822,1.0,0.1732175526083919,0.1772131204130856,0.0443032801032714,0.1795599027426069,0.1772131204130856,0.0023467823295213,FISCHER KILIAN,Kilian Fischer,0.0,0.0,BAY,False,False,91.0884110958122,6,0.09271559378281224,21.794298245614034,27.43830246639978,0.0,thin,-1.1,-0.34,-0.86,1,0.052
11496,Andrej,Bjelic,Guard,Crvena Zvezda Meridianbet Belgrade,CZV,Zalgiris Kaunas,ZAL,home,4.0,0.039,False,,0.0,10.099554151946403,10.099554151946403,10.099554151946403,1.553079377061532,0.2018657319474622,0.2018657319474622,0.35,79.86923629161679,0.9744801011921956,1.045,1,4.182288691281983,0.6373756732862847,0.2821621547007313,,,,,0.9,0.2873346682933185,0.305648681059513,0.0764121702648782,0.3088210269283761,0.305648681059513,0.0031723458688631,BJELIC ANDREJ,Andrej Bjelic,,,,False,False,110.23646472831729,7,0.0839279398298495,39.900000000000006,40.757368672423816,3.0,deep,,-0.06,-0.72,1,0.039
11497,Vojin,Medarevic,Center,Crvena Zvezda Meridianbet Belgrade,CZV,Zalgiris Kaunas,ZAL,home,4.0,0.061,False,,0.0,10.099554151946403,10.099554151946403,10.099554151946403,2.218684824373617,0.2098960015692383,0.2098960015692383,0.35,79.86923629161679,0.9744801011921956,1.045,1,4.182288691281983,0.6373756732862847,0.4191237660405331,,,,,0.9,0.4268070195906782,0.4540106607381703,0.1135026651845425,0.458722864432359,0.4540106607381703,0.0047122036941886,MEDAREVIC VOJIN,Vojin Medarevic,,,,False,False,55.07386750465504,4,0.1549643074620345,17.426923076923078,40.757368672423816,3.0,deep,,-0.61,-1.17,1,0.061
11533,Uros,Mijailovic,Forward,Partizan Mozzart Bet Belgrade,PAR,Armani Olimpia Milan,MIL,home,4.0,0.063,False,5.0,0.0252698784024173,10.099554151946403,7.031823941686361,7.031823941686361,2.4776206539731915,0.2130199611684571,0.1952091636020733,0.2317880794701987,81.57101133892995,0.9928592717031776,1.045,1,2.133590616966191,0.5711463077269484,0.4836542555853287,-0.1578947368421052,12.0,-0.1657894736842105,18.570841889117045,1.0,0.1024307878992409,0.1082810845298622,0.0270702711324655,0.1034616071254084,0.1082810845298622,-0.0048194774044537,MIJAILOVIC UROS,Uros Mijailovic,0.32105263157894737,-0.15789473684210525,PAR,False,True,52.64285083577031,5,0.11783598264942327,91.91929824561403,28.487721241744293,2.0,thin,-0.95,1.77,0.13,2,0.063
