player_id,first_name,last_name,position,team,team_abbr,opponent,home_away,price,popularity,is_injured,appearances,confidence,prior_minutes,raw_minutes,minutes_pg,prior_rate,pir_per_min,start_rate,exp_margin,p_win,model_pir,last_pir_pg,proj_pir,proj,value,name,implied,edge
3766,Sasha,Vezenkov,Forward,Olympiacos Piraeus,OLY,Kosner Baskonia Vitoria-Gasteiz,away,17.0,0,False,240.0,0.893213215264178,24.94310822761931,26.17755013186345,24.46665690738777,0.4825510474561216,0.6922051448583356,0.7592273628031453,2.3190072770291024,0.5707897544536058,16.93594578877755,22.128205128205128,19.532075458491335,20.6469463139835,1.2145262537637351,Sasha Vezenkov,18.871909393677186,1.775036920306313
3765,Mike,James,Guard,Anadolu Efes Istanbul,EFS,FC Barcelona,away,16.0,0,False,280.0,0.920001694068206,24.917547567263103,29.858434433951896,28.98917758066162,0.5364732506881082,0.6019959692456948,0.8783479847525433,-4.9394518773418845,0.3519883567666539,17.45136805530596,19.05128205128205,18.251325053294003,18.893750444726308,1.1808594027953945,Mike James,17.62332586230854,1.2704245824177676
3770,Chima,Moneke,Forward,Crvena Zvezda Meridianbet Belgrade,CZV,Zalgiris Kaunas,home,15.5,0,False,118.0,0.839668595635184,24.830606605038227,24.6024033278742,24.6024033278742,0.4841695577078801,0.6450577960906717,0.593578353125131,3.282008052676188,0.5996580697308518,15.869972069212336,18.0,16.93498603460617,17.950506138249256,1.1580971702096294,Chima Moneke,16.990964785238063,0.9595413530111934
3903,Elijah,Bryant,Guard,Hapoel IBI Tel Aviv,HTA,FC Bayern Munich,home,15.5,0,False,231.0,0.8885050429212389,24.830606605038227,24.611619211466667,22.72614666797408,0.4617988710400701,0.5073021723073455,0.6648308160400647,7.929190439127693,0.7290484697909784,11.529023572838591,19.57894736842105,15.553985470629822,16.6879464012812,1.0766417033084643,Elijah Bryant,16.990964785238063,-0.3030183839568643
11549,Jonas,Valanciunas,Center,Zalgiris Kaunas,ZAL,Crvena Zvezda Meridianbet Belgrade,away,15.5,0,False,,0.0,24.830606605038227,24.830606605038227,24.333409587734717,0.480962334088174,0.480962334088174,0.35,-3.282008052676188,0.4003419302691482,11.703453471640442,,11.703453471640442,12.171991787005611,0.7852897927100394,Jonas Valanciunas,16.990964785238063,-4.818972998232452
3782,Nikola,Milutinov,Center,Olympiacos Piraeus,OLY,Kosner Baskonia Vitoria-Gasteiz,away,15.3,0,False,184.0,0.8431678667810828,24.781986902166214,21.41600745346542,20.01631566172454,0.4294894425598791,0.7467240591631569,0.6037939699290719,2.3190072770291024,0.5707897544536058,14.94666448041402,19.45,17.19833224020701,18.17999542384694,1.1882349950226758,Nikola Milutinov,16.736514082951125,1.443481340895815
3795,TJ,Shorts,Guard,Valencia Basket,VBC,Besiktas Istanbul,away,14.9,0,False,80.0,0.7673477343631686,24.66101609416722,21.5436893814322,21.5436893814322,0.4477003833327937,0.6265762628430369,0.5726978278310998,-5.474487877391549,0.3368357544305719,13.498764380469003,7.75,10.624382190234504,10.982249369275138,0.7370637160587341,TJ Shorts,16.225030498733673,-5.242781129458535
3812,Jaylen,Hoard,Forward,Maccabi Rapyd Tel Aviv,MTA,LDLC ASVEL Villeurbanne,away,14.8,0,False,59.0,0.7763399230581378,24.62582935003102,26.829438177094044,26.829438177094044,0.5107225874052368,0.552838244957322,0.7509182327140463,2.207866763999084,0.5674304054708343,14.832339515015644,15.694444444444445,15.263391979730043,16.129483249721897,1.0898299493055337,Jaylen Hoard,16.096621648586897,0.03286160113500003
3834,Nadir,Hifi,Guard,Paris Basketball,PBB,Panathinaikos AKTOR Athens,away,14.8,0,False,75.0,0.7573566064744234,24.62582935003102,22.06484173373829,22.06484173373829,0.4539141046369209,0.6210385724772137,0.2933907863886952,-4.8379134363799245,0.354891632423626,13.70311781225648,17.56756756756757,15.635342689912024,16.190227918984593,1.0939343188503103,Nadir Hifi,16.096621648586897,0.09360627039769653
3887,Sylvain,Francisco,Guard,Panathinaikos AKTOR Athens,PAO,Paris Basketball,home,14.8,0,False,109.0,0.8339375414979922,24.62582935003102,24.88034269155236,21.32907460125197,0.4451415223281653,0.6072735383523676,0.4949213489852023,4.8379134363799245,0.645108367576374,12.9525826028839,19.19047619047619,16.071529396680045,17.108317206034844,1.155967378786138,Sylvain Francisco,16.096621648586897,1.011695557447947
3769,Walter,Tavares,Center,Real Madrid,RMB,Dubai Basketball,away,14.7,0,False,286.0,0.8980162205805368,24.58866498904024,23.451758966739057,23.394242175440056,0.4697646017319939,0.6666908503185291,0.8785333763636421,1.0300554578917749,0.5315771609474332,15.596727208501727,15.461538461538462,15.529132835020096,16.354626069461652,1.1125595965620172,Walter Tavares,15.967997616803158,0.38662845265849377
3805,Kendrick,Nunn,Guard,Panathinaikos AKTOR Athens,PAO,Paris Basketball,home,14.6,0,False,112.0,0.8579526221064822,24.54952301119488,28.543081844797328,24.46901674807029,0.4825791839353266,0.5251276886559988,0.7836355714294482,4.8379134363799245,0.645108367576374,12.849358208599076,15.64864864864865,14.249003428623862,15.168218562766832,1.038919079641564,Kendrick Nunn,15.839158403382458,-0.6709398406156257
4233,Mfiondu,Kabengele,Center,Dubai Basketball,DUB,Real Madrid,home,14.6,0,False,36.0,0.6299063431739695,24.54952301119488,23.15806245501774,21.024404620366955,0.4415089293971804,0.6549302921740202,0.7262845849802373,-1.0300554578917749,0.4684228390525667,13.76951946080175,17.36111111111111,15.56531528595643,16.294430203656034,1.116056863264112,Mfiondu Kabengele,15.839158403382458,0.45527180027357694
11487,Dario,Saric,Forward,Anadolu Efes Istanbul,EFS,FC Barcelona,away,14.5,0,False,,0.0,24.508403416494936,24.508403416494936,23.79489991114148,0.4745416606802553,0.4745416606802554,0.35,-4.9394518773418845,0.3519883567666539,11.29167131955354,,11.29167131955354,11.689125002845422,0.806146551920374,Dario Saric,15.710104008324793,-4.02097900547937
3768,Mathias,Lessort,Center,Panathinaikos AKTOR Athens,PAO,Paris Basketball,home,14.4,0,False,139.0,0.83808115976139,24.46530620494041,25.20218521586223,21.60497929018502,0.4484311454795253,0.6164726546072145,0.6108277240983064,4.8379134363799245,0.645108367576374,13.318878935754253,12.142857142857142,12.730868039305696,13.552146989172371,0.9411213186925258,Mathias Lessort,15.58083443163016,-2.028687442457789
3771,Wade,Baldwin,Guard,Fenerbahce Tarfin Istanbul,FBT,Virtus Bologna,home,14.3,0,False,226.0,0.8920348404120072,24.42023137653131,25.59961233117995,22.6695355145656,0.4611238938890913,0.5628468163032322,0.5824202631551014,9.684472925970258,0.7718518847919835,12.759475891446302,16.404761904761905,14.582118898104104,15.707642493680348,1.0984365380196046,Wade Baldwin,15.451349673298568,0.2562928203817805
11526,Guerschon,Yabusele,Forward,Panathinaikos AKTOR Athens,PAO,Paris Basketball,home,14.3,0,False,124.0,0.7885021750212114,24.42023137653131,24.66496557547347,21.144439098710887,0.442940105505309,0.4907250519973098,0.6048658065732526,4.8379134363799245,0.645108367576374,10.376105976168851,,10.376105976168851,11.045477254977428,0.7724109968515683,Guerschon Yabusele,15.451349673298568,-4.40587241832114
3857,Dan,Oturu,Center,Hapoel IBI Tel Aviv,HTA,FC Bayern Munich,home,14.2,0,False,102.0,0.7913808085738245,24.373178931267624,20.739845501555816,19.15098582867241,0.4191720787507359,0.6206963779889565,0.4906843944209816,7.929190439127693,0.7290484697909784,11.886947538774802,16.761904761904763,14.324426150339782,15.368746246893693,1.082306073724908,Dan Oturu,15.321649733330007,0.047096513563685605
3843,Moses,Wright,Center,Armani Olimpia Milan,MIL,Partizan Mozzart Bet Belgrade,away,14.0,0,False,77.0,0.7428782997259759,24.27314119017652,20.39153442720696,20.39153442720696,0.4339631916017274,0.6262159809660997,0.4444268421101677,-3.384110311249452,0.3973099472977317,12.769504734737398,17.142857142857142,14.95618093879727,15.55040488485416,1.1107432060610114,Moses Wright,15.061604308481998,0.4888005763721619
3774,Tornike,Shengelia,Forward,Dubai Basketball,DUB,Real Madrid,home,13.8,0,False,218.0,0.8831401687364009,24.165192981667087,25.646890892540085,23.28392595134116,0.4684492967758886,0.5774560868070062,0.8021046443438695,-1.0300554578917749,0.4684228390525667,13.445444765365568,15.352941176470589,14.399192970918078,15.073684056068398,1.0922959460919128,Tornike Shengelia,14.800698157086133,0.2729858989822649
3772,Facundo,Campazzo,Guard,Real Madrid,RMB,Dubai Basketball,away,13.7,0,False,201.0,0.8779244708578856,24.108252452130493,24.878248026410287,24.817232688428632,0.4867309771632894,0.6120194689776781,0.7669231566924665,1.0300554578917749,0.5315771609474332,15.188629571467567,14.431818181818182,14.810223876642874,15.597501552777048,1.1385037629764267,Facundo Campazzo,14.669922308932753,0.9275792438442956
3791,Carlik,Jones,Guard,Partizan Mozzart Bet Belgrade,PAR,Armani Olimpia Milan,home,13.6,0,False,49.0,0.7183490572306794,24.04933430573933,26.19182257898956,26.19182257898956,0.5031202699480595,0.5910642949985386,0.6048591119253249,3.384110311249452,0.6026900527022683,15.481051147377269,16.733333333333334,16.107192240355303,17.077956694377832,1.255732109880723,Carlik Jones,14.538931279142409,2.5390254152354235
3794,Kevin,Punter,Guard,FC Barcelona,BAR,Anadolu Efes Istanbul,home,13.6,0,False,200.0,0.8873084621637033,24.04933430573933,26.372276895355377,26.372276895355377,0.5052718343131866,0.5169168438199778,0.7603129566225376,4.9394518773418845,0.648011643233346,13.632274137093624,13.256410256410255,13.44434219675194,14.315551224662803,1.052614060636971,Kevin Punter,14.538931279142409,-0.2233800544796054
3767,Shane,Larkin,Guard,Fenerbahce Tarfin Istanbul,FBT,Virtus Bologna,home,13.5,0,False,226.0,0.8874419795230156,23.98843854249358,28.13883140433351,24.91812100927663,0.4879338728344243,0.5922162499614179,0.5793004557656882,9.684472925970258,0.7718518847919835,14.756916180198626,15.083333333333334,14.92012475676598,16.071737398250114,1.1904990665370454,Shane Larkin,14.4077250677151,1.664012330535014
4096,Mckinley,Wright,Guard,Dubai Basketball,DUB,Real Madrid,home,13.5,0,False,38.0,0.7046897119432709,23.98843854249358,27.42402047514095,24.89732048639773,0.4876858673297429,0.5186566681483101,0.751434034416826,-1.0300554578917749,0.4684228390525667,12.913161289295711,15.710526315789474,14.311843802542594,14.982243253148985,1.1097957965295544,Mckinley Wright,14.4077250677151,0.5745181854338846
3787,Nigel,Hayes-davis,Forward,Panathinaikos AKTOR Athens,PAO,Paris Basketball,home,13.4,0,False,229.0,0.8961427738580434,23.92556516239325,27.540432835080008,23.60947973154868,0.4723308881200767,0.4553964968640779,0.7671034234165605,4.8379134363799245,0.645108367576374,10.751674362530718,12.875,11.81333718126536,12.575425447728898,0.9384645856514104,Nigel Hayes-davis,14.276303674650828,-1.7008782269219296
3910,Roman,Sorkin,Center,Maccabi Rapyd Tel Aviv,MTA,LDLC ASVEL Villeurbanne,away,13.4,0,False,161.0,0.8329135356205972,23.92556516239325,18.8411149604074,14.13083622030555,0.3593166249023892,0.5055513127174546,0.4587292024359126,2.207866763999084,0.5674304054708343,7.143862800970825,14.105263157894736,10.62456297943278,11.227432987369776,0.8378681333858042,Roman Sorkin,14.276303674650828,-3.0488706872810525
3790,Dzanan,Musa,Guard,Dubai Basketball,DUB,Real Madrid,home,13.3,0,False,136.0,0.8307709549671767,23.860714165438345,22.535609232318983,20.45930084984688,0.4347711734945441,0.5943364180964085,0.6103606040435698,-1.0300554578917749,0.4684228390525667,12.159707583854798,15.61111111111111,13.885409347482955,14.535833634278458,1.0929198221261998,Dzanan Musa,14.144667099949592,0.3911665343288657
3799,Zach,Leday,Forward,Hapoel IBI Tel Aviv,HTA,FC Bayern Munich,home,13.3,0,False,226.0,0.8872497793311653,23.860714165438345,26.08556289664265,24.08717294104583,0.4780264442459481,0.548270645184307,0.6884514589408917,7.929190439127693,0.7290484697909784,13.206289849053178,15.066666666666666,14.136478257859922,15.167096042072544,1.140383161058086,Zach Leday,14.144667099949592,1.0224289421229518
3793,Jordan,Nwora,Forward,Crvena Zvezda Meridianbet Belgrade,CZV,Zalgiris Kaunas,home,13.0,0,False,71.0,0.7551606024028539,23.654295473446133,22.14407459334985,22.14407459334985,0.4548588013375625,0.5047278613370588,0.5512309039602997,3.282008052676188,0.5996580697308518,11.17673141078977,15.911764705882351,13.544248058336064,14.356439822997828,1.104341524845987,Jordan Nwora,13.748466286024096,0.6079735369737325
3864,Timothé,Luwawu-Cabarrot,Forward,Real Madrid,RMB,Dubai Basketball,away,12.8,0,False,114.0,0.8333107913019583,23.50679492784509,24.92023993064919,24.859121605100768,0.4872304204696098,0.4580681205822335,0.4397608710238713,1.0300554578917749,0.5315771609474332,11.387171112973704,16.38888888888889,13.888030000931298,14.626285956836083,1.142678590377819,Timothé Luwawu-Cabarrot,13.483256501888947,1.1430294549471363
4252,Jean,Montero,Guard,Olympiacos Piraeus,OLY,Kosner Baskonia Vitoria-Gasteiz,away,12.8,0,False,38.0,0.6499350191879367,23.50679492784509,23.18892731466352,21.6733623200147,0.4492464792056674,0.6623654693122246,0.4588910133843212,2.3190072770291024,0.5707897544536058,14.35568680467042,17.86842105263158,16.112053928651,17.0317134592188,1.3306026140014686,Jean Montero,13.483256501888947,3.5484569573298526
3926,Filip,Petrusev,Forward,Dubai Basketball,DUB,Real Madrid,home,12.7,0,False,148.0,0.8282396033407146,23.430078229762696,18.98658158934138,8.61863064898659,0.2935943672177195,0.5726342767451219,0.3904426284880242,-1.0300554578917749,0.4684228390525667,4.935323328215777,15.36842105263158,10.151872190423678,10.627409069737384,0.8368038637588492,Filip Petrusev,13.350328837365923,-2.7229197676285395
7201,Dwayne,Bacon,Forward,Dubai Basketball,DUB,Real Madrid,home,12.7,0,False,85.0,0.7877294633274309,23.430078229762696,27.271960090315872,24.759270117827352,0.4860398870085708,0.4530288071160203,0.6217605877202379,-1.0300554578917749,0.4684228390525667,11.216662606542654,13.93103448275862,12.573848544650636,13.16283632796086,1.036443805351249,Dwayne Bacon,13.350328837365923,-0.1874925094050628
8567,Talen,Horton-Tucker,Guard,Fenerbahce Tarfin Istanbul,FBT,Virtus Bologna,home,12.7,0,False,41.0,0.6749830381773049,23.430078229762696,23.688360339020125,20.977041333285374,0.4409442149433936,0.5549483312226386,0.6390154968094803,9.684472925970258,0.7718518847919835,11.641174081895036,14.53658536585366,13.088879723874348,14.099147372343149,1.1101690844364682,Talen Horton-Tucker,13.350328837365923,0.7488185349772252
3874,Tyler,Dorsey,Guard,Olympiacos Piraeus,OLY,Kosner Baskonia Vitoria-Gasteiz,away,12.6,0,False,214.0,0.8611011306696995,23.35138391482572,19.961934780563112,13.99295790735217,0.3576726960075383,0.4351081575207159,0.5204984823338824,2.3190072770291024,0.5707897544536058,6.088450133332936,13.674418604651162,9.88143436899205,10.44545651870469,0.8290044856114833,Tyler Dorsey,13.21718599120594,-2.7717294725012493
3785,Josh,Nebo,Center,FC Barcelona,BAR,Anadolu Efes Istanbul,home,12.5,0,False,136.0,0.81995039591757,23.27071198303416,22.48289190746671,22.48289190746671,0.4588985343515633,0.5910422765883535,0.686055881805534,4.9394518773418845,0.648011643233346,13.288339617278991,13.73076923076923,13.509554424024111,14.38498928019033,1.1507991424152264,Josh Nebo,13.083827963408988,1.301161316781343
11507,Amir,Coffey,Forward,Hapoel IBI Tel Aviv,HTA,FC Bayern Munich,home,12.5,0,False,,0.0,23.27071198303416,23.27071198303416,21.487965056286136,0.4470359798722969,0.4470359798722969,0.35,7.929190439127693,0.7290484697909784,9.605893514398549,,9.605893514398549,10.306209711163284,0.8244967768930627,Amir Coffey,13.083827963408988,-2.777618252245704
3775,Shavon,Shields,Forward,Fenerbahce Tarfin Istanbul,FBT,Virtus Bologna,home,12.4,0,False,221.0,0.8865703662540081,23.188062434388037,26.41094216427125,23.388002272083178,0.4696902031031616,0.4787598823896426,0.8082906579662675,9.684472925970258,0.7718518847919835,11.197237217111237,12.444444444444445,11.82084083077784,12.733234658284031,1.0268737627648412,Shavon Shields,12.950254753975075,-0.2170200956910442
3777,Will,Clyburn,Forward,Fenerbahce Tarfin Istanbul,FBT,Virtus Bologna,home,12.4,0,False,206.0,0.8842144731005122,23.188062434388037,27.090527969895447,23.989804141443056,0.4768655119738941,0.553175428200913,0.567144217493128,9.684472925970258,0.7718518847919835,13.2705701783988,14.696969696969695,13.983769937684247,15.063109855974153,1.2147669238688832,Will Clyburn,12.950254753975075,2.1128551019990773
7218,Kameron,Taylor,Forward,Valencia Basket,VBC,Besiktas Istanbul,away,12.4,0,False,59.0,0.7005842535262177,23.188062434388037,22.26188831586192,22.26188831586192,0.4562634992809805,0.4900999654553105,0.5933434192951252,-5.474487877391549,0.3368357544305719,10.910550694573908,13.55,12.230275347286954,12.642234749636655,1.019535060454569,Kameron Taylor,12.950254753975075,-0.30802000433842025
11514,Patty,Mills,Guard,LDLC ASVEL Villeurbanne,ASV,Maccabi Rapyd Tel Aviv,home,12.3,0,False,,0.0,23.103435268887317,23.103435268887317,23.103435268887317,0.4662972988163721,0.4662972988163721,0.35,-2.207866763999084,0.4325695945291656,10.77306945926106,,10.77306945926106,11.23907968804377,0.9137463161011194,Patty Mills,12.816466362904196,-1.577386674860426
3807,Elie,Okobo,Guard,Dubai Basketball,DUB,Real Madrid,home,12.2,0,False,182.0,0.8823523861457379,23.01683048653202,25.240786114228307,22.9152374570392,0.4640534084305836,0.4686400170601639,0.3208210430864912,-1.0300554578917749,0.4684228390525667,10.738997272804555,11.738095238095235,11.238546255449895,11.76498542983004,0.964343068018856,Elie Okobo,12.682462790196352,-0.9174773603663127
4882,Daniel,Theis,Center,Maccabi Rapyd Tel Aviv,MTA,LDLC ASVEL Villeurbanne,away,12.2,0,False,53.0,0.6946761539690907,23.01683048653202,21.705341274688426,21.705341274688426,0.4496277656203992,0.541265600735189,0.7557315383092457,2.207866763999084,0.5674304054708343,11.748354584206522,12.157894736842104,11.953124660524312,12.631381297800788,1.0353591227705563,Daniel Theis,12.682462790196352,-0.051081492395564254
7202,Justin,Robinson,Guard,FC Barcelona,BAR,Anadolu Efes Istanbul,home,12.2,0,False,36.0,0.5920715710428606,23.01683048653202,20.571161588879587,20.571161588879587,0.4361048937668355,0.6260599544378627,0.4575098814229249,4.9394518773418845,0.648011643233346,12.878780487067864,14.36111111111111,13.619945799089487,14.502534144891197,1.188732306958295,Justin Robinson,12.682462790196352,1.8200713546948446
4247,Chris,Jones,Guard,Crvena Zvezda Meridianbet Belgrade,CZV,Zalgiris Kaunas,home,12.1,0,False,168.0,0.845608003139901,22.928248087322142,22.61324014409685,22.61324014409685,0.4604526818313167,0.5363292407294382,0.5078264040187759,3.282008052676188,0.5996580697308518,12.128141916915917,11.80952380952381,11.968832863219864,12.686553584388824,1.0484755028420516,Chris Jones,12.548244035851544,0.13830954853727917
3870,Tyrique,Jones,Center,Olympiacos Piraeus,OLY,Kosner Baskonia Vitoria-Gasteiz,away,12.0,0,False,99.0,0.7819091378513935,22.837688071257688,19.98780866690966,18.68146004956112,0.4135739032391204,0.6011739695051557,0.28317049902088,2.3190072770291024,0.5707897544536058,11.23080749414664,12.055555555555555,11.643181524851098,12.307762397213953,1.025646866434496,Tyrique Jones,12.413810099869776,-0.10604770265582353
3898,Ante,Zizic,Center,Besiktas Istanbul,BJK,Valencia Basket,home,12.0,0,False,151.0,0.7726557333312885,22.837688071257688,17.67364804633893,17.67364804633893,0.4015577185528837,0.5525963018140558,0.5514677153990066,5.474487877391549,0.6631642455694281,9.766392549970105,,9.766392549970105,10.414064784703683,0.8678387320586404,Ante Zizic,12.413810099869776,-1.999745315166093
7193,Vasilije,Micic,Guard,Hapoel IBI Tel Aviv,HTA,FC Bayern Munich,home,12.0,0,False,206.0,0.873148282380108,22.837688071257688,26.971159804106577,24.90492511877953,0.4877765376798464,0.5235547976193613,0.7963472744155436,7.929190439127693,0.7290484697909784,13.039093030287964,11.25,12.144546515143984,13.029942820461091,1.0858285683717577,Vasilije Micic,12.413810099869776,0.616132720591315
3820,Alec,Peters,Forward,Armani Olimpia Milan,MIL,Partizan Mozzart Bet Belgrade,away,11.7,0,False,268.0,0.867018122531654,22.55414232193683,18.2440196905059,13.683014767879426,0.353977230986057,0.4810570088921254,0.3104981532761569,-3.384110311249452,0.3973099472977317,6.582310156862857,8.488372093023257,7.535341124943057,7.834727723465213,0.66963484815942,Alec Peters,12.009217202102674,-4.174489478637461
3934,Isaac,Bonga,Forward,Panathinaikos AKTOR Athens,PAO,Paris Basketball,home,11.5,0,False,129.0,0.8422759668866727,22.35522373811669,23.613202947101566,20.24279864136421,0.4321898086032865,0.4297165448716125,0.6365044514488419,4.8379134363799245,0.645108367576374,8.698665490698803,14.31578947368421,11.507227482191508,12.249568355828162,1.0651798570285358,Isaac Bonga,11.738412695406454,0.5111556604217071
11527,Tj,Warren,Forward,Paris Basketball,PBB,Panathinaikos AKTOR Athens,away,11.5,0,False,,0.0,22.35522373811669,22.35522373811669,22.35522373811669,0.457376341426138,0.457376341426138,0.35,-4.8379134363799245,0.354891632423626,10.224750445102565,,10.224750445102565,10.58761828276123,0.9206624593705418,Tj Warren,11.738412695406454,-1.150794412645224
3825,Juancho,Hernangomez,Forward,Panathinaikos AKTOR Athens,PAO,Paris Basketball,home,11.4,0,False,115.0,0.8344927797975156,22.252798020924757,23.37116589911427,20.03530848269608,0.4297158947590759,0.4901398502855326,0.5022540562926677,4.8379134363799245,0.645108367576374,9.820103100133116,12.318181818181818,11.069142459157469,11.78322210138721,1.0336159738058956,Juancho Hernangomez,11.602687669602902,0.18053443178430761
3899,Carsen,Edwards,Guard,Zalgiris Kaunas,ZAL,Crvena Zvezda Meridianbet Belgrade,away,11.4,0,False,139.0,0.849396281332465,22.252798020924757,23.06091746430536,22.59915591486304,0.4602847549768085,0.4515507323311741,0.6712025228814761,-3.282008052676188,0.4003419302691482,10.20466540342279,10.97222222222222,10.588443812822506,11.012343616279685,0.9659950540596214,Carsen Edwards,11.602687669602902,-0.5903440533232178
3810,Bonzie,Colson,Forward,Maccabi Rapyd Tel Aviv,MTA,LDLC ASVEL Villeurbanne,away,11.3,0,False,158.0,0.853142146943175,22.148394686878227,21.767694261853848,21.767694261853848,0.4503712028955287,0.4695656605291112,0.6682470239282137,2.207866763999084,0.5674304054708343,10.221361734263146,8.675,9.448180867131573,9.984299377171398,0.8835663165638404,Bonzie Colson,11.466747462162383,-1.4824480849909847
4712,Marcus,Bingham,Center,Fenerbahce Tarfin Istanbul,FBT,Virtus Bologna,home,11.3,0,False,,0.0,22.148394686878227,22.148394686878227,19.61333685249831,0.4246847093548563,0.4246847093548563,0.35,9.684472925970258,0.7718518847919835,8.329484260682138,,8.329484260682138,8.972397073277405,0.7940174401130446,Marcus Bingham,11.466747462162383,-2.4943503888849783
11503,Marjon,Beauchamp,Forward,FC Bayern Munich,BAY,Hapoel IBI Tel Aviv,away,11.3,0,False,,0.0,22.148394686878227,22.148394686878227,22.148394686878227,0.4549103099934754,0.4549103099934754,0.35,-7.929190439127693,0.2709515302090216,10.075533092865616,,10.075533092865616,10.348531203783976,0.9157992215738032,Marjon Beauchamp,11.466747462162383,-1.118216258378407
7221,Azuolas,Tubelis,Forward,Zalgiris Kaunas,ZAL,Crvena Zvezda Meridianbet Belgrade,away,11.1,0,False,42.0,0.6694661051263052,21.93365516822145,22.42076187967257,21.971818520794518,0.4528049849764427,0.5254431170370201,0.6750448833034111,-3.282008052676188,0.4003419302691482,11.544940810537996,12.738095238095235,12.141518024316618,12.627593900541877,1.1376210721208897,Azuolas Tubelis,11.194221502370445,1.4333723981714321
11528,Tyson,Etienne,Guard,Paris Basketball,PBB,Panathinaikos AKTOR Athens,away,11.1,0,False,,0.0,21.93365516822145,21.93365516822145,21.93365516822145,0.4523499617267714,0.4523499617267713,0.35,-4.8379134363799245,0.354891632423626,9.92168807587317,,9.92168807587317,10.273800483637636,0.9255676111385258,Tyson Etienne,11.194221502370445,-0.9204210187328083
3808,Codi,Miller-Mcintyre,Guard,Olympiacos Piraeus,OLY,Kosner Baskonia Vitoria-Gasteiz,away,11.0,0,False,113.0,0.8558007262650497,21.823318983611184,27.448481867909557,25.654524014199318,0.4967140366768467,0.4706335753501502,0.8479820096763915,2.3190072770291024,0.5707897544536058,12.073880360708912,15.0,13.536940180354456,14.309614856514225,1.3008740778649297,Codi Miller-Mcintyre,11.057635750019033,3.2519791064951917
4164,Johnathan,Motley,Center,Crvena Zvezda Meridianbet Belgrade,CZV,Zalgiris Kaunas,home,11.0,0,False,107.0,0.762879748391701,21.823318983611184,18.159757697729816,18.159757697729816,0.4073536242676395,0.5768861846002731,0.3879689143576089,3.282008052676188,0.5996580697308518,10.476113331508794,7.075,8.775556665754397,9.301790002854398,0.8456172729867635,Johnathan Motley,11.057635750019033,-1.755845747164635
7269,Austin,Wiley,Center,FC Bayern Munich,BAY,Hapoel IBI Tel Aviv,away,11.0,0,False,,0.0,21.823318983611184,21.823318983611184,21.823318983611184,0.4510344187806537,0.4510344187806537,0.35,-7.929190439127693,0.2709515302090216,9.843067993637876,,9.843067993637876,10.10976742712064,0.9190697661018764,Austin Wiley,11.057635750019033,-0.9478683228983922
11543,Rasheed,Bello,Guard,Virtus Bologna,VIR,Fenerbahce Tarfin Istanbul,away,11.0,0,False,,0.0,21.823318983611184,21.823318983611184,21.823318983611184,0.4510344187806537,0.4510344187806537,0.35,-9.684472925970258,0.2281481152080165,9.843067993637876,,9.843067993637876,10.06763573469916,0.915239612245378,Rasheed Bello,11.057635750019033,-0.9900000153198736
3821,Donta,Hall,Center,Olympiacos Piraeus,OLY,Kosner Baskonia Vitoria-Gasteiz,away,10.9,0,False,186.0,0.835033415779705,21.71100518214634,17.421123709941728,0.0,0.1908340733438913,0.5952410350109557,0.1822142307970291,2.3190072770291024,0.5707897544536058,0.0,10.38095238095238,5.190476190476191,5.486743253502111,0.503370940688267,Donta Hall,10.920834816030657,-5.434091562528547
11522,Keaton,Wallace,Guard,Maccabi Rapyd Tel Aviv,MTA,LDLC ASVEL Villeurbanne,away,10.8,0,False,,0.0,21.59671376382692,21.59671376382692,21.59671376382692,0.4483325952628872,0.4483325952628872,0.35,2.207866763999084,0.5674304054708343,9.68251073088624,,9.68251073088624,10.231925829886489,0.9474005398043044,Keaton Wallace,10.783818700405314,-0.5518928705188255
3779,Kostas,Sloukas,Guard,Panathinaikos AKTOR Athens,PAO,Paris Basketball,home,10.7,0,False,276.0,0.8978402230655901,21.48044472865291,23.4815835281247,20.12996577402255,0.4308444976044888,0.5647814210764784,0.2678915995424129,4.8379134363799245,0.645108367576374,11.36903067607333,12.552631578947368,11.96083112751035,12.73243435186284,1.189947135688116,Kostas Sloukas,10.646587403143005,2.0858469487198352
7258,Daron,Russell,Guard,Anadolu Efes Istanbul,EFS,FC Barcelona,away,10.7,0,False,,0.0,21.48044472865291,21.48044472865291,20.855092993168995,0.4394902197812667,0.4394902197812667,0.35,-4.9394518773418845,0.3519883567666539,9.165609403126597,,9.165609403126597,9.48822818238375,0.8867502974190421,Daron Russell,10.646587403143005,-1.1583592207592552
3815,Trent,Forrest,Guard,Fenerbahce Tarfin Istanbul,FBT,Virtus Bologna,home,10.6,0,False,61.0,0.7430289715829391,21.362198076624324,22.882896335560496,20.26376901509904,0.4324398392468305,0.5089863292421914,0.663584483132269,9.684472925970258,0.7718518847919835,10.313981407606915,13.517241379310343,11.915611393458631,12.835320104707618,1.210879255161096,Trent Forrest,10.509140924243738,2.32617918046388
3888,Sterling,Brown,Guard,Zalgiris Kaunas,ZAL,Crvena Zvezda Meridianbet Belgrade,away,10.6,0,False,100.0,0.8295870969292944,21.362198076624324,25.307685094566803,24.800935269883823,0.4865366623600153,0.4161146165137093,0.7420400028244184,-3.282008052676188,0.4003419302691482,10.320031669009037,11.027027027027026,10.67352934801803,11.100835482215023,1.0472486303976438,Sterling Brown,10.509140924243738,0.5916945579712856
11494,Patrick,Baldwin Jr,Center,Crvena Zvezda Meridianbet Belgrade,CZV,Zalgiris Kaunas,home,10.6,0,False,,0.0,21.362198076624324,21.362198076624324,21.362198076624324,0.4455364549110792,0.4455364549110792,0.35,3.282008052676188,0.5996580697308518,9.517638000167477,,9.517638000167477,10.08837084332522,0.9517330984269076,Patrick Baldwin Jr,10.509140924243738,-0.4207700809185173
11504,Johannes,Thiemann,Center,FC Bayern Munich,BAY,Hapoel IBI Tel Aviv,away,10.6,0,False,127.0,0.748415597415049,21.362198076624324,20.24101111712754,20.24101111712754,0.4321684958770138,0.5346724189392532,0.4027312063546082,-7.929190439127693,0.2709515302090216,10.8223103757709,,10.8223103757709,11.11554253144211,1.0486360878718972,Johannes Thiemann,10.509140924243738,0.6064016071983716
7204,TJ,Leaf,Forward,Maccabi Rapyd Tel Aviv,MTA,LDLC ASVEL Villeurbanne,away,10.5,0,False,24.0,0.4814482717643182,21.24197380774116,19.70838224805668,19.70838224805668,0.4258179395832663,0.5524872776574079,0.1943069306930693,2.207866763999084,0.5674304054708343,10.88863045526042,12.541666666666666,11.715148560963543,12.379901710773405,1.1790382581688956,TJ Leaf,10.371479263707505,2.0084224470659002
8808,Eugene,Omoruyi,Forward,Besiktas Istanbul,BJK,Valencia Basket,home,10.5,0,False,23.0,0.4971210178270599,21.24197380774116,20.739809763712344,20.739809763712344,0.4381156930124368,0.4928167222410484,0.3489254108723135,5.474487877391549,0.6631642455694281,10.22092506765561,11.08695652173913,10.65394079469737,11.360472055643053,1.0819497195850527,Eugene Omoruyi,10.371479263707505,0.9889927919355479
11544,Trent,Frazier,Guard,Virtus Bologna,VIR,Fenerbahce Tarfin Istanbul,away,10.5,0,False,,0.0,21.24197380774116,21.24197380774116,21.24197380774116,0.4441030159224096,0.4441030159224095,0.35,-9.684472925970258,0.2281481152080165,9.433624632162678,,9.433624632162678,9.64885100010346,0.918938190486044,Trent Frazier,10.371479263707505,-0.7226282636040438
3804,Tadas,Sedekerskis,Forward,Kosner Baskonia Vitoria-Gasteiz,KBA,Olympiacos Piraeus,home,10.4,0,False,157.0,0.8289319973338312,21.11977192200341,20.87450027588838,20.87450027588838,0.4397216136252262,0.4677316134912975,0.5798941299895316,-2.3190072770291024,0.4292102455463942,9.763663694865809,10.0,9.881831847432904,10.305970194801388,0.9909586725770564,Tadas Sedekerskis,10.233602421534307,0.07236777326708044
3822,Joel,Bolomboy,Center,LDLC ASVEL Villeurbanne,ASV,Maccabi Rapyd Tel Aviv,home,10.4,0,False,204.0,0.8148600539,21.11977192200341,17.605313240404872,17.605313240404872,0.400742959802267,0.5096853934645895,0.4106874289768536,-2.207866763999084,0.4325695945291656,8.973171006003104,7.6,8.286585503001552,8.645037996108018,0.8312536534719247,Joel Bolomboy,10.233602421534307,-1.5885644254262896
3833,Armoni,Brooks,Guard,Valencia Basket,VBC,Besiktas Istanbul,away,10.3,0,False,70.0,0.7288531360408497,20.99559241941109,19.63590819916457,19.63590819916457,0.4249538284656545,0.4416925007943129,0.2655218833108974,-5.474487877391549,0.3368357544305719,8.673033397856553,10.526315789473683,9.59967459366512,9.923025957069637,0.9634005783562752,Armoni Brooks,10.095510397724142,-0.17248444065450563
3993,Matthew,Strazel,Guard,Anadolu Efes Istanbul,EFS,FC Barcelona,away,10.3,0,False,192.0,0.8403292545267392,20.99559241941109,16.705272394911237,0.0,0.1908340733438913,0.337070222568904,0.2771360978417002,-4.9394518773418845,0.3519883567666539,0.0,11.046511627906977,5.523255813953488,5.717667987749024,0.5551133968688373,Matthew Strazel,10.095510397724142,-4.377842409975118
4808,Bruno,Fernando,Center,Anadolu Efes Istanbul,EFS,FC Barcelona,away,10.3,0,False,49.0,0.6244010223334674,20.99559241941109,17.83091545199855,12.983858269775368,0.3456411588030105,0.4634083504068071,0.4461519497062086,-4.9394518773418845,0.3519883567666539,6.016828342712384,9.756756756756756,7.886792549734571,8.164398464708627,0.7926600451173424,Bruno Fernando,10.095510397724142,-1.931111933015515
7237,Nathan,Reuvers,Forward,Valencia Basket,VBC,Besiktas Istanbul,away,10.3,0,False,73.0,0.7096328727346969,20.99559241941109,17.993407739065415,17.993407739065415,0.4053702267495822,0.4547912992487239,0.3850504322186797,-5.474487877391549,0.3368357544305719,8.183245283561604,10.954545454545457,9.568895369053529,9.891209978123763,0.9603116483615304,Nathan Reuvers,10.095510397724142,-0.20430041960037926
3792,Jordan,Loyd,Guard,Anadolu Efes Istanbul,EFS,FC Barcelona,away,10.2,0,False,193.0,0.8685900717863838,20.869435299964174,23.34531920945796,22.665676116985725,0.4610778781302502,0.475554677763293,0.6204850924818995,-4.9394518773418845,0.3519883567666539,10.778768302100314,10.764705882352942,10.771737092226628,11.150889696088155,1.0932244800086428,Jordan Loyd,9.957203192277014,1.1936865038111417
3946,Andreas,Obst,Guard,FC Bayern Munich,BAY,Hapoel IBI Tel Aviv,away,10.2,0,False,149.0,0.8347810186485286,20.869435299964174,20.92712837495225,20.92712837495225,0.4403491006525836,0.3674240671368322,0.4305209742778945,-7.929190439127693,0.2709515302090216,7.689130621019562,12.028571428571428,9.858851024795497,10.125978101922607,0.9927429511688832,Andreas Obst,9.957203192277014,0.1687749096455935
7197,Oshae,Brissett,Forward,Maccabi Rapyd Tel Aviv,MTA,LDLC ASVEL Villeurbanne,away,10.2,0,False,36.0,0.6529000561868035,20.869435299964174,23.118469156771084,23.118469156771084,0.4664765484907023,0.4392468388780407,0.4743083003952569,2.207866763999084,0.5674304054708343,10.154714496811184,10.444444444444445,10.299579470627814,10.884008926147557,1.0670596986419174,Oshae Brissett,9.957203192277014,0.9268057338705429
7362,Umoja,Gibson,Guard,FC Barcelona,BAR,Anadolu Efes Istanbul,home,10.2,0,False,,0.0,20.869435299964174,20.869435299964174,20.869435299964174,0.4396612237053383,0.4396612237053383,0.35,4.9394518773418845,0.648011643233346,9.175481462021631,,9.175481462021631,9.770063343987808,0.9578493474497852,Umoja Gibson,9.957203192277014,-0.18713984828920616
3806,Duane,Washington,Guard,FC Bayern Munich,BAY,Hapoel IBI Tel Aviv,away,10.1,0,False,42.0,0.6110929103493402,20.741300563662687,18.069783563213036,13.552337672409774,0.352419162508599,0.4228369629808882,0.2367942500865951,-7.929190439127693,0.2709515302090216,5.730429302693228,10.583333333333334,8.15688131801328,8.377893265498189,0.829494382722593,Duane Washington,9.818680805192924,-1.4407875396947354
4340,Kyle,Allman,Guard,Partizan Mozzart Bet Belgrade,PAR,Armani Olimpia Milan,home,10.1,0,False,,0.0,20.741300563662687,20.741300563662687,20.741300563662687,0.4381334678826272,0.4381334678826272,0.35,3.384110311249452,0.6026900527022683,9.087457944353424,,9.087457944353424,9.635149995094624,0.9539752470390715,Kyle Allman,9.818680805192924,-0.18353081009830063
8368,Mamadi,Diakite,Center,Dubai Basketball,DUB,Real Madrid,home,10.1,0,False,37.0,0.6024950063435172,20.741300563662687,19.8465049162278,18.017955969734672,0.4056629163310706,0.4780148268028623,0.3673469387755101,-1.0300554578917749,0.4684228390525667,8.612850102214317,10.135135135135137,9.373992618674729,9.81309184224447,0.9715932517073732,Mamadi Diakite,9.818680805192924,-0.005588962948454679
8721,Jared,Butler,Guard,Crvena Zvezda Meridianbet Belgrade,CZV,Zalgiris Kaunas,home,10.1,0,False,32.0,0.5763284090337375,20.741300563662687,20.31681167951809,20.31681167951809,0.4330722691542652,0.4949849545339015,0.2203389830508474,3.282008052676188,0.5996580697308518,10.0565161054601,10.8125,10.434508052730047,11.060221748479163,1.095071460245462,Jared Butler,9.818680805192924,1.241540943286239
11532,Ethan,Thompson,Guard,Partizan Mozzart Bet Belgrade,PAR,Armani Olimpia Milan,home,10.1,0,False,,0.0,20.741300563662687,20.741300563662687,20.741300563662687,0.4381334678826272,0.4381334678826272,0.35,3.384110311249452,0.6026900527022683,9.087457944353424,,9.087457944353424,9.635149995094624,0.9539752470390715,Ethan Thompson,9.818680805192924,-0.18353081009830063
3940,Nick,Weiler-Babb,Guard,Crvena Zvezda Meridianbet Belgrade,CZV,Zalgiris Kaunas,home,10.0,0,False,198.0,0.8840738382032065,20.61118821050661,24.775512750629314,24.775512750629314,0.4862335485991404,0.3877251550346793,0.6416146536964201,3.282008052676188,0.5996580697308518,9.606089522301426,10.68421052631579,10.145150024308608,10.753512132379289,1.0753512132379288,Nick Weiler-Babb,9.67994323647187,1.0735688959074192
9064,Kessler,Edwards,Forward,Virtus Bologna,VIR,Fenerbahce Tarfin Istanbul,away,10.0,0,False,13.0,0.2660685125043577,20.61118821050661,17.468143078687532,8.734071539343766,0.2949707737840636,0.3303394607688399,0.219435736677116,-9.684472925970258,0.2281481152080165,2.885208482623291,5.214285714285714,4.049747098454503,4.142141315212656,0.4142141315212655,Kessler Edwards,9.67994323647187,-5.537801921259214
11505,Johnny,Juzang,Forward,Fenerbahce Tarfin Istanbul,FBT,Virtus Bologna,home,10.0,0,False,,0.0,20.61118821050661,20.61118821050661,13.68905680359786,0.3540492704307565,0.3540492704307565,0.35,9.684472925970258,0.7718518847919835,4.846600574199006,,4.846600574199006,5.220686353001947,0.5220686353001948,Johnny Juzang,9.67994323647187,-4.459256883469922
11511,Chris,Duarte,Guard,Kosner Baskonia Vitoria-Gasteiz,KBA,Olympiacos Piraeus,home,10.0,0,False,,0.0,20.61118821050661,20.61118821050661,20.61118821050661,0.4365821328514055,0.4365821328514055,0.35,-2.3190072770291024,0.4292102455463942,8.998476509544723,,8.998476509544723,9.38470034076524,0.938470034076524,Chris Duarte,9.67994323647187,-0.29524289570662887
4180,Devon,Dotson,Guard,Besiktas Istanbul,BJK,Valencia Basket,home,9.9,0,False,,0.0,20.47909824049597,20.47909824049597,20.47909824049597,0.4350072186116736,0.4350072186116736,0.35,5.474487877391549,0.6631642455694281,8.90855556527337,,8.90855556527337,9.499339118329154,0.9595292038716317,Devon Dotson,9.540990486113852,-0.04165136778469858
11491,David,Dejulius,Guard,Besiktas Istanbul,BJK,Valencia Basket,home,9.9,0,False,15.0,0.2334249097777051,20.47909824049597,16.83724407931726,4.209311019829315,0.241021864771624,0.2304540242044161,0.2217997465145754,5.474487877391549,0.6631642455694281,0.9700526636476604,,0.9700526636476604,1.0343830879327118,0.1044831401952234,David Dejulius,9.540990486113852,-8.50660739818114
11515,Tremont,Waters,Guard,LDLC ASVEL Villeurbanne,ASV,Maccabi Rapyd Tel Aviv,home,9.9,0,False,,0.0,20.47909824049597,20.47909824049597,20.47909824049597,0.4350072186116736,0.4350072186116736,0.35,-2.207866763999084,0.4325695945291656,8.90855556527337,,8.90855556527337,9.293912592144457,0.9387790497115612,Tremont Waters,9.540990486113852,-0.2470778939693954
11545,Marcus,Carr,Guard,Virtus Bologna,VIR,Fenerbahce Tarfin Istanbul,away,9.9,0,False,,0.0,20.47909824049597,20.47909824049597,20.47909824049597,0.4350072186116736,0.4350072186116736,0.35,-9.684472925970258,0.2281481152080165,8.90855556527337,,8.90855556527337,9.111802581417669,0.9203840991330978,Marcus Carr,9.540990486113852,-0.4291879046961835
11546,Bobi,Klintman,Center,Virtus Bologna,VIR,Fenerbahce Tarfin Istanbul,away,9.9,0,False,,0.0,20.47909824049597,20.47909824049597,20.47909824049597,0.4350072186116736,0.4350072186116736,0.35,-9.684472925970258,0.2281481152080165,8.90855556527337,,8.90855556527337,9.111802581417669,0.9203840991330978,Bobi Klintman,9.540990486113852,-0.4291879046961835
3850,Theo,Maledon,Guard,Real Madrid,RMB,Dubai Basketball,away,9.8,0,False,93.0,0.7690770009244501,20.345030653630737,20.903607773924676,20.85234047037468,0.439457401336811,0.6205733106577944,0.4476150892805486,1.0300554578917749,0.5315771609474332,12.940405960663924,11.210526315789474,12.0754661382267,12.71737033891424,1.2976908509096163,Theo Maledon,9.401822554118867,3.3155477847953723
11508,Jacob,Toppin,Forward,Hapoel IBI Tel Aviv,HTA,FC Bayern Munich,home,9.8,0,False,,0.0,20.345030653630737,20.345030653630737,18.78641736759128,0.4148253137339253,0.4148253137339253,0.35,7.929190439127693,0.7290484697909784,7.793081478447515,,7.793081478447515,8.361234891129373,0.8531872337887114,Jacob Toppin,9.401822554118867,-1.0405876629894948
11529,Alize,Johnson,Forward,Paris Basketball,PBB,Panathinaikos AKTOR Athens,away,9.8,0,False,,0.0,20.345030653630737,20.345030653630737,20.345030653630737,0.4334087251634312,0.4334087251634312,0.35,-4.8379134363799245,0.354891632423626,8.817713799001027,,8.817713799001027,9.130647083438207,0.9316986819834904,Alize Johnson,9.401822554118867,-0.27117547068066017
3860,Devin,Booker,Center,Armani Olimpia Milan,MIL,Partizan Mozzart Bet Belgrade,away,9.7,0,False,211.0,0.8708851514029393,20.208985449910923,22.73578588961439,22.73578588961439,0.4619137998830401,0.4815267610546959,0.727777881702503,-3.384110311249452,0.3973099472977317,10.947889339459076,9.583333333333334,10.265611336396203,10.673474286300465,1.100358173845409,Devin Booker,9.262439440486919,1.4110348458135462
3914,Nigel,Williams-Goss,Guard,Zalgiris Kaunas,ZAL,Crvena Zvezda Meridianbet Belgrade,away,9.7,0,False,183.0,0.851169341433709,20.208985449910923,21.37979399852287,20.951694517277325,0.4406420037954939,0.4010993575633344,0.5698412830849685,-3.282008052676188,0.4003419302691482,8.403711210743172,10.96774193548387,9.68572657311352,10.073486820347464,1.03850379591211,Nigel Williams-Goss,9.262439440486919,0.8110473798605451
4210,Anthony,Brown,Forward,Besiktas Istanbul,BJK,Valencia Basket,home,9.7,0,False,,0.0,20.208985449910923,20.208985449910923,20.208985449910923,0.4317866525066783,0.4317866525066783,0.35,5.474487877391549,0.6631642455694281,8.725970177973206,,8.725970177973206,9.304645320966898,0.9592417856666906,Anthony Brown,9.262439440486919,0.04220588047997964
11492,Jaylen,Nowell,Guard,Besiktas Istanbul,BJK,Valencia Basket,home,9.7,0,False,,0.0,20.208985449910923,20.208985449910923,20.208985449910923,0.4317866525066783,0.4317866525066783,0.35,5.474487877391549,0.6631642455694281,8.725970177973206,,8.725970177973206,9.304645320966898,0.9592417856666906,Jaylen Nowell,9.262439440486919,0.04220588047997964
3841,Tomas,Satoransky,Guard,Hapoel IBI Tel Aviv,HTA,FC Bayern Munich,home,9.6,0,False,151.0,0.8625602875536055,20.07096262933653,23.794818579306607,21.97192034887375,0.4528061990768924,0.4493021254289014,0.8283503145363346,7.929190439127693,0.7290484697909784,9.872030512503503,10.945945945945946,10.408988229224724,11.167853923283584,1.1633181170087068,Tomas Satoransky,9.122841145218006,2.045012778065578
3875,Marko,Guduric,Guard,Armani Olimpia Milan,MIL,Partizan Mozzart Bet Belgrade,away,9.6,0,False,231.0,0.8775328070678684,20.07096262933653,21.8275597483475,21.8275597483475,0.4510849815960593,0.4894796317636208,0.3938638524498825,-3.384110311249452,0.3973099472977317,10.684145907919566,11.142857142857142,10.913501525388355,11.347105796976932,1.181990187185097,Marko Guduric,9.122841145218006,2.2242646517589257
4675,Antonio,Blakeney,Guard,Hapoel IBI Tel Aviv,HTA,FC Bayern Munich,home,9.6,0,False,41.0,0.6638627215354751,20.07096262933653,21.721226118263093,20.05718381754774,0.4299767152918841,0.4509623493615523,0.1741112123974476,7.929190439127693,0.7290484697909784,9.045034735937838,10.46341463414634,9.75422468504209,10.465354943104822,1.0901411399067524,Antonio Blakeney,9.122841145218006,1.3425137978868165
7422,Ercan,Osmani,Forward,Anadolu Efes Istanbul,EFS,FC Barcelona,away,9.6,0,False,98.0,0.7783340379905695,20.07096262933653,18.1213831053788,17.59382240924473,0.4006059541415117,0.4231320627547032,0.7125737837749698,-4.9394518773418845,0.3519883567666539,7.444510367763645,11.36111111111111,9.402810739437378,9.73377872955362,1.013935284328502,Ercan Osmani,9.122841145218006,0.6109375843356144
8714,Kobi,Simmons,Guard,Kosner Baskonia Vitoria-Gasteiz,KBA,Olympiacos Piraeus,home,9.6,0,False,31.0,0.5936507936507937,20.07096262933653,21.2684844139532,21.2684844139532,0.4444191029896101,0.4707226831195876,0.4627831715210356,-2.3190072770291024,0.4292102455463942,10.01155804922318,10.838709677419354,10.425133863321268,10.872591289854284,1.1325615926931545,Kobi Simmons,9.122841145218006,1.7497501446362786
4280,Marek,Blazevic,Center,Zalgiris Kaunas,ZAL,Crvena Zvezda Meridianbet Belgrade,away,9.5,0,False,33.0,0.2761634737181847,19.93096219190756,13.226878160220664,0.0,0.1908340733438913,0.2618233121651861,0.2850811553732551,-3.282008052676188,0.4003419302691482,0.0,,0.0,0.0,0.0,Marek Blazevic,8.98302766831213,-8.98302766831213
4884,Jimmy,Clark III,Guard,Maccabi Rapyd Tel Aviv,MTA,LDLC ASVEL Villeurbanne,away,9.5,0,False,45.0,0.6459555063433708,19.93096219190756,19.717294143598657,19.717294143598657,0.4259241964867309,0.4354456766030956,0.5040188712213874,2.207866763999084,0.5674304054708343,8.585810489141572,8.594594594594595,8.590202541868084,9.077636753008964,0.9555407108430488,Jimmy Clark III,8.98302766831213,0.09460908469683282
8730,Kenneth,Faried,Center,Kosner Baskonia Vitoria-Gasteiz,KBA,Olympiacos Piraeus,home,9.5,0,False,42.0,0.5091772903467732,19.93096219190756,15.264219833780334,7.632109916890167,0.2818320392480469,0.4202145245993446,0.3386514271648257,-2.3190072770291024,0.4292102455463942,3.207123440415945,7.542857142857143,5.374990291636544,5.605690381924824,0.5900726717815604,Kenneth Faried,8.98302766831213,-3.3773372863873066
11516,Jae,Crowder,Forward,LDLC ASVEL Villeurbanne,ASV,Maccabi Rapyd Tel Aviv,home,9.5,0,False,,0.0,19.93096219190756,19.93096219190756,19.93096219190756,0.4284717695676416,0.4284717695676416,0.35,-2.207866763999084,0.4325695945291656,8.539854639552395,,8.539854639552395,8.909262785429314,0.9378171353083488,Jae Crowder,8.98302766831213,-0.07376488288281635
3907,Jaron,Blossomgame,Forward,Dubai Basketball,DUB,Real Madrid,home,9.4,0,False,160.0,0.8558899482748085,19.78898413762401,21.187842705842318,19.23571019577243,0.4201822509249542,0.3812272245667326,0.5573144966283061,-1.0300554578917749,0.4684228390525667,7.333176410504324,10.534883720930232,8.934030065717277,9.352520438473704,0.9949489828163516,Jaron Blossomgame,8.84299900976929,0.5095214287044136
4360,Evan,Fournier,Guard,Olympiacos Piraeus,OLY,Kosner Baskonia Vitoria-Gasteiz,away,9.4,0,False,76.0,0.7798087010105611,19.78898413762401,22.688096780719352,21.20526470274224,0.4436653317274177,0.4472641995940363,0.5089975902106219,2.3190072770291024,0.5707897544536058,9.484355744451676,9.0,9.242177872225838,9.769711916056272,1.039331054899603,Evan Fournier,8.84299900976929,0.9267129062869817
7220,Ebuka,Izundu,Center,Crvena Zvezda Meridianbet Belgrade,CZV,Zalgiris Kaunas,home,9.4,0,False,33.0,0.5022626311226881,19.78898413762401,16.347982605708523,12.260986954281393,0.3370223338598792,0.5284215506310294,0.1605316973415133,3.282008052676188,0.5996580697308518,6.478969738648195,10.029411764705882,8.254190751677038,8.749159961011129,0.9307616979799072,Ebuka Izundu,8.84299900976929,-0.09383904875816107
11499,Tosan,Evbuomwan,Forward,FC Barcelona,BAR,Anadolu Efes Istanbul,home,9.4,0,False,,0.0,19.78898413762401,19.78898413762401,19.78898413762401,0.4267789592853577,0.4267789592853577,0.35,4.9394518773418845,0.648011643233346,8.445522055569626,,8.445522055569626,8.99280171808894,0.9566810338392489,Tosan Evbuomwan,8.84299900976929,0.14980270831964937
11518,Mathis,Dossou-yovo,Forward,LDLC ASVEL Villeurbanne,ASV,Maccabi Rapyd Tel Aviv,home,9.4,0,False,4.0,0.0507515674464742,19.78898413762401,16.18175650707836,12.136317380308771,0.3355358933126146,0.3287944006802452,0.2715283165244375,-2.207866763999084,0.4325695945291656,3.990353199523866,,3.990353199523866,4.162963746078487,0.4428684836253709,Mathis Dossou-yovo,8.84299900976929,-4.680035263690803
3981,Mouhamet,Diouf,Center,Virtus Bologna,VIR,Fenerbahce Tarfin Istanbul,away,9.3,0,False,64.0,0.6862683889617062,19.64502846648588,17.997454761768946,13.498091071326709,0.3517723780139407,0.4792026442128244,0.4311721494730118,-9.684472925970258,0.2281481152080165,6.468320933205274,10.454545454545457,8.461433193875365,8.654479197389486,0.930589161009622,Mouhamet Diouf,8.702755169589487,-0.048275972200000794
11517,Tyty,Washington,Guard,LDLC ASVEL Villeurbanne,ASV,Maccabi Rapyd Tel Aviv,home,9.3,0,False,,0.0,19.64502846648588,19.64502846648588,19.64502846648588,0.4250625697945633,0.4250625697945633,0.35,-2.207866763999084,0.4325695945291656,8.350366283651837,,8.350366283651837,8.711577739400767,0.936728789182878,Tyty Washington,8.702755169589487,0.00882256981127938
11530,Maozinha,Pereira,Forward,Paris Basketball,PBB,Panathinaikos AKTOR Athens,away,9.3,0,False,,0.0,19.64502846648588,19.64502846648588,19.64502846648588,0.4250625697945633,0.4250625697945633,0.35,-4.8379134363799245,0.354891632423626,8.350366283651837,,8.350366283651837,8.646713795825878,0.9297541715941804,Maozinha Pereira,8.702755169589487,-0.05604137376360896
11489,Jason,Burnell,Forward,Armani Olimpia Milan,MIL,Partizan Mozzart Bet Belgrade,away,9.2,0,False,,0.0,19.49909517849316,19.49909517849316,19.49909517849316,0.4233226010952586,0.4233226010952586,0.35,-3.384110311249452,0.3973099472977317,8.25440768996374,,8.25440768996374,8.58236351839109,0.9328655998251184,Jason Burnell,8.562296147772717,0.020067370618372493
3845,Joffrey,Lauvergne,Center,Partizan Mozzart Bet Belgrade,PAR,Armani Olimpia Milan,home,9.1,0,False,139.0,0.7659380565498441,19.351184273645867,19.50416938551878,19.50416938551878,0.4233831010779548,0.533709138497876,0.537416696763965,3.384110311249452,0.6026900527022683,10.409553439861876,,10.409553439861876,11.03692687098962,1.212849106702156,Joffrey Lauvergne,8.421621944318984,2.6153049266706354
3856,Isaia,Cordinier,Guard,Anadolu Efes Istanbul,EFS,FC Barcelona,away,9.1,0,False,114.0,0.8246988716054312,19.351184273645867,22.792276923812665,22.12873433379712,0.4546758987810033,0.4366452480699574,0.6641442642877953,-4.9394518773418845,0.3519883567666539,9.662406692655026,8.666666666666666,9.164536679660843,9.487117700301,1.0425404066264836,Isaia Cordinier,8.421621944318984,1.0654957559820168
11500,Stanley,Umude,Guard,FC Barcelona,BAR,Anadolu Efes Istanbul,home,9.1,0,False,,0.0,19.351184273645867,19.351184273645867,19.351184273645867,0.4215590531874434,0.4215590531874434,0.35,4.9394518773418845,0.648011643233346,8.157666920453897,,8.157666920453897,8.68629323506126,0.9545377181386,Stanley Umude,8.421621944318984,0.26467129074227635
11534,Olivier,Sarr,Center,Real Madrid,RMB,Dubai Basketball,away,9.1,0,False,,0.0,19.351184273645867,19.351184273645867,19.3037243782566,0.4209931868687614,0.4209931868687613,0.35,1.0300554578917749,0.5315771609474332,8.126736444438444,,8.126736444438444,8.558735193128708,0.9405203508932648,Olivier Sarr,8.421621944318984,0.1371132488097242
11536,Damian,Jones,Center,Real Madrid,RMB,Dubai Basketball,away,9.1,0,False,,0.0,19.351184273645867,19.351184273645867,19.3037243782566,0.4209931868687614,0.4209931868687613,0.35,1.0300554578917749,0.5315771609474332,8.126736444438444,,8.126736444438444,8.558735193128708,0.9405203508932648,Damian Jones,8.421621944318984,0.1371132488097242
3803,Gabriel,Deck,Forward,Real Madrid,RMB,Dubai Basketball,away,9.0,0,False,226.0,0.8694421689336137,19.20129575194399,21.42349313935824,21.3709507869684,0.4456408138427681,0.4484132301670085,0.4680954656218431,1.0300554578917749,0.5315771609474332,9.58301707412467,8.731707317073171,9.15736219559892,9.644146655369305,1.0715718505965894,Gabriel Deck,8.280732559228287,1.3634140961410175
3859,Vladimir,Lucic,Forward,FC Bayern Munich,BAY,Hapoel IBI Tel Aviv,away,9.0,0,False,204.0,0.8710251043955599,19.20129575194399,25.10621867505101,25.10621867505101,0.4901765691743852,0.4706750412271712,0.8380070285276351,-7.929190439127693,0.2709515302090216,11.816870509938012,10.666666666666666,11.24176858830234,11.546366028427965,1.2829295587142182,Vladimir Lucic,8.280732559228287,3.2656334691996776
7194,Chuma,Okeke,Forward,Real Madrid,RMB,Dubai Basketball,away,9.0,0,False,43.0,0.6206580160888419,19.20129575194399,18.36398611916675,13.73921053813635,0.3546472555063382,0.4102193802998559,0.6047745358090186,1.0300554578917749,0.5315771609474332,5.636090432763543,7.953488372093023,6.794789402428282,7.155984888406136,0.7951094320451263,Chuma Okeke,8.280732559228287,-1.1247476708221509
8762,Jared,Rhoden,Guard,Paris Basketball,PBB,Panathinaikos AKTOR Athens,away,9.0,0,False,26.0,0.5409962103499617,19.20129575194399,20.320152376220424,20.320152376220424,0.4331121004208383,0.4016797704617696,0.6104513064133017,-4.8379134363799245,0.354891632423626,8.162194142228403,8.0,8.0810970711142,8.36788844424835,0.9297653826942612,Jared Rhoden,8.280732559228287,0.08715588502006355
11490,Garrison,Mathews,Guard,Armani Olimpia Milan,MIL,Partizan Mozzart Bet Belgrade,away,9.0,0,False,,0.0,19.20129575194399,19.20129575194399,19.20129575194399,0.4197719260711179,0.4197719260711179,0.35,-3.384110311249452,0.3973099472977317,8.060164900854703,,8.060164900854703,8.380403270051664,0.9311559188946292,Garrison Mathews,8.280732559228287,0.09967071082337675
11537,Gonzalo,Corbalan,Guard,Valencia Basket,VBC,Besiktas Istanbul,away,9.0,0,False,,0.0,19.20129575194399,19.20129575194399,19.20129575194399,0.4197719260711179,0.4197719260711179,0.35,-5.474487877391549,0.3368357544305719,8.060164900854703,,8.060164900854703,8.331660073376124,0.9257400081529028,Gonzalo Corbalan,8.280732559228287,0.050927514147836916
4124,Kevin,Kokila,Center,Virtus Bologna,VIR,Fenerbahce Tarfin Istanbul,away,8.9,0,False,,0.0,19.049429613387534,19.049429613387534,19.049429613387534,0.417961219746282,0.417961219746282,0.35,-9.684472925970258,0.2281481152080165,7.9619228366824,,7.9619228366824,8.143572605544476,0.9150081579263456,Kevin Kokila,8.139627992500625,0.003944613043850964
7203,Miles,Norris,Forward,FC Bayern Munich,BAY,Hapoel IBI Tel Aviv,away,8.9,0,False,36.0,0.4864563562794619,19.049429613387534,14.297088597072763,0.0,0.1908340733438913,0.2824279864221926,0.2916274694261524,-7.929190439127693,0.2709515302090216,0.0,4.333333333333333,2.1666666666666665,2.225372831545288,0.2500418911848638,Miles Norris,8.139627992500625,-5.914255160955337
3853,Jerian,Grant,Guard,Panathinaikos AKTOR Athens,PAO,Paris Basketball,home,8.8,0,False,150.0,0.8610012170751061,18.8955858579765,22.818808978416595,14.67134371035864,0.3657611183237881,0.3651047115878653,0.6287271352500822,4.8379134363799245,0.645108367576374,5.356576713976933,8.30952380952381,6.833050261750372,7.273856051742882,0.8265745513344184,Jerian Grant,7.998308244136,-0.7244521923931178
3884,Neal,Sako,Center,Valencia Basket,VBC,Besiktas Istanbul,away,8.8,0,False,75.0,0.7145517843055754,18.8955858579765,17.183288799512408,12.887466599634305,0.3444918768864163,0.4668303975264722,0.5949978197221704,-5.474487877391549,0.3368357544305719,6.016261155816416,6.166666666666667,6.091463911241542,6.296646195454506,0.7155279767561938,Neal Sako,7.998308244136,-1.7016620486814942
3930,Yam,Madar,Guard,Maccabi Rapyd Tel Aviv,MTA,LDLC ASVEL Villeurbanne,away,8.8,0,False,89.0,0.6330610061890987,18.8955858579765,11.131117549693172,0.0,0.1908340733438913,0.2971438184482652,0.2734250151399983,2.207866763999084,0.5674304054708343,0.0,1.8214285714285716,0.9107142857142856,0.9623909833553796,0.1093626117449294,Yam Madar,7.998308244136,-7.035917260780621
4108,Dj,Stewart,Guard,Kosner Baskonia Vitoria-Gasteiz,KBA,Olympiacos Piraeus,home,8.8,0,False,,0.0,18.8955858579765,18.8955858579765,18.8955858579765,0.4161269342129357,0.4161269342129357,0.35,-2.3190072770291024,0.4292102455463942,7.862962213237066,,7.862962213237066,8.200448607463615,0.9318691599390472,Dj Stewart,7.998308244136,0.2021403633276151
8463,Kai,Jones,Center,Anadolu Efes Istanbul,EFS,FC Barcelona,away,8.8,0,False,36.0,0.5418378411399074,18.8955858579765,16.539651127169353,0.0,0.1908340733438913,0.3464091113229698,0.1856171039844509,-4.9394518773418845,0.3519883567666539,0.0,7.1891891891891895,3.5945945945945947,3.72112013905396,0.4228545612561317,Kai Jones,7.998308244136,-4.27718810508204
11501,Tyrese,Martin,Forward,FC Barcelona,BAR,Anadolu Efes Istanbul,home,8.8,0,False,,0.0,18.8955858579765,18.8955858579765,18.8955858579765,0.4161269342129357,0.4161269342129357,0.35,4.9394518773418845,0.648011643233346,7.862962213237066,,7.862962213237066,8.372491319685212,0.9514194681460468,Tyrese Martin,7.998308244136,0.3741830755492117
11512,Aj,Lawson,Guard,Kosner Baskonia Vitoria-Gasteiz,KBA,Olympiacos Piraeus,home,8.8,0,False,,0.0,18.8955858579765,18.8955858579765,18.8955858579765,0.4161269342129357,0.4161269342129357,0.35,-2.3190072770291024,0.4292102455463942,7.862962213237066,,7.862962213237066,8.200448607463615,0.9318691599390472,Aj Lawson,7.998308244136,0.2021403633276151
11519,Hugo,Besson,Guard,LDLC ASVEL Villeurbanne,ASV,Maccabi Rapyd Tel Aviv,home,8.8,0,False,,0.0,18.8955858579765,18.8955858579765,18.8955858579765,0.4161269342129357,0.4161269342129357,0.35,-2.207866763999084,0.4325695945291656,7.862962213237066,,7.862962213237066,8.203090050874877,0.9321693239630542,Hugo Besson,7.998308244136,0.20478180673887714
3831,Darius,Thompson,Guard,Armani Olimpia Milan,MIL,Partizan Mozzart Bet Belgrade,away,8.7,0,False,152.0,0.8612560213583296,18.73976448571089,22.89537961592828,22.89537961592828,0.4638166425600682,0.4843647380048367,0.6419866614017555,-3.384110311249452,0.3973099472977317,11.08971454919038,9.886363636363637,10.488039092777008,10.904739318697787,1.2534183124939986,Darius Thompson,7.85677331413441,3.047966004563378
3881,Leandro,Bolmaro,Guard,Armani Olimpia Milan,MIL,Partizan Mozzart Bet Belgrade,away,8.7,0,False,120.0,0.784369816372273,18.73976448571089,18.18513127099809,9.092565635499046,0.2992451138936819,0.4009920590965442,0.5249459305491864,-3.384110311249452,0.3973099472977317,3.6460466166492407,10.655172413793103,7.150609515221172,7.434710344185091,0.8545644073775968,Leandro Bolmaro,7.85677331413441,-0.4220629699493186
4257,Jaime,Pradilla,Forward,Real Madrid,RMB,Dubai Basketball,away,8.7,0,False,122.0,0.7566711990677736,18.73976448571089,15.358034399911103,0.0,0.1908340733438913,0.357316662842947,0.4227964473349742,1.0300554578917749,0.5315771609474332,0.0,9.295454545454543,4.6477272727272725,4.894789839576704,0.5626195217904258,Jaime Pradilla,7.85677331413441,-2.961983474557705
7338,Both,Gach,Forward,LDLC ASVEL Villeurbanne,ASV,Maccabi Rapyd Tel Aviv,home,8.7,0,False,,0.0,18.73976448571089,18.73976448571089,18.73976448571089,0.4142690694710789,0.4142690694710789,0.35,-2.207866763999084,0.4325695945291656,7.763304795602621,,7.763304795602621,8.099121756366637,0.930933535214556,Both Gach,7.85677331413441,0.2423484422322275
11488,Santi,Yusta,Forward,Anadolu Efes Istanbul,EFS,FC Barcelona,away,8.7,0,False,6.0,0.0304483178089974,18.73976448571089,17.464311393501557,8.477939883788823,0.2919169053370719,0.2916148201548635,0.3401716336781629,-4.9394518773418845,0.3519883567666539,2.472292914494822,,2.472292914494822,2.55931474653671,0.294174108797323,Santi Yusta,7.85677331413441,-5.297458567597699
11538,Mo,Gueye,Forward,Valencia Basket,VBC,Besiktas Istanbul,away,8.7,0,False,,0.0,18.73976448571089,18.73976448571089,18.73976448571089,0.4142690694710789,0.4142690694710789,0.35,-5.474487877391549,0.3368357544305719,7.763304795602621,,7.763304795602621,8.02480065837275,0.92239088027273,Mo Gueye,7.85677331413441,0.16802734423833954
11547,Wendell,Moore Jr,Guard,Virtus Bologna,VIR,Fenerbahce Tarfin Istanbul,away,8.7,0,False,,0.0,18.73976448571089,18.73976448571089,18.73976448571089,0.4142690694710789,0.4142690694710789,0.35,-9.684472925970258,0.2281481152080165,7.763304795602621,,7.763304795602621,7.94042313129283,0.9126923139417048,Wendell Moore Jr,7.85677331413441,0.08364981715842035
3892,Rokas,Jokubaitis,Guard,FC Bayern Munich,BAY,Hapoel IBI Tel Aviv,away,8.6,0,False,193.0,0.8093897328470706,18.581965496590684,16.498697193040194,8.249348596520097,0.2891914018535814,0.4294682821097667,0.2258742441921404,-7.929190439127693,0.2709515302090216,3.542833570272101,,3.542833570272101,3.638827187986213,0.4231194404635131,Rokas Jokubaitis,7.715023202495855,-4.076196014509643
4670,Saben,Lee,Guard,Zalgiris Kaunas,ZAL,Crvena Zvezda Meridianbet Belgrade,away,8.6,0,False,48.0,0.6190766417796739,18.581965496590684,15.978095393413302,3.914539280334514,0.2375072889869259,0.392482397145713,0.1719446399249354,-3.282008052676188,0.4003419302691482,1.5363877604667444,6.515151515151516,4.02576963780913,4.1869380765710735,0.4868532647175667,Saben Lee,7.715023202495855,-3.5280851259247816
11493,Mady,Sissoko,Center,Besiktas Istanbul,BJK,Valencia Basket,home,8.6,0,False,,0.0,18.581965496590684,18.581965496590684,18.581965496590684,0.4123876255207117,0.4123876255207117,0.35,5.474487877391549,0.6631642455694281,7.662972628646825,,7.662972628646825,8.1711535748564,0.9501341366112092,Mady Sissoko,7.715023202495855,0.4561303723605441
4081,Conor,Morgan,Forward,Besiktas Istanbul,BJK,Valencia Basket,home,8.5,0,False,,0.0,18.42218889061591,18.42218889061591,18.42218889061591,0.4104826023618343,0.4104826023618343,0.35,5.474487877391549,0.6631642455694281,7.561988037021292,,7.561988037021292,8.063472046178918,0.9486437701386962,Conor Morgan,7.5730579092203385,0.49041413695857905
7210,Omari,Moore,Guard,Valencia Basket,VBC,Besiktas Istanbul,away,8.5,0,False,43.0,0.6118555488079519,18.42218889061591,17.665569309973208,17.665569309973208,0.401461395441141,0.4313105372418518,0.3642793987621574,-5.474487877391549,0.3368357544305719,7.619346189767714,7.767441860465116,7.693394025116415,7.9525350431745885,0.93559235802054,Omari Moore,7.5730579092203385,0.37947713395425
7268,Rj,Cole,Guard,Armani Olimpia Milan,MIL,Partizan Mozzart Bet Belgrade,away,8.5,0,False,,0.0,18.42218889061591,18.42218889061591,18.42218889061591,0.4104826023618343,0.4104826023618343,0.35,-3.384110311249452,0.3973099472977317,7.561988037021292,,7.561988037021292,7.862433343866794,0.9249921581019758,Rj Cole,7.5730579092203385,0.28937543464645543
3776,Wenyen,Gabriel,Center,Besiktas Istanbul,BJK,Valencia Basket,home,8.4,0,False,68.0,0.6924425542761201,18.260434667786548,16.840001796346673,8.420000898173337,0.2912260963871259,0.3473326495941445,0.3837557373777689,5.474487877391549,0.6631642455694281,2.924541221547622,5.666666666666667,4.295603944107144,4.580473038993032,0.5452944094039323,Wenyen Gabriel,7.430877434307856,-2.8504043953148237
7212,Derrick,Alston Jr.,Forward,Virtus Bologna,VIR,Fenerbahce Tarfin Istanbul,away,8.4,0,False,37.0,0.6381542247001958,18.260434667786548,20.80956320095363,20.80956320095363,0.438947366163492,0.406424221774127,0.5986394557823129,-9.684472925970258,0.2281481152080165,8.45751052940709,8.702702702702704,8.580106616054897,8.775860131328571,1.0447452537295918,Derrick Alston Jr.,7.430877434307856,1.3449826970207148
11513,Damion,Baugh,Guard,Kosner Baskonia Vitoria-Gasteiz,KBA,Olympiacos Piraeus,home,8.4,0,False,,0.0,18.260434667786548,18.260434667786548,18.260434667786548,0.4085539999944463,0.4085539999944463,0.35,-2.3190072770291024,0.4292102455463942,7.460373625161452,,7.460373625161452,7.780580504713791,0.9262595838944988,Damion Baugh,7.430877434307856,0.3497030704059352
3780,Furkan,Korkmaz,Forward,Besiktas Istanbul,BJK,Valencia Basket,home,8.3,0,False,3.0,0.0609752769462681,18.09670282810261,17.4989480799392,13.1242110599544,0.3473145909933672,0.3532748021163197,0.3483703620164655,5.474487877391549,0.6631642455694281,4.636453065138205,,4.636453065138205,4.943926055044249,0.5956537415715962,Furkan Korkmaz,7.28848177775841,-2.3445557227141602
3816,Markus,Howard,Guard,Kosner Baskonia Vitoria-Gasteiz,KBA,Olympiacos Piraeus,home,8.3,0,False,127.0,0.8202536420909408,18.09670282810261,21.06262453431949,21.06262453431949,0.4419646270305459,0.388009402843416,0.5022899957527693,-2.3190072770291024,0.4292102455463942,8.172496367876388,6.913043478260869,7.542769923068628,7.866513336146653,0.9477726911020063,Markus Howard,7.28848177775841,0.5780315583882434
3905,Iffe,Lundberg,Guard,Maccabi Rapyd Tel Aviv,MTA,LDLC ASVEL Villeurbanne,away,8.3,0,False,145.0,0.8234212313699432,18.09670282810261,20.77965165648636,20.77965165648636,0.4385907295671625,0.4157165566401257,0.4172034229930793,2.207866763999084,0.5674304054708343,8.638445234815794,12.375,10.506722617407895,11.102906004904431,1.3376995186631844,Iffe Lundberg,7.28848177775841,3.814424227146022
4251,Brancou,Badio,Guard,Panathinaikos AKTOR Athens,PAO,Paris Basketball,home,8.3,0,False,41.0,0.6353680657128732,18.09670282810261,19.33968102571726,4.144813281671521,0.2402528555406655,0.384368678951734,0.4848934324745365,4.8379134363799245,0.645108367576374,1.5931364055776838,9.575,5.584068202788842,5.944301115062467,0.7161808572364418,Brancou Badio,7.28848177775841,-1.3441806626959423
8846,Tonye,Jekiri,Center,Partizan Mozzart Bet Belgrade,PAR,Armani Olimpia Milan,home,8.3,0,False,126.0,0.7399633825693925,18.09670282810261,18.769049864614896,18.769049864614896,0.4146182402691959,0.4773654756611863,0.3764079364194755,3.384110311249452,0.6026900527022683,8.959696416330415,9.866666666666667,9.413181541498542,9.98050462943272,1.2024704372810504,Tonye Jekiri,7.28848177775841,2.692022851674311
3797,Moustapha,Fall,Center,Panathinaikos AKTOR Athens,PAO,Paris Basketball,home,8.2,0,False,181.0,0.8362918852103866,17.930993371564085,20.10759678218005,8.618780640120143,0.2935961555682812,0.520795500928233,0.8231898239156209,4.8379134363799245,0.645108367576374,4.488622180861927,3.6666666666666665,4.077644423764297,4.340696677541446,0.529353253358713,Moustapha Fall,7.1458709395719975,-2.805174262030551
3801,Nicolo,Melli,Forward,Fenerbahce Tarfin Istanbul,FBT,Virtus Bologna,home,8.2,0,False,207.0,0.8719202662071374,17.930993371564085,22.20263680097834,19.66137053035522,0.42525741690591,0.4250291091326773,0.6509344559393258,9.684472925970258,0.7718518847919835,8.356654800844353,10.114285714285714,9.235470257565034,9.94831177008922,1.2132087524499051,Nicolo Melli,7.1458709395719975,2.802440830517222
3861,Thomas,Walkup,Guard,Olympiacos Piraeus,OLY,Kosner Baskonia Vitoria-Gasteiz,away,8.2,0,False,277.0,0.8943258970080453,17.930993371564085,22.87248036515298,21.37759747937594,0.4457200626344736,0.4004360277267046,0.8537487207547328,2.3190072770291024,0.5707897544536058,8.560360216981715,9.54054054054054,9.050450378761129,9.567040813699888,1.166712294353645,Thomas Walkup,7.1458709395719975,2.421169874127891
3925,Devon,Hall,Guard,Armani Olimpia Milan,MIL,Partizan Mozzart Bet Belgrade,away,8.2,0,False,160.0,0.8662674888610036,17.930993371564085,24.26798213781092,24.26798213781092,0.4801822398649257,0.3555277908053659,0.6243624715047666,-3.384110311249452,0.3973099472977317,8.627942076759997,8.428571428571429,8.528256752665712,8.867092876760026,1.0813527898487838,Devon Hall,7.1458709395719975,1.7212219371880284
3838,Collin,Malcolm,Forward,Anadolu Efes Istanbul,EFS,FC Barcelona,away,8.1,0,False,73.0,0.7644489238407427,17.763306298170992,21.240474367645177,20.62210879486025,0.4367123394356249,0.374739641434877,0.5228827440023124,-4.9394518773418845,0.3519883567666539,7.727921655416953,8.5,8.113960827708476,8.399562801569887,1.0369830619222085,Collin Malcolm,7.003044919748623,1.3965178818212642
3880,Derek ,Willis,Forward,Partizan Mozzart Bet Belgrade,PAR,Armani Olimpia Milan,home,8.1,0,False,81.0,0.7098968266951066,17.763306298170992,15.169591454256826,0.0,0.1908340733438913,0.3593348482440869,0.2392638560005003,3.384110311249452,0.6026900527022683,0.0,7.964285714285714,3.982142857142857,4.222142645986796,0.5212521785168884,Derek  Willis,7.003044919748623,-2.7809022737618267
3980,Aleksander,Balcerowski,Center,FC Barcelona,BAR,Anadolu Efes Istanbul,home,8.0,0,False,30.0,0.2485267329553783,17.593641607923306,10.253129122206452,0.0,0.1908340733438913,0.2379985513111072,0.2768296336202517,4.9394518773418845,0.648011643233346,0.0,,0.0,0.0,0.0,Aleksander Balcerowski,6.860003718288283,-6.860003718288283
7209,Lamar,Stevens,Forward,Partizan Mozzart Bet Belgrade,PAR,Armani Olimpia Milan,home,8.0,0,False,23.0,0.4938033088390378,17.593641607923306,18.763072030976808,18.763072030976808,0.414546966308587,0.4066895409514406,0.3274336283185841,3.384110311249452,0.6026900527022683,7.630745151116773,7.956521739130435,7.793633445123604,8.263347980301974,1.0329184975377468,Lamar Stevens,6.860003718288283,1.4033442620136913
7215,Dylan,Osetkowski,Forward,Valencia Basket,VBC,Besiktas Istanbul,away,8.0,0,False,61.0,0.6722457191794003,17.593641607923306,18.35338186960909,18.35338186960909,0.4096622133711453,0.3700409212803838,0.4799401990242509,-5.474487877391549,0.3368357544305719,6.791502335640841,6.891891891891892,6.841697113766367,7.072149934656462,0.8840187418320578,Dylan Osetkowski,6.860003718288283,0.2121462163681791
7226,Allan,Dokossi,Center,Paris Basketball,PBB,Panathinaikos AKTOR Athens,away,8.0,0,False,34.0,0.538874777603148,17.593641607923306,16.75493180964825,12.566198857236188,0.3406613881503787,0.4441956499677036,0.3865030674846625,-4.8379134363799245,0.354891632423626,5.581850869013444,8.617647058823529,7.099748963918486,7.351713113878785,0.918964139234848,Allan Dokossi,6.860003718288283,0.49170939559050186
8727,Braxton,Key,Forward,Fenerbahce Tarfin Istanbul,FBT,Virtus Bologna,home,8.0,0,False,34.0,0.5515452070459722,17.593641607923306,17.256124720350364,7.640512815799446,0.2819322273633609,0.3408513065304484,0.1605316973415133,9.684472925970258,0.7718518847919835,2.6042787758278765,6.617647058823529,4.610962917325702,4.966860959170081,0.6208576198962601,Braxton Key,6.860003718288283,-1.8931427591182022
11509,Eugene,German,Guard,Hapoel IBI Tel Aviv,HTA,FC Bayern Munich,home,8.0,0,False,,0.0,17.593641607923306,17.593641607923306,4.061452399474301,0.2392589402539982,0.2392589402539982,0.35,7.929190439127693,0.7290484697909784,0.9717387969902794,,0.9717387969902794,1.0425832652885083,0.1303229081610635,Eugene German,6.860003718288283,-5.817420452999775
11535,Max,Shulga,Guard,Real Madrid,RMB,Dubai Basketball,away,8.0,0,False,,0.0,17.593641607923306,17.593641607923306,8.775246093638485,0.2954616997178657,0.2954616997178657,0.35,1.0300554578917749,0.5315771609474332,2.592749126268988,,2.592749126268988,2.730573748228089,0.3413217185285111,Max Shulga,6.860003718288283,-4.129429970060194
7243,Nathan,Sestina,Forward,LDLC ASVEL Villeurbanne,ASV,Maccabi Rapyd Tel Aviv,home,7.9,0,False,48.0,0.4600472949636398,17.42199930082105,12.05551798492876,0.0,0.1908340733438913,0.2105469700992025,0.1802698406798708,-2.207866763999084,0.4325695945291656,0.0,1.1764705882352942,0.5882352941176471,0.6136805643840686,0.0776810840992491,Nathan Sestina,6.7167473351909806,-6.103066770806912
8834,Chris,Silva,Center,Fenerbahce Tarfin Istanbul,FBT,Virtus Bologna,home,7.9,0,False,16.0,0.2283181515647457,17.42199930082105,13.892509504456974,0.0,0.1908340733438913,0.2587712175613371,0.2083333333333333,9.684472925970258,0.7718518847919835,0.0,4.25,2.125,2.2890185255182964,0.2897491804453539,Chris Silva,6.7167473351909806,-4.427728809672685
3826,Frank,Ntilikina,Guard,Paris Basketball,PBB,Panathinaikos AKTOR Athens,away,7.8,0,False,45.0,0.6142197320820335,17.2483793768642,17.440754138093094,17.440754138093094,0.3987809147394402,0.2945575719785057,0.3047783995026201,-4.8379134363799245,0.354891632423626,5.137306192390778,2.583333333333333,3.860319762862056,3.997319281093986,0.5124768309094854,Frank Ntilikina,6.573275770456712,-2.5759564893627265
4097,Nikola,Tanaskovic,Center,Partizan Mozzart Bet Belgrade,PAR,Armani Olimpia Milan,home,7.8,0,False,,0.0,17.2483793768642,17.2483793768642,8.6241896884321,0.2936606478776459,0.2936606478776459,0.35,3.384110311249452,0.6026900527022683,2.532585131324684,,2.532585131324684,2.6852215179517893,0.3442591689681781,Nikola Tanaskovic,6.573275770456712,-3.888054252504923
11502,Olivier,Nkamboua,Forward,FC Barcelona,BAR,Anadolu Efes Istanbul,home,7.8,0,False,,0.0,17.2483793768642,17.2483793768642,17.2483793768642,0.3964872224114005,0.3964872224114005,0.35,4.9394518773418845,0.648011643233346,6.83876203023097,,6.83876203023097,7.281921772320148,0.933579714400019,Olivier Nkamboua,6.573275770456712,0.7086460018634355
3824,Luca,Vildoza,Guard,Partizan Mozzart Bet Belgrade,PAR,Armani Olimpia Milan,home,7.7,0,False,203.0,0.8483321840984434,17.072781836052783,19.45601700401713,19.45601700401713,0.4228089782183779,0.4046465284843705,0.4499515854080751,3.384110311249452,0.6026900527022683,7.872809738808416,9.903225806451612,8.888017772630015,9.423689762610524,1.223855813326042,Luca Vildoza,6.429589024085482,2.9941007385250415
3960,Tamir,Blatt,Guard,Hapoel IBI Tel Aviv,HTA,FC Bayern Munich,home,7.7,0,False,162.0,0.8356204594164376,17.072781836052783,19.17724337532848,8.854046576344242,0.2964012411705668,0.4113395176342163,0.3634356075293015,7.929190439127693,0.7290484697909784,3.642019247824325,8.842105263157896,6.24206225549111,6.697138849061691,0.8697582920859339,Tamir Blatt,6.429589024085482,0.26754982497620894
4195,Justinian,Jessup,Guard,FC Bayern Munich,BAY,Hapoel IBI Tel Aviv,away,7.7,0,False,37.0,0.6030538391309526,17.072781836052783,18.44798775615916,18.44798775615916,0.410790203315258,0.4085231763560044,0.1856171039844509,-7.929190439127693,0.2709515302090216,7.536430555522819,7.864864864864865,7.7006477101938415,7.909297938261604,1.0271815504235848,Justinian Jessup,6.429589024085482,1.479708914176122
4758,Perry,Dozier,Guard,Anadolu Efes Istanbul,EFS,FC Barcelona,away,7.7,0,False,,0.0,17.072781836052783,17.072781836052783,4.143937164019978,0.2402424095532451,0.2402424095532451,0.35,-4.9394518773418845,0.3519883567666539,0.9955494493214008,,0.9955494493214008,1.0305916307960596,0.1338430689345532,Perry Dozier,6.429589024085482,-5.398997393289422
3828,Georgios,Papagiannis,Center,Anadolu Efes Istanbul,EFS,FC Barcelona,away,7.5,0,False,219.0,0.8372910301812653,16.715653903866194,18.27683896393293,17.74475254255593,0.4024055004366413,0.5013870021454438,0.4370021597668601,-4.9394518773418845,0.3519883567666539,8.89698828112486,5.2,7.048494140562431,7.296592927584028,0.9728790570112036,Georgios Papagiannis,6.141569986432124,1.1550229411519037
3842,Scottie,Wilbekin,Guard,Besiktas Istanbul,BJK,Valencia Basket,home,7.5,0,False,197.0,0.8472143676245775,16.715653903866194,23.090803749382456,23.090803749382456,0.4661466926807507,0.493181771436497,0.6955196479443843,5.474487877391549,0.6631642455694281,11.387963497012947,5.0,8.193981748506474,8.73737732095227,1.164983642793636,Scottie Wilbekin,6.141569986432124,2.5958073345201456
3846,Tyson,Ward,Forward,Olympiacos Piraeus,OLY,Kosner Baskonia Vitoria-Gasteiz,away,7.5,0,False,73.0,0.7634891208321517,16.715653903866194,21.055206308883157,19.679095495138284,0.4254687524027183,0.421026320311909,0.600414480927401,2.3190072770291024,0.5707897544536058,8.285417163384738,7.771428571428571,8.028422867406654,8.48667701912033,1.131556935882711,Tyson Ward,6.141569986432124,2.3451070326882064
3883,Johannes,Voigtmann,Center,FC Bayern Munich,BAY,Hapoel IBI Tel Aviv,away,7.5,0,False,241.0,0.8580712884629883,16.715653903866194,18.307177007319428,18.307177007319428,0.4091113108646266,0.4481701675198519,0.5062593564803568,-7.929190439127693,0.2709515302090216,8.20473058618593,5.0,6.602365293092965,6.781257391009213,0.9041676521345616,Johannes Voigtmann,6.141569986432124,0.6396874045770886
3948,Mbaye,Ndiaye,Forward,Olympiacos Piraeus,OLY,Kosner Baskonia Vitoria-Gasteiz,away,7.5,0,False,68.0,0.7249424289819796,16.715653903866194,17.873124276691065,4.176246414753543,0.2406276341017196,0.3657866370363718,0.2539162306360576,2.3190072770291024,0.5707897544536058,1.5276151314879036,10.25,5.888807565743952,6.224934668191505,0.8299912890922007,Mbaye Ndiaye,6.141569986432124,0.08336468175938094
4159,Khadeen,Carrington,Guard,Hapoel IBI Tel Aviv,HTA,FC Bayern Munich,home,7.5,0,False,,0.0,16.715653903866194,16.715653903866194,0.0,0.1908340733438913,0.1908340733438913,0.35,7.929190439127693,0.7290484697909784,0.0,,0.0,0.0,0.0,Khadeen Carrington,6.141569986432124,-6.141569986432124
4246,Semi,Ojeleye,Forward,Crvena Zvezda Meridianbet Belgrade,CZV,Zalgiris Kaunas,home,7.5,0,False,90.0,0.7805827753507883,16.715653903866194,21.363167532298828,21.363167532298828,0.4455480137716531,0.4439593907214751,0.3286139963730644,3.282008052676188,0.5996580697308518,9.484378841520186,7.846153846153846,8.665266343837017,9.18488603278192,1.224651471037589,Semi Ojeleye,6.141569986432124,3.043316046349796
11520,Yves,Pons,Forward,LDLC ASVEL Villeurbanne,ASV,Maccabi Rapyd Tel Aviv,home,7.5,0,False,30.0,0.360073407046022,16.715653903866194,15.026639274287868,7.513319637143934,0.2804156977718621,0.2579461971358079,0.2301072178151379,-2.207866763999084,0.4325695945291656,1.938032228267066,,1.938032228267066,2.02186560978366,0.269582081304488,Yves Pons,6.141569986432124,-4.119704376648464
3911,Kevarrius,Hayes,Center,Partizan Mozzart Bet Belgrade,PAR,Armani Olimpia Milan,home,7.3,0,False,169.0,0.8305216839965337,16.350615504261285,17.1045910561296,4.2761477640324,0.241818762069536,0.3929204157908841,0.4888225118704472,3.384110311249452,0.6026900527022683,1.6801857574268702,7.25,4.465092878713435,4.734199584952667,0.6485204910894065,Kevarrius Hayes,5.852690222230912,-1.1184906372782448
3957,Oscar,Da Silva,Forward,FC Bayern Munich,BAY,Hapoel IBI Tel Aviv,away,7.3,0,False,157.0,0.7925413281694044,16.350615504261285,15.310512703816196,0.0,0.1908340733438913,0.3561356238186747,0.3448343381527687,-7.929190439127693,0.2709515302090216,0.0,7.527777777777778,3.763888888888889,3.865872034287007,0.5295715115461653,Oscar Da Silva,5.852690222230912,-1.9868181879439049
3963,Alessandro,Pajola,Guard,Partizan Mozzart Bet Belgrade,PAR,Armani Olimpia Milan,home,7.3,0,False,117.0,0.7905435479319207,16.350615504261285,18.72416047971672,18.72416047971672,0.414083022254662,0.3340330183454953,0.3887671122728719,3.384110311249452,0.6026900527022683,6.254487841025213,6.875,6.564743920512607,6.96039450645567,0.9534786995144754,Alessandro Pajola,5.852690222230912,1.1077042842247584
3942,Maodo,Lo,Guard,Zalgiris Kaunas,ZAL,Crvena Zvezda Meridianbet Belgrade,away,7.2,0,False,234.0,0.8606789619006434,16.165129879176956,19.40871448995144,19.020083027676115,0.417611319176839,0.4242599516216499,0.3822165236322702,-3.282008052676188,0.4003419302691482,8.069459505161634,7.024390243902439,7.546924874532037,7.849059921718677,1.0901472113498163,Maodo Lo,5.70792756767486,2.141132354043817
7867,Armando,Bacot,Center,Maccabi Rapyd Tel Aviv,MTA,LDLC ASVEL Villeurbanne,away,7.2,0,False,26.0,0.3585263211350877,16.165129879176956,11.586160259538255,0.0,0.1908340733438913,0.1701246399462603,0.184322033898305,2.207866763999084,0.5674304054708343,0.0,1.09375,0.546875,0.5779063502991862,0.0802647708748869,Armando Bacot,5.70792756767486,-5.130021217375673
11539,Elias,Valtonen,Forward,Valencia Basket,VBC,Besiktas Istanbul,away,7.2,0,False,,0.0,16.165129879176956,16.165129879176956,8.082564939588478,0.2872028333329359,0.2872028333329359,0.35,-5.474487877391549,0.3368357544305719,2.3213355512472607,,2.3213355512472607,2.3995264324163483,0.3332675600578261,Elias Valtonen,5.70792756767486,-3.3084011352585114
3917,Kamar,Baldwin,Guard,FC Bayern Munich,BAY,Hapoel IBI Tel Aviv,away,7.1,0,False,34.0,0.5612066852721127,15.977666637238052,18.1819906898863,18.1819906898863,0.4076187091634592,0.3530859926098617,0.3957888980038283,-7.929190439127693,0.2709515302090216,6.419806230361769,5.555555555555555,5.987680892958663,6.149918022993711,0.8661856370413678,Kamar Baldwin,5.56294973148184,0.5869682915118712
4129,Myles,Cale,Guard,LDLC ASVEL Villeurbanne,ASV,Maccabi Rapyd Tel Aviv,home,7.1,0,False,34.0,0.5229742555168524,15.977666637238052,14.263076188361763,0.0,0.1908340733438913,0.202537533682557,0.2596425211665099,-2.207866763999084,0.4325695945291656,0.0,2.8205128205128207,1.4102564102564104,1.4712598146130875,0.2072196921990264,Myles Cale,5.56294973148184,-4.091689916868752
3891,Vitto,Brown,Forward,Besiktas Istanbul,BJK,Valencia Basket,home,7.0,0,False,23.0,0.362406236357735,15.788225778444565,12.59562207565456,0.0,0.1908340733438913,0.2391432960835574,0.3466488868274582,5.474487877391549,0.6631642455694281,0.0,,0.0,0.0,0.0,Vitto Brown,5.41775671365186,-5.41775671365186
3973,Joel,Parra,Forward,FC Barcelona,BAR,Anadolu Efes Istanbul,home,7.0,0,False,97.0,0.7466469716356242,15.788225778444565,15.525577661630024,11.644183246222518,0.3296681574385878,0.3363810993101498,0.1771038655811356,4.9394518773418845,0.648011643233346,3.91688316093316,6.85,5.38344158046658,5.732294862947467,0.8188992661353524,Joel Parra,5.41775671365186,0.31453814929560675
3992,Terry,Tarpey,Guard,Paris Basketball,PBB,Panathinaikos AKTOR Athens,away,7.0,0,False,65.0,0.5371832988100197,15.788225778444565,8.547244524641036,0.0,0.1908340733438913,0.2825767915764119,0.1469753936131599,-4.8379134363799245,0.354891632423626,0.0,3.025641025641025,1.5128205128205128,1.5665092469563946,0.2237870352794849,Terry Tarpey,5.41775671365186,-3.8512474666954652
4212,Yoan,Makoundou,Center,FC Barcelona,BAR,Anadolu Efes Istanbul,home,7.0,0,False,13.0,0.1521103642048855,15.788225778444565,8.344217500573196,0.0,0.1908340733438913,0.2678946346169038,0.1507249060526277,4.9394518773418845,0.648011643233346,0.0,4.222222222222222,2.111111111111111,2.24791356912704,0.3211305098752914,Yoan Makoundou,5.41775671365186,-3.16984314452482
4375,Arnas,Butkevicius,Forward,Zalgiris Kaunas,ZAL,Crvena Zvezda Meridianbet Belgrade,away,7.0,0,False,130.0,0.8202262148005003,15.788225778444565,19.64607241336713,19.25268820165508,0.4203846803995364,0.3551760717850643,0.4506786629061411,-3.282008052676188,0.4003419302691482,6.8380941667665045,7.605263157894737,7.221678662330621,7.510792739876718,1.0729703914109596,Arnas Butkevicius,5.41775671365186,2.0930360262248575
7229,Mouhamed,Faye,Center,Paris Basketball,PBB,Panathinaikos AKTOR Athens,away,7.0,0,False,38.0,0.581030821293061,15.788225778444565,16.6441430637774,8.3220715318887,0.290058480455067,0.3601285106068438,0.5076481835564054,-4.8379134363799245,0.354891632423626,2.9970152259426923,7.052631578947368,5.02482340244503,5.2031501804384455,0.7433071686340637,Mouhamed Faye,5.41775671365186,-0.2146065332134146
8993,Cory,Joseph,Guard,Olympiacos Piraeus,OLY,Kosner Baskonia Vitoria-Gasteiz,away,7.0,0,False,16.0,0.3461069523816011,15.788225778444565,15.698968717328112,0.0,0.1908340733438913,0.2748535282366927,0.2083333333333333,2.3190072770291024,0.5707897544536058,0.0,6.75,3.375,3.5676415421280923,0.5096630774468703,Cory Joseph,5.41775671365186,-1.8501151715237678
3952,Mam,Jaiteh,Center,Dubai Basketball,DUB,Real Madrid,home,6.8,0,False,89.0,0.6595080497873915,15.403411210293848,12.906350575194976,0.0,0.1908340733438913,0.4270082877201553,0.3940487574710669,-1.0300554578917749,0.4684228390525667,0.0,,0.0,0.0,0.0,Mam Jaiteh,5.126725133081004,-5.126725133081004
7217,Tyson,Carter,Guard,Crvena Zvezda Meridianbet Belgrade,CZV,Zalgiris Kaunas,home,6.8,0,False,15.0,0.2771584409332135,15.403411210293848,14.233831294886404,0.0,0.1908340733438913,0.1725374635849704,0.3732433667727708,3.282008052676188,0.5996580697308518,0.0,1.8333333333333333,0.9166666666666666,0.9716353230586616,0.1428875475086267,Tyson Carter,5.126725133081004,-4.155089810022343
7390,Tobias,Jensen,Guard,FC Bayern Munich,BAY,Hapoel IBI Tel Aviv,away,6.8,0,False,,0.0,15.403411210293848,15.403411210293848,3.850852802573462,0.2367479524476249,0.2367479524476249,0.35,-7.929190439127693,0.2709515302090216,0.9116815161864652,,0.9116815161864652,0.9363836663738656,0.1377034803490979,Tobias Jensen,5.126725133081004,-4.190341466707139
7328,Kaodirichi,Akobundu-Ehiogu,Center,Zalgiris Kaunas,ZAL,Crvena Zvezda Meridianbet Belgrade,away,6.7,0,False,,0.0,15.20803750093662,15.20803750093662,0.0,0.1908340733438913,0.1908340733438913,0.35,-3.282008052676188,0.4003419302691482,0.0,,0.0,0.0,0.0,Kaodirichi Akobundu-Ehiogu,4.980886570340132,-4.980886570340132
11498,Davion,Mintz,Guard,Dubai Basketball,DUB,Real Madrid,home,6.6,0,False,,0.0,15.010686174724809,15.010686174724809,0.0,0.1908340733438913,0.1908340733438913,0.35,-1.0300554578917749,0.4684228390525667,0.0,,0.0,0.0,0.0,Davion Mintz,4.834832825962293,-4.834832825962293
3904,Justin,Anderson,Forward,Dubai Basketball,DUB,Real Madrid,home,6.5,0,False,88.0,0.7762719054041819,14.81135723165842,19.42755586022664,13.228204949687573,0.3485545144922725,0.327531739258987,0.4263670630171278,-1.0300554578917749,0.4684228390525667,4.332656974445511,6.147058823529412,5.239857898987461,5.485304810315034,0.8438930477407744,Justin Anderson,4.688563899947491,0.7967409103675429
4167,Ish,Wainright,Forward,Hapoel IBI Tel Aviv,HTA,FC Bayern Munich,home,6.5,0,False,42.0,0.6728477985723895,14.81135723165842,20.08796489467089,13.911783877410716,0.3567048546518251,0.2390517017931866,0.6750448833034111,7.929190439127693,0.7290484697909784,3.325635610874049,4.190476190476191,3.75805590067512,4.032036391052735,0.6203132909311899,Ish Wainright,4.688563899947491,-0.6565275088947562
7225,David,Kramer,Guard,Crvena Zvezda Meridianbet Belgrade,CZV,Zalgiris Kaunas,home,6.5,0,False,20.0,0.2613238361426676,14.81135723165842,11.2034726614052,0.0,0.1908340733438913,0.1618902585898153,0.2226687247367425,3.282008052676188,0.5996580697308518,0.0,0.6666666666666666,0.3333333333333333,0.3533219356576951,0.0543572208704146,David Kramer,4.688563899947491,-4.335241964289796
7234,Yankuba,Sima,Center,Valencia Basket,VBC,Besiktas Istanbul,away,6.5,0,False,6.0,0.095089161996007,14.81135723165842,12.233621867384027,0.0,0.1908340733438913,0.1784566278216115,0.2531645569620253,-5.474487877391549,0.3368357544305719,0.0,0.3333333333333333,0.1666666666666666,0.1722805959071761,0.0265047070626424,Yankuba Sima,4.688563899947491,-4.516283304040315
7238,Rodions,Kurucs,Forward,Kosner Baskonia Vitoria-Gasteiz,KBA,Olympiacos Piraeus,home,6.5,0,False,26.0,0.5389048991354467,14.81135723165842,17.781772866895654,17.781772866895654,0.4028468953128566,0.3660389142652941,0.519208381839348,-2.3190072770291024,0.4292102455463942,6.508820833910551,6.814814814814815,6.661817824362683,6.947749870780688,1.0688845955047213,Rodions Kurucs,4.688563899947491,2.2591859708331974
7424,Aliou,Diarra,Center,Virtus Bologna,VIR,Fenerbahce Tarfin Istanbul,away,6.5,0,False,28.0,0.3877504164572687,14.81135723165842,11.856644616321503,0.0,0.1908340733438913,0.3510235476356551,0.2243797195253506,-9.684472925970258,0.2281481152080165,0.0,5.806451612903226,2.903225806451613,2.9694623560281337,0.4568403624658667,Aliou Diarra,4.688563899947491,-1.7191015439193573
11525,Antonis,Karagiannidis,Center,Olympiacos Piraeus,OLY,Kosner Baskonia Vitoria-Gasteiz,away,6.5,0,False,,0.0,14.81135723165842,14.81135723165842,0.0,0.1908340733438913,0.1908340733438913,0.35,2.3190072770291024,0.5707897544536058,0.0,,0.0,0.0,0.0,Antonis Karagiannidis,4.688563899947491,-4.688563899947491
3852,Edgaras,Ulanovas,Forward,Zalgiris Kaunas,ZAL,Crvena Zvezda Meridianbet Belgrade,away,6.4,0,False,269.0,0.8947537245998517,14.610050671737447,22.591652323996463,22.139287130905693,0.4548017202225099,0.3806331538274023,0.6286055202636498,-3.282008052676188,0.4003419302691482,8.426946684127055,6.642857142857143,7.534901913492099,7.836555631135711,1.2244618173649549,Edgaras Ulanovas,4.542079792295725,3.294475838839986
3915,Matteo,Spagnolo,Guard,Kosner Baskonia Vitoria-Gasteiz,KBA,Olympiacos Piraeus,home,6.4,0,False,89.0,0.7508984845156811,14.610050671737447,17.211516363469837,12.908637272602377,0.3447442957060999,0.3747335875841203,0.326371424673077,-2.3190072770291024,0.4292102455463942,4.837299955984383,6.27027027027027,5.553785113127327,5.792159260339055,0.9050248844279772,Matteo Spagnolo,4.542079792295725,1.2500794680433298
3967,Dario,Brizuela,Guard,FC Barcelona,BAR,Anadolu Efes Istanbul,home,6.4,0,False,106.0,0.7575968215549835,14.610050671737447,15.082448615870105,7.541224307935051,0.2807484063293735,0.3603142884662612,0.1188027679207712,4.9394518773418845,0.648011643233346,2.717210870678091,5.868421052631579,4.292815961654835,4.570995434195863,0.7142180365931036,Dario Brizuela,4.542079792295725,0.028915641900137956
7219,Amath,M'baye,Forward,Paris Basketball,PBB,Panathinaikos AKTOR Athens,away,6.4,0,False,67.0,0.6850552321665772,14.610050671737447,17.576465405646175,17.576465405646175,0.4003990058613035,0.3644675412296246,0.4813536955327753,-4.8379134363799245,0.354891632423626,6.406051129903418,6.176470588235294,6.291260859069356,6.514532442697155,1.0178956941714306,Amath M'baye,4.542079792295725,1.9724526504014301
3918,Marius,Grigonis,Forward,Zalgiris Kaunas,ZAL,Crvena Zvezda Meridianbet Belgrade,away,6.3,0,False,185.0,0.8155437302167753,14.406766494961897,17.319244683656155,12.729338876242691,0.3426065134235753,0.3828991135207854,0.4755541053404213,-3.282008052676188,0.4003419302691482,4.874052571418996,0.3333333333333333,2.6036929523761647,2.70792969861441,0.4298301108911762,Marius Grigonis,4.395380503006994,-1.6874508043925838
4073,Tai,Odiase,Center,Hapoel IBI Tel Aviv,HTA,FC Bayern Munich,home,6.3,0,False,29.0,0.4235847504542272,14.406766494961897,11.313498475527783,0.0,0.1908340733438913,0.2496362642108188,0.1360544217687074,7.929190439127693,0.7290484697909784,0.0,3.081081081081081,1.5405405405405406,1.652853412913745,0.2623576845894834,Tai Odiase,4.395380503006994,-2.7425270900932484
4084,Dustin,Sleva,Forward,Zalgiris Kaunas,ZAL,Crvena Zvezda Meridianbet Belgrade,away,6.3,0,False,42.0,0.6204591495438393,14.406766494961897,16.9127527809558,8.287049672632499,0.2896409133616682,0.3139812083106801,0.2324955116696589,-3.282008052676188,0.4003419302691482,2.601977869543778,6.023809523809524,4.312893696676651,4.4855569154339685,0.711993161179995,Dustin Sleva,4.395380503006994,0.09017641242697483
4156,Jeremy,Morgan,Forward,Paris Basketball,PBB,Panathinaikos AKTOR Athens,away,6.3,0,False,32.0,0.5463793988203974,14.406766494961897,16.312065605209842,4.0780164013024605,0.2394564335409147,0.2869519701778845,0.4184322033898305,-4.8379134363799245,0.354891632423626,1.1701948407714675,5.78125,3.475722420385734,3.599072900747943,0.5712814128171338,Jeremy Morgan,4.395380503006994,-0.7963076022590507
7232,Bodian,Massa,Forward,LDLC ASVEL Villeurbanne,ASV,Maccabi Rapyd Tel Aviv,home,6.3,0,False,34.0,0.5338656328842258,14.406766494961897,14.748161987468473,0.0,0.1908340733438913,0.238525185050554,0.3735177865612648,-2.207866763999084,0.4325695945291656,0.0,4.194444444444445,2.0972222222222223,2.1879416788526447,0.3472923299766103,Bodian Massa,4.395380503006994,-2.207438824154349
11506,Ignas,Sargiunas,Guard,Fenerbahce Tarfin Istanbul,FBT,Virtus Bologna,home,6.3,0,False,,0.0,14.406766494961897,14.406766494961897,3.189449711996272,0.2288620157223098,0.2288620157223098,0.35,9.684472925970258,0.7718518847919835,0.7299438901324072,,0.7299438901324072,0.7862847468715163,0.1248071026780184,Ignas Sargiunas,4.395380503006994,-3.6090957561354773
3851,Andres,Feliz,Guard,Real Madrid,RMB,Dubai Basketball,away,6.2,0,False,72.0,0.6900275668817186,14.201504701331764,15.254309541318548,0.0,0.1908340733438913,0.3201927119314252,0.2040783193168165,1.0300554578917749,0.5315771609474332,0.0,6.717948717948718,3.358974358974359,3.537529764318241,0.5705693168255227,Andres Feliz,4.2484660320813,-0.7109362677630591
3927,Daulton,Hommes,Forward,Paris Basketball,PBB,Panathinaikos AKTOR Athens,away,6.2,0,False,58.0,0.6065209060525052,14.201504701331764,15.07557060288669,0.0,0.1908340733438913,0.285425398450102,0.4090134702172108,-4.8379134363799245,0.354891632423626,0.0,4.090909090909091,2.0454545454545454,2.1180460157230145,0.3416203251166152,Daulton Hommes,4.2484660320813,-2.1304200163582854
3835,Usman,Garuba,Center,Real Madrid,RMB,Dubai Basketball,away,6.1,0,False,120.0,0.7128275133446288,13.99426529084705,13.131847676225494,0.0,0.1908340733438913,0.3493769727724148,0.2391365214227302,1.0300554578917749,0.5315771609474332,0.0,6.243902439024391,3.1219512195121952,3.2879070161006623,0.5390011501804365,Usman Garuba,4.101336379518639,-0.8134293634179763
7378,Agustin,Ubal,Guard,FC Barcelona,BAR,Anadolu Efes Istanbul,home,6.1,0,False,1.0,0.0029125522342049,13.99426529084705,12.649521516016344,3.1623803790040856,0.2285392669323297,0.2289796668738243,0.3150523946900451,4.9394518773418845,0.648011643233346,0.7241208057126737,,0.7241208057126737,0.7710446770336061,0.1264007667268206,Agustin Ubal,4.101336379518639,-3.3302917024850327
3869,Mikael,Jantunen,Forward,Real Madrid,RMB,Dubai Basketball,away,6.0,0,False,74.0,0.760355931352958,13.785048263507758,19.7917244071935,19.743184061721315,0.4262328830638691,0.3490509639910608,0.5938761129972455,1.0300554578917749,0.5315771609474332,6.8913774289967735,4.944444444444445,5.9179109367206095,6.232493566168781,1.0387489276947968,Mikael Jantunen,3.953991545319017,2.278502020849764
4094,Kenan,Kamenjas,Center,Dubai Basketball,DUB,Real Madrid,home,5.9,0,False,28.0,0.3925580771425931,13.573853619313889,10.83795989883322,0.0,0.1908340733438913,0.3250324984023869,0.1952965235173824,-1.0300554578917749,0.4684228390525667,0.0,4.764705882352941,2.3823529411764706,2.493947794009582,0.4227030159338274,Kenan Kamenjas,3.8064315294824294,-1.3124837354728474
11523,Shane,Hunter,Center,Maccabi Rapyd Tel Aviv,MTA,LDLC ASVEL Villeurbanne,away,5.9,0,False,,0.0,13.573853619313889,13.573853619313889,6.786926809656944,0.2717548856938806,0.2717548856938806,0.35,2.207866763999084,0.5674304054708343,1.8443805193710567,,1.8443805193710567,1.94903627796598,0.3303451318586405,Shane Hunter,3.8064315294824294,-1.8573952515164494
3954,Khalifa,Diop,Center,Kosner Baskonia Vitoria-Gasteiz,KBA,Olympiacos Piraeus,home,5.8,0,False,74.0,0.6693775655104829,13.360681358265431,13.53364331322972,3.3834108283074302,0.2311746222283762,0.327186054479183,0.4411930152533314,-2.3190072770291024,0.4292102455463942,1.1070048395960526,6.142857142857143,3.6249309912265977,3.780516743309908,0.6518132316051566,Khalifa Diop,3.658656332008878,0.12186041130102998
4234,Tyler,Ennis,Guard,Hapoel IBI Tel Aviv,HTA,FC Bayern Munich,home,5.7,0,False,13.0,0.1657940853217481,13.145531480362395,9.054242238283845,0.0,0.1908340733438913,0.227286575287807,0.2300523974142245,7.929190439127693,0.7290484697909784,0.0,1.6,0.8,0.8583238775832783,0.150583136418119,Tyler Ennis,3.5106659528983606,-2.652342075315082
11531,Nobel,Boungou-colo,Forward,Paris Basketball,PBB,Panathinaikos AKTOR Athens,away,5.7,0,False,,0.0,13.145531480362395,13.145531480362395,0.0,0.1908340733438913,0.1908340733438913,0.35,-4.8379134363799245,0.354891632423626,0.0,,0.0,0.0,0.0,Nobel Boungou-colo,3.5106659528983606,-3.5106659528983606
3836,Konstantinos,Mitoglou,Forward,Panathinaikos AKTOR Athens,PAO,Paris Basketball,home,5.5,0,False,210.0,0.8361082202187066,12.709298873992584,16.28094207188384,0.0,0.1908340733438913,0.402088481774179,0.4003708138588579,4.8379134363799245,0.645108367576374,0.0,4.256410256410256,2.128205128205128,2.2654974218175363,0.411908622148643,Konstantinos Mitoglou,3.2140396497664376,-0.9485422279489013
3962,Mario,Nakic,Forward,Partizan Mozzart Bet Belgrade,PAR,Armani Olimpia Milan,home,5.5,0,False,16.0,0.1731392078001231,12.709298873992584,8.812567914514085,0.0,0.1908340733438913,0.2015595922077718,0.2695866269882688,3.384110311249452,0.6026900527022683,0.0,3.0,1.5,1.5904035079053402,0.2891642741646073,Mario Nakic,3.2140396497664376,-1.6236361418610974
4008,Metecan,Birsen,Forward,Besiktas Istanbul,BJK,Valencia Basket,home,5.5,0,False,77.0,0.5035067751411053,12.709298873992584,7.944785397838062,0.0,0.1908340733438913,0.2026736361352641,0.1371237713918782,5.474487877391549,0.6631642455694281,0.0,2.0,1.0,1.0663164245569428,0.1938757135558077,Metecan Birsen,3.2140396497664376,-2.1477232252094947
4242,Davide,Casarin,Guard,Virtus Bologna,VIR,Fenerbahce Tarfin Istanbul,away,5.5,0,False,,0.0,12.709298873992584,12.709298873992584,3.177324718498146,0.2287174489174621,0.2287174489174621,0.35,-9.684472925970258,0.2281481152080165,0.7267096039972896,,0.7267096039972896,0.7432893466428441,0.1351435175714262,Davide Casarin,3.2140396497664376,-2.4707503031235936
4258,Josep,Puerto,Guard,Valencia Basket,VBC,Besiktas Istanbul,away,5.5,0,False,113.0,0.7185072367690554,12.709298873992584,13.453834959662627,3.363458739915657,0.2309367326435875,0.2674750101240455,0.3784031796311384,-5.474487877391549,0.3368357544305719,0.8996411605107499,5.2368421052631575,3.068241632886954,3.1715909814058305,0.576652905710151,Josep Puerto,3.2140396497664376,-0.04244866836060712
7216,Davis,Bertans,Forward,Dubai Basketball,DUB,Real Madrid,home,5.5,0,False,29.0,0.5346108910747095,12.709298873992584,15.6853145233667,3.560038752999459,0.2332805643654617,0.2667985310142299,0.2285714285714286,-1.0300554578917749,0.4684228390525667,0.9498131096539864,5.333333333333333,3.14157322149366,3.288731686244017,0.5979512156807304,Davis Bertans,3.2140396497664376,0.07469203647757938
7231,Brice,Dessert,Center,Anadolu Efes Istanbul,EFS,FC Barcelona,away,5.5,0,False,17.0,0.3182728442509097,12.709298873992584,12.197260787824389,0.0,0.1908340733438913,0.2648230991956583,0.3817427385892116,-4.9394518773418845,0.3519883567666539,0.0,4.894736842105263,2.4473684210526314,2.533512939945523,0.4606387163537315,Brice Dessert,3.2140396497664376,-0.6805267098209145
8830,Francesco,Ferrari,Forward,Virtus Bologna,VIR,Fenerbahce Tarfin Istanbul,away,5.2,0,False,12.0,0.1965209356513704,12.040117838028513,10.340071962154816,0.0,0.1908340733438913,0.2233342961775618,0.2396946564885496,-9.684472925970258,0.2281481152080165,0.0,2.7333333333333334,1.3666666666666667,1.397846909078429,0.2688167132843132,Francesco Ferrari,2.7674863327913197,-1.3696394237128908
3972,Justus,Hollatz,Guard,FC Bayern Munich,BAY,Hapoel IBI Tel Aviv,away,5.1,0,False,61.0,0.5886602456388185,11.813102258997992,11.126318272681276,0.0,0.1908340733438913,0.2306451460891929,0.4079409903278621,-7.929190439127693,0.2709515302090216,0.0,4.206896551724138,2.103448275862069,2.160441528768105,0.4236159860329618,Justus Hollatz,2.6182048638590167,-0.4577633350909118
7223,Clement,Frisch,Forward,Kosner Baskonia Vitoria-Gasteiz,KBA,Olympiacos Piraeus,home,5.1,0,False,37.0,0.488512306074236,11.813102258997992,11.82207543365124,0.0,0.1908340733438913,0.2921664116741395,0.1826003824091778,-2.3190072770291024,0.4292102455463942,0.0,4.7105263157894735,2.3552631578947367,2.4563534657273745,0.4816379344563479,Clement Frisch,2.6182048638590167,-0.1618513981316423
3830,Deividas,Sirvydis,Guard,Zalgiris Kaunas,ZAL,Crvena Zvezda Meridianbet Belgrade,away,5.0,0,False,61.0,0.6323397480983444,11.584109063112894,11.58021960077556,0.0,0.1908340733438913,0.3024360633690538,0.2417364477743499,-3.282008052676188,0.4003419302691482,0.0,2.317073170731707,1.1585365853658536,1.2049176626531328,0.2409835325306265,Deividas Sirvydis,2.4687082132897524,-1.2637905506366196
3950,Ognjen,Dobric,Forward,Crvena Zvezda Meridianbet Belgrade,CZV,Zalgiris Kaunas,home,5.0,0,False,194.0,0.8107540923725735,11.584109063112894,14.90563173122255,7.452815865611275,0.2796943087721023,0.3189957066095976,0.3602429707214997,3.282008052676188,0.5996580697308518,2.3774162632818885,4.307692307692308,3.3425542854870978,3.542993250567676,0.7085986501135352,Ognjen Dobric,2.4687082132897524,1.0742850372779236
3971,Vanja,Marinkovic,Guard,Partizan Mozzart Bet Belgrade,PAR,Armani Olimpia Milan,home,5.0,0,False,179.0,0.8321238253940265,11.584109063112894,18.25352438374336,13.69014328780752,0.3540622246274522,0.2804114349230243,0.4880115512020045,3.384110311249452,0.6026900527022683,3.838872723635917,4.157894736842105,3.998383730239011,4.239362340349175,0.8478724680698351,Vanja Marinkovic,2.4687082132897524,1.770654127059423
3975,Sebastian,Herrera,Guard,Paris Basketball,PBB,Panathinaikos AKTOR Athens,away,5.0,0,False,53.0,0.6184839593766489,11.584109063112894,11.802747614262993,0.0,0.1908340733438913,0.2400986594162731,0.3178557060480086,-4.8379134363799245,0.354891632423626,0.0,4.864864864864865,2.4324324324324325,2.518757424103044,0.5037514848206088,Sebastian Herrera,2.4687082132897524,0.05004921081329172
3978,Eli,Ndiaye,Forward,Real Madrid,RMB,Dubai Basketball,away,5.0,0,False,67.0,0.5353397744929036,11.584109063112894,9.381578272410565,0.0,0.1908340733438913,0.2482894475283118,0.4101611934083618,1.0300554578917749,0.5315771609474332,0.0,,0.0,0.0,0.0,Eli Ndiaye,2.4687082132897524,-2.4687082132897524
4546,Joel,Ayayi,Guard,Paris Basketball,PBB,Panathinaikos AKTOR Athens,away,5.0,0,False,13.0,0.2253116506672003,11.584109063112894,10.102143626383874,0.0,0.1908340733438913,0.2054543792568605,0.3018867924528302,-4.8379134363799245,0.354891632423626,0.0,2.0588235294117645,1.0294117647058822,1.0659447268671378,0.2131889453734275,Joel Ayayi,2.4687082132897524,-1.4027634864226146
4698,Onuralp,Bitim,Forward,Fenerbahce Tarfin Istanbul,FBT,Virtus Bologna,home,5.0,0,False,41.0,0.4560736711950611,11.584109063112894,8.378161920596753,0.0,0.1908340733438913,0.195515854580013,0.1140947034054812,9.684472925970258,0.7718518847919835,0.0,2.0588235294117645,1.0294117647058822,1.10886710578741,0.221773421157482,Onuralp Bitim,2.4687082132897524,-1.3598411075023424
11510,Frederic,Bourdillon,Guard,Hapoel IBI Tel Aviv,HTA,FC Bayern Munich,home,5.0,0,False,,0.0,11.584109063112894,11.584109063112894,0.0,0.1908340733438913,0.1908340733438913,0.35,7.929190439127693,0.7290484697909784,0.0,,0.0,0.0,0.0,Frederic Bourdillon,2.4687082132897524,-2.4687082132897524
3886,Daniel,Hackett,Guard,Virtus Bologna,VIR,Fenerbahce Tarfin Istanbul,away,4.8,0,False,238.0,0.8570764089742174,11.120189820778954,18.04383856755886,18.04383856755886,0.4059715156279838,0.3686038690265117,0.4914420767029776,-9.684472925970258,0.2281481152080165,6.651028708091988,4.5,5.575514354045994,5.7027186631650775,1.1880663881593911,Daniel Hackett,2.1690693672403283,3.533649295924749
3933,Leopold,Cavaliere,Forward,Paris Basketball,PBB,Panathinaikos AKTOR Athens,away,4.8,0,False,72.0,0.6404312712278983,11.120189820778954,11.976780322621815,0.0,0.1908340733438913,0.2803073123095753,0.2094676830440074,-4.8379134363799245,0.354891632423626,0.0,4.555555555555555,2.2777777777777777,2.358614205163159,0.4913779594089915,Leopold Cavaliere,2.1690693672403283,0.18954483792283083
3985,David,Lighty,Forward,LDLC ASVEL Villeurbanne,ASV,Maccabi Rapyd Tel Aviv,home,4.8,0,False,194.0,0.8490340449775968,11.120189820778954,18.442883807476203,18.442883807476203,0.4107293487215368,0.2923960885749952,0.5689655850147733,-2.207866763999084,0.4325695945291656,5.392627087349158,3.7142857142857135,4.553456400817437,4.75042507971822,0.9896718916079628,David Lighty,2.1690693672403283,2.581355712477892
3994,Yakuba,Ouattara,Guard,Paris Basketball,PBB,Panathinaikos AKTOR Athens,away,4.8,0,False,160.0,0.783265997640754,11.120189820778954,12.63574508516096,0.0,0.1908340733438913,0.2215137275423794,0.4269748826469063,-4.8379134363799245,0.354891632423626,0.0,4.235294117647059,2.117647058823529,2.192800580983827,0.4568334543716306,Yakuba Ouattara,2.1690693672403283,0.023731213743498625
11495,Nikola,Djurisic,Guard,Crvena Zvezda Meridianbet Belgrade,CZV,Zalgiris Kaunas,home,4.8,0,False,,0.0,11.120189820778954,11.120189820778954,0.0,0.1908340733438913,0.1908340733438913,0.35,3.282008052676188,0.5996580697308518,0.0,,0.0,0.0,0.0,Nikola Djurisic,2.1690693672403283,-2.1690693672403283
11521,Marc-owen,Fodzo Dada,Guard,LDLC ASVEL Villeurbanne,ASV,Maccabi Rapyd Tel Aviv,home,4.8,0,False,,0.0,11.120189820778954,11.120189820778954,0.0,0.1908340733438913,0.1908340733438913,0.35,-2.207866763999084,0.4325695945291656,0.0,,0.0,0.0,0.0,Marc-owen Fodzo Dada,2.1690693672403283,-2.1690693672403283
11540,Mario,Saint-supery,Guard,Valencia Basket,VBC,Besiktas Istanbul,away,4.7,0,False,,0.0,10.885263774330111,10.885263774330111,0.0,0.1908340733438913,0.1908340733438913,0.35,-5.474487877391549,0.3368357544305719,0.0,,0.0,0.0,0.0,Mario Saint-supery,2.018927171760171,-2.018927171760171
3896,Juan,Nunez,Guard,FC Barcelona,BAR,Anadolu Efes Istanbul,home,4.6,0,False,36.0,0.4336623335886207,10.64836011102669,10.766250594831185,0.0,0.1908340733438913,0.2976612175877646,0.2200379731374455,4.9394518773418845,0.648011643233346,0.0,-2.0,-1.0,-1.0648011643233346,-0.2314785139833336,Juan Nunez,1.868569794643049,-2.9333709589663837
3979,Giannoulis,Larentzakis,Guard,Olympiacos Piraeus,OLY,Kosner Baskonia Vitoria-Gasteiz,away,4.6,0,False,157.0,0.7103768732374734,10.64836011102669,9.590770759393957,0.0,0.1908340733438913,0.2731943443135781,0.0658462432068461,2.3190072770291024,0.5707897544536058,0.0,0.0,0.0,0.0,0.0,Giannoulis Larentzakis,1.868569794643049,-1.868569794643049
4005,Edwin,Jackson,Forward,LDLC ASVEL Villeurbanne,ASV,Maccabi Rapyd Tel Aviv,home,4.6,0,False,121.0,0.7400711356277846,10.64836011102669,14.791324320601024,3.697831080150256,0.2349234680479904,0.2456338022433314,0.3341986902812773,-2.207866763999084,0.4325695945291656,0.9083123082708724,3.9130434782608696,2.4106778932658712,2.514956489148916,0.5467296715541121,Edwin Jackson,1.868569794643049,0.6463866945058667
3936,Nikos,Rogkavopoulos,Forward,Panathinaikos AKTOR Athens,PAO,Paris Basketball,home,4.5,0,False,,0.0,10.40947883086869,10.40947883086869,0.0,0.1908340733438913,0.1908340733438913,0.35,4.8379134363799245,0.645108367576374,0.0,,0.0,0.0,0.0,Nikos Rogkavopoulos,1.717997235888963,-1.717997235888963
3977,Sergio,Llull,Guard,Real Madrid,RMB,Dubai Basketball,away,4.5,0,False,247.0,0.8472206683029813,10.40947883086869,15.401865257462347,3.841022823678116,0.236630749197921,0.2904932688278456,0.1308691551024941,1.0300554578917749,0.5315771609474332,1.1157912756926176,1.9,1.5078956378463086,1.5880519260634447,0.3529004280140988,Sergio Llull,1.717997235888963,-0.12994530982551833
3984,Sertac,Sanli,Center,Fenerbahce Tarfin Istanbul,FBT,Virtus Bologna,home,4.5,0,False,207.0,0.7811886375883655,10.40947883086869,11.705451841218254,0.0,0.1908340733438913,0.3256632160477979,0.4126616814544771,9.684472925970258,0.7718518847919835,0.0,1.0,0.5,0.5385925942395992,0.1196872431643553,Sertac Sanli,1.717997235888963,-1.1794046416493638
3988,John,Dibartolomeo,Guard,Maccabi Rapyd Tel Aviv,MTA,LDLC ASVEL Villeurbanne,away,4.5,0,False,222.0,0.814033987469319,10.40947883086869,13.243164116550997,3.310791029137749,0.230308773324106,0.3203906465168982,0.1246933043856706,2.207866763999084,0.5674304054708343,1.0607464783077902,3.78125,2.420998239153895,2.558373040402622,0.5685273423116938,John Dibartolomeo,1.717997235888963,0.8403758045136591
3991,Alberto,Abalde,Forward,Real Madrid,RMB,Dubai Basketball,away,4.5,0,False,221.0,0.8433611035653518,10.40947883086869,14.696855897533426,0.0,0.1908340733438913,0.2952508281582122,0.5623053011292275,1.0300554578917749,0.5315771609474332,0.0,3.761904761904762,1.880952380952381,1.9809395136067796,0.4402087808015065,Alberto Abalde,1.717997235888963,0.26294227771781653
3998,Dovydas,Giedraitis,Guard,Zalgiris Kaunas,ZAL,Crvena Zvezda Meridianbet Belgrade,away,4.5,0,False,96.0,0.7357546751408153,10.40947883086869,14.123357438925169,0.0,0.1908340733438913,0.1825526964404534,0.3970270567324788,-3.282008052676188,0.4003419302691482,0.0,1.6363636363636365,0.8181818181818182,0.8509370670220212,0.1890971260048936,Dovydas Giedraitis,1.717997235888963,-0.8670601688669418
4012,Giampaolo,Ricci,Forward,Armani Olimpia Milan,MIL,Partizan Mozzart Bet Belgrade,away,4.5,0,False,157.0,0.768459649236386,10.40947883086869,12.376987812452317,3.0942469531130787,0.2277269092443931,0.2293289708888083,0.2473729555180635,-3.384110311249452,0.3973099472977317,0.7096004694332531,4.421052631578948,2.5653265505061005,2.667249526164406,0.5927221169254235,Giampaolo Ricci,1.717997235888963,0.9492522902754428
4061,Eleftherios,Mantzoukas,Forward,Panathinaikos AKTOR Athens,PAO,Paris Basketball,home,4.5,0,False,53.0,0.4078939996981333,10.40947883086869,7.756229782293001,0.0,0.1908340733438913,0.1638631581508157,0.1193504293344312,4.8379134363799245,0.645108367576374,0.0,,0.0,0.0,0.0,Eleftherios Mantzoukas,1.717997235888963,-1.717997235888963
4165,Tomer,Ginat,Forward,Hapoel IBI Tel Aviv,HTA,FC Bayern Munich,home,4.5,0,False,14.0,0.225800208066194,10.40947883086869,8.986226185819469,0.0,0.1908340733438913,0.2184862058646728,0.1936376210235131,7.929190439127693,0.7290484697909784,0.0,2.263157894736842,1.131578947368421,1.2140765373710845,0.2697947860824632,Tomer Ginat,1.717997235888963,-0.5039206985178786
7228,Klemen,Prepelic,Guard,Dubai Basketball,DUB,Real Madrid,home,4.5,0,False,107.0,0.6850333696097086,10.40947883086869,12.867132434603562,0.0,0.1908340733438913,0.3197676739002206,0.2624434309770909,-1.0300554578917749,0.4684228390525667,0.0,2.571428571428572,1.2857142857142858,1.3459400793067586,0.2990977954015019,Klemen Prepelic,1.717997235888963,-0.3720571565822044
7239,Izan,Almansa,Forward,Real Madrid,RMB,Dubai Basketball,away,4.5,0,False,3.0,0.0200601846369935,10.40947883086869,8.92280041033844,0.0,0.1908340733438913,0.1828411623822904,0.2886597938144329,1.0300554578917749,0.5315771609474332,0.0,-0.4,-0.2,-0.2106315432189487,-0.0468070096042108,Izan Almansa,1.717997235888963,-1.9286287791079118
7241,Gur,Lavy,Forward,Maccabi Rapyd Tel Aviv,MTA,LDLC ASVEL Villeurbanne,away,4.5,0,False,,0.0,10.40947883086869,10.40947883086869,0.0,0.1908340733438913,0.1908340733438913,0.35,2.207866763999084,0.5674304054708343,0.0,,0.0,0.0,0.0,Gur Lavy,1.717997235888963,-1.717997235888963
9063,Amit,Ebo,Guard,Maccabi Rapyd Tel Aviv,MTA,LDLC ASVEL Villeurbanne,away,4.5,0,False,0.0,0.0,10.40947883086869,9.23235373026048,0.0,0.1908340733438913,0.1908340733438913,0.3104212860310421,2.207866763999084,0.5674304054708343,0.0,0.0,0.0,0.0,0.0,Amit Ebo,1.717997235888963,-1.717997235888963
11541,Alvaro,Cardenas,Guard,Valencia Basket,VBC,Besiktas Istanbul,away,4.5,0,False,,0.0,10.40947883086869,10.40947883086869,0.0,0.1908340733438913,0.1908340733438913,0.35,-5.474487877391549,0.3368357544305719,0.0,,0.0,0.0,0.0,Alvaro Cardenas,1.717997235888963,-1.717997235888963
3983,Dejan,Davidovac,Forward,Crvena Zvezda Meridianbet Belgrade,CZV,Zalgiris Kaunas,home,4.4,0,False,165.0,0.7930183364300826,10.168619933856109,14.404246397698664,3.601061599424666,0.2337696814799874,0.3197842225897394,0.2768327645184497,3.282008052676188,0.5996580697308518,1.1515626840697806,2.3548387096774195,1.7532006968736,1.858332791447401,0.4223483616925911,Dejan Davidovac,1.567209495497913,0.29112329594948805
3986,Niels,Giffey,Forward,FC Bayern Munich,BAY,Hapoel IBI Tel Aviv,away,4.4,0,False,194.0,0.8143019884540287,10.168619933856109,14.983427043164404,0.0,0.1908340733438913,0.2875862161861025,0.2107790805382894,-7.929190439127693,0.2709515302090216,0.0,3.4705882352941178,1.7352941176470589,1.7823121773009776,0.4050709493865858,Niels Giffey,1.567209495497913,0.21510268180306458
4007,Erkan,Yilmaz,Forward,Anadolu Efes Istanbul,EFS,FC Barcelona,away,4.4,0,False,50.0,0.4205306777638583,10.168619933856109,6.691778029448638,0.0,0.1908340733438913,0.2238379593295687,0.1987891583413536,-4.9394518773418845,0.3519883567666539,0.0,1.1515151515151516,0.5757575757575758,0.596023572056262,0.1354599027400595,Erkan Yilmaz,1.567209495497913,-0.971185923441651
4088,Berk,Ugurlu,Guard,Besiktas Istanbul,BJK,Valencia Basket,home,4.4,0,False,,0.0,10.168619933856109,10.168619933856109,0.0,0.1908340733438913,0.1908340733438913,0.35,5.474487877391549,0.6631642455694281,0.0,,0.0,0.0,0.0,Berk Ugurlu,1.567209495497913,-1.567209495497913
11524,Nikolaos,Plotas,Guard,Olympiacos Piraeus,OLY,Kosner Baskonia Vitoria-Gasteiz,away,4.4,0,False,,0.0,10.168619933856109,10.168619933856109,0.0,0.1908340733438913,0.1908340733438913,0.35,2.3190072770291024,0.5707897544536058,0.0,,0.0,0.0,0.0,Nikolaos Plotas,1.567209495497913,-1.567209495497913
11548,Tommaso,Baldasso,Guard,Virtus Bologna,VIR,Fenerbahce Tarfin Istanbul,away,4.4,0,False,7.0,0.0559347313512071,10.168619933856109,8.121140301001253,0.0,0.1908340733438913,0.1918640100215058,0.2503523233952961,-9.684472925970258,0.2281481152080165,0.0,,0.0,0.0,0.0,Tommaso Baldasso,1.567209495497913,-1.567209495497913
3867,Kostas,Papanikolaou,Forward,Olympiacos Piraeus,OLY,Kosner Baskonia Vitoria-Gasteiz,away,4.3,0,False,257.0,0.8799201400195373,9.925783419988942,19.42243546346991,9.076519047750402,0.2990537897564865,0.3201263906783074,0.746109661465225,2.3190072770291024,0.5707897544536058,2.9056332826792444,2.1578947368421053,2.531764009760675,2.6762745055072523,0.6223894198854075,Kostas Papanikolaou,1.4162065734698972,1.2600679320373551
4378,William,Rayman,Forward,Maccabi Rapyd Tel Aviv,MTA,LDLC ASVEL Villeurbanne,away,4.3,0,False,71.0,0.6220437621354464,9.925783419988942,11.253101116106146,0.0,0.1908340733438913,0.2301882270923817,0.3576189381751322,2.207866763999084,0.5674304054708343,0.0,2.763157894736842,1.381578947368421,1.459973937597944,0.3395288226971963,William Rayman,1.4162065734698972,0.043767364128046715
3997,Stefano,Tonut,Guard,Armani Olimpia Milan,MIL,Partizan Mozzart Bet Belgrade,away,4.2,0,False,90.0,0.6853110112038331,9.6809692892672,11.715099142280858,0.0,0.1908340733438913,0.2752852842317398,0.1892509604270496,-3.384110311249452,0.3973099472977317,0.0,0.7,0.35,0.3639058481554206,0.0866442495608144,Stefano Tonut,1.2649884698049192,-0.9010826216494986
4038,Dimitris,Moraitis,Guard,Panathinaikos AKTOR Athens,PAO,Paris Basketball,home,4.2,0,False,8.0,0.0324718228961038,9.6809692892672,5.449925648519748,0.0,0.1908340733438913,0.207705633674326,0.1842578029889248,4.8379134363799245,0.645108367576374,0.0,,0.0,0.0,0.0,Dimitris Moraitis,1.2649884698049192,-1.2649884698049192
7230,Awudu,Abass,Forward,Dubai Basketball,DUB,Real Madrid,home,4.2,0,False,69.0,0.648337525399888,9.6809692892672,12.139112251741834,0.0,0.1908340733438913,0.1994081220394402,0.2828445940164846,-1.0300554578917749,0.4684228390525667,0.0,2.0277777777777777,1.0138888888888888,1.0613817600706077,0.2527099428739541,Awudu Abass,1.2649884698049192,-0.2036067097343115
8623,Kosta,Kondic,Guard,Dubai Basketball,DUB,Real Madrid,home,4.2,0,False,16.0,0.28549525598621,9.6809692892672,9.552641057261548,0.0,0.1908340733438913,0.227451205585444,0.2581081081081081,-1.0300554578917749,0.4684228390525667,0.0,3.0,1.5,1.5702634258578851,0.3738722442518774,Kosta Kondic,1.2649884698049192,0.30527495605296595
11542,Lucas,Mari,Guard,Valencia Basket,VBC,Besiktas Istanbul,away,4.2,0,False,4.0,0.0154980986663457,9.6809692892672,8.770459641030481,0.0,0.1908340733438913,0.1857603827407591,0.3070947384526209,-5.474487877391549,0.3368357544305719,0.0,,0.0,0.0,0.0,Lucas Mari,1.2649884698049192,-1.2649884698049192
3916,Gabriele,Procida,Forward,Real Madrid,RMB,Dubai Basketball,away,4.1,0,False,86.0,0.6905512712913616,9.434177541690872,13.66063559111753,0.0,0.1908340733438913,0.3151131330216417,0.3039980127545971,1.0300554578917749,0.5315771609474332,0.0,0.5833333333333334,0.2916666666666667,0.3071710005276335,0.074919756226252,Gabriele Procida,1.1135551845029754,-0.8063841839753418
3976,Arijan,Lakic,Forward,Partizan Mozzart Bet Belgrade,PAR,Armani Olimpia Milan,home,4.0,0,False,36.0,0.4806785929549074,9.18540817725997,8.77952421288321,0.0,0.1908340733438913,0.1929066486286158,0.1762817972898011,3.384110311249452,0.6026900527022683,0.0,2.125,1.0625,1.126535818099616,0.281633954524904,Arijan Lakic,0.9619067175640685,0.16462910053554736
4000,Melih,Mahmutoglu,Guard,Fenerbahce Tarfin Istanbul,FBT,Virtus Bologna,home,4.0,0,False,144.0,0.6225822441931858,9.18540817725997,7.348029759234968,0.0,0.1908340733438913,0.2046480643063673,0.1512924657008029,9.684472925970258,0.7718518847919835,0.0,0.0666666666666666,0.0333333333333333,0.0359061729493066,0.0089765432373266,Melih Mahmutoglu,0.9619067175640685,-0.9260005446147619
4003,Enzo,Shahrvin,Center,Paris Basketball,PBB,Panathinaikos AKTOR Athens,away,4.0,0,False,17.0,0.2192871848024491,9.18540817725997,7.883908001114868,0.0,0.1908340733438913,0.2099553980477589,0.1864056986885028,-4.8379134363799245,0.354891632423626,0.0,1.8461538461538465,0.9230769230769232,0.9558361506852578,0.2389590376713144,Enzo Shahrvin,0.9619067175640685,-0.00607056687881069
4009,Ousmane,Diop,Center,Armani Olimpia Milan,MIL,Partizan Mozzart Bet Belgrade,away,4.0,0,False,20.0,0.2406620414547902,9.18540817725997,6.973616266199474,0.0,0.1908340733438913,0.2396254742778503,0.1734516255825706,-3.384110311249452,0.3973099472977317,0.0,0.5454545454545454,0.2727272727272727,0.2835629985626654,0.0708907496406663,Ousmane Diop,0.9619067175640685,-0.6783437190014031
4013,Diego,Flaccadori,Guard,Armani Olimpia Milan,MIL,Partizan Mozzart Bet Belgrade,away,4.0,0,False,90.0,0.5256557304384806,9.18540817725997,6.872241603717125,0.0,0.1908340733438913,0.1736298080837207,0.1471128670455687,-3.384110311249452,0.3973099472977317,0.0,0.4285714285714285,0.2142857142857142,0.2227994988706657,0.0556998747176664,Diego Flaccadori,0.9619067175640685,-0.7391072186934029
4016,Nicola,Akele,Forward,Armani Olimpia Milan,MIL,Partizan Mozzart Bet Belgrade,away,4.0,0,False,44.0,0.4642278915592787,9.18540817725997,8.655392285935164,0.0,0.1908340733438913,0.2553170137949797,0.2488268657934467,-3.384110311249452,0.3973099472977317,0.0,2.9655172413793105,1.4827586206896552,1.541670095633802,0.3854175239084504,Nicola Akele,0.9619067175640685,0.5797633780697335
4023,Mitar,Bosnjakovic,Guard,Partizan Mozzart Bet Belgrade,PAR,Armani Olimpia Milan,home,4.0,0,False,7.0,0.0779828646957141,9.18540817725997,4.567760214422385,0.0,0.1908340733438913,0.1842792528761994,0.19249343832021,3.384110311249452,0.6026900527022683,0.0,0.0,0.0,0.0,0.0,Mitar Bosnjakovic,0.9619067175640685,-0.9619067175640685
4026,Burakcan,Yildizli,Forward,Anadolu Efes Istanbul,EFS,FC Barcelona,away,4.0,0,False,1.0,0.0023740846840681,9.18540817725997,6.543704080341588,0.0,0.1908340733438913,0.1903810170931672,0.248055422668722,-4.9394518773418845,0.3519883567666539,0.0,0.0,0.0,0.0,0.0,Burakcan Yildizli,0.9619067175640685,-0.9619067175640685
4036,Mert,Eksioglu,Guard,Fenerbahce Tarfin Istanbul,FBT,Virtus Bologna,home,4.0,0,False,3.0,0.0172480139452506,9.18540817725997,7.837618870428028,0.0,0.1908340733438913,0.1875425645856268,0.2876515307170741,9.684472925970258,0.7718518847919835,0.0,,0.0,0.0,0.0,Mert Eksioglu,0.9619067175640685,-0.9619067175640685
4051,Georgios,Kalaitzakis,Guard,Panathinaikos AKTOR Athens,PAO,Paris Basketball,home,4.0,0,False,41.0,0.282723016923617,9.18540817725997,7.399969323689973,0.0,0.1908340733438913,0.1818060226768219,0.3573153970673924,4.8379134363799245,0.645108367576374,0.0,,0.0,0.0,0.0,Georgios Kalaitzakis,0.9619067175640685,-0.9619067175640685
4174,Guy,Palatin,Guard,Hapoel IBI Tel Aviv,HTA,FC Bayern Munich,home,4.0,0,False,10.0,0.0440151364270065,9.18540817725997,6.171750540820337,0.0,0.1908340733438913,0.1844659534058311,0.2137404580152671,7.929190439127693,0.7290484697909784,0.0,0.0666666666666666,0.0333333333333333,0.0357634948993032,0.0089408737248258,Guy Palatin,0.9619067175640685,-0.9261432226647653
4175,Oz,Blayzer,Forward,Hapoel IBI Tel Aviv,HTA,FC Bayern Munich,home,4.0,0,False,46.0,0.2957019260335639,9.18540817725997,7.86848225629623,0.0,0.1908340733438913,0.1947557867243656,0.2072658664436866,7.929190439127693,0.7290484697909784,0.0,0.0,0.0,0.0,0.0,Oz Blayzer,0.9619067175640685,-0.9619067175640685
4551,Bar,Timor,Guard,Hapoel IBI Tel Aviv,HTA,FC Bayern Munich,home,4.0,0,False,10.0,0.1094173548582211,9.18540817725997,5.530934209307983,0.0,0.1908340733438913,0.204018299998456,0.2066508313539192,7.929190439127693,0.7290484697909784,0.0,0.6923076923076923,0.3461538461538461,0.3713901393389184,0.0928475348347296,Bar Timor,0.9619067175640685,-0.5905165782251501
7245,David,Mutaf,Guard,Anadolu Efes Istanbul,EFS,FC Barcelona,away,4.0,0,False,8.0,0.0956398536443829,9.18540817725997,6.108373789509894,0.0,0.1908340733438913,0.1937221489199826,0.2121621621621621,-4.9394518773418845,0.3519883567666539,0.0,0.55,0.275,0.284679679811083,0.0711699199527707,David Mutaf,0.9619067175640685,-0.6772270377529855
7246,Stefan,Miljenovic,Guard,Crvena Zvezda Meridianbet Belgrade,CZV,Zalgiris Kaunas,home,4.0,0,False,13.0,0.1598212519713568,9.18540817725997,6.170957962277104,0.0,0.1908340733438913,0.2103253683309811,0.2672209026128266,3.282008052676188,0.5996580697308518,0.0,1.0769230769230769,0.5384615384615384,0.5707508191393535,0.1426877047848384,Stefan Miljenovic,0.9619067175640685,-0.391155898424715
7248,Nemanja,Dangubic,Forward,Dubai Basketball,DUB,Real Madrid,home,4.0,0,False,44.0,0.3468486626011565,9.18540817725997,7.879182472429007,0.0,0.1908340733438913,0.1873605927103671,0.2122834583065801,-1.0300554578917749,0.4684228390525667,0.0,0.3076923076923077,0.1538461538461538,0.1610526590623472,0.0402631647655868,Nemanja Dangubic,0.9619067175640685,-0.8008540585017213
7250,Ioannis,Kouzeloglou,Forward,Panathinaikos AKTOR Athens,PAO,Paris Basketball,home,4.0,0,False,3.0,0.0347005057767141,9.18540817725997,8.465270521874618,0.0,0.1908340733438913,0.1842120344794277,0.2991452991452991,4.8379134363799245,0.645108367576374,0.0,0.0,0.0,0.0,0.0,Ioannis Kouzeloglou,0.9619067175640685,-0.9619067175640685
7254,Itay,Segev,Center,Hapoel IBI Tel Aviv,HTA,FC Bayern Munich,home,4.0,0,False,1.0,0.0062996462012698,9.18540817725997,8.259157289513647,0.0,0.1908340733438913,0.1854086596950329,0.3104212860310421,7.929190439127693,0.7290484697909784,0.0,-0.6666666666666666,-0.3333333333333333,-0.3576349489930326,-0.0894087372482581,Itay Segev,0.9619067175640685,-1.3195416665571011
7255,Omiros,Netzipoglou,Guard,Olympiacos Piraeus,OLY,Kosner Baskonia Vitoria-Gasteiz,away,4.0,0,False,4.0,0.029958126525795,9.18540817725997,6.680119144072664,0.0,0.1908340733438913,0.1768716861046914,0.2385008517887563,2.3190072770291024,0.5707897544536058,0.0,-0.3636363636363636,-0.1818181818181818,-0.1921961773537019,-0.0480490443384254,Omiros Netzipoglou,0.9619067175640685,-1.1541028949177705
8644,Stefan,Joksimovic,Forward,Kosner Baskonia Vitoria-Gasteiz,KBA,Olympiacos Piraeus,home,4.0,0,False,11.0,0.1219356927652988,9.18540817725997,7.705496410473412,0.0,0.1908340733438913,0.1582351551431113,0.3349436392914654,-2.3190072770291024,0.4292102455463942,0.0,-0.3846153846153846,-0.1923076923076923,-0.2005617354912768,-0.0501404338728192,Stefan Joksimovic,0.9619067175640685,-1.1624684530553453
8681,Aleksej,Nedeljkovic,Forward,Crvena Zvezda Meridianbet Belgrade,CZV,Zalgiris Kaunas,home,4.0,0,False,0.0,0.0,9.18540817725997,7.575594372997913,0.0,0.1908340733438913,0.1908340733438913,0.2886597938144329,3.282008052676188,0.5996580697308518,0.0,0.0,0.0,0.0,0.0,Aleksej Nedeljkovic,0.9619067175640685,-0.9619067175640685
8770,Ruzgar,Fenemen,Guard,Anadolu Efes Istanbul,EFS,FC Barcelona,away,4.0,0,False,0.0,0.0,9.18540817725997,8.810943095693016,0.0,0.1908340733438913,0.1908340733438913,0.3357314148681055,-4.9394518773418845,0.3519883567666539,0.0,0.0,0.0,0.0,0.0,Ruzgar Fenemen,0.9619067175640685,-0.9619067175640685
9061,Matteo,Baiocchi,Guard,Virtus Bologna,VIR,Fenerbahce Tarfin Istanbul,away,4.0,0,False,5.0,0.0952051528066547,9.18540817725997,8.701245865582507,0.0,0.1908340733438913,0.1611295519287546,0.2697495183044316,-9.684472925970258,0.2281481152080165,0.0,-0.8571428571428571,-0.4285714285714285,-0.4383492049374863,-0.1095873012343715,Matteo Baiocchi,0.9619067175640685,-1.4002559225015547
9062,Kilian,Fischer,Forward,FC Bayern Munich,BAY,Hapoel IBI Tel Aviv,away,4.0,0,False,0.0,0.0,9.18540817725997,8.465813988258038,0.0,0.1908340733438913,0.1908340733438913,0.3225806451612903,-7.929190439127693,0.2709515302090216,0.0,0.0,0.0,0.0,0.0,Kilian Fischer,0.9619067175640685,-0.9619067175640685
11496,Andrej,Bjelic,Guard,Crvena Zvezda Meridianbet Belgrade,CZV,Zalgiris Kaunas,home,4.0,0,False,,0.0,9.18540817725997,9.18540817725997,0.0,0.1908340733438913,0.1908340733438913,0.35,3.282008052676188,0.5996580697308518,0.0,,0.0,0.0,0.0,Andrej Bjelic,0.9619067175640685,-0.9619067175640685
11497,Vojin,Medarevic,Center,Crvena Zvezda Meridianbet Belgrade,CZV,Zalgiris Kaunas,home,4.0,0,False,,0.0,9.18540817725997,9.18540817725997,0.0,0.1908340733438913,0.1908340733438913,0.35,3.282008052676188,0.5996580697308518,0.0,,0.0,0.0,0.0,Vojin Medarevic,0.9619067175640685,-0.9619067175640685
11533,Uros,Mijailovic,Forward,Partizan Mozzart Bet Belgrade,PAR,Armani Olimpia Milan,home,4.0,0,False,5.0,0.0252698784024173,9.18540817725997,6.426429256463557,0.0,0.1908340733438913,0.173583910465084,0.2317880794701987,3.384110311249452,0.6026900527022683,0.0,-0.5,-0.25,-0.2650672513175567,-0.0662668128293891,Uros Mijailovic,0.9619067175640685,-1.2269739688816252
